2018-07-02,1144,0.4,NR,Desi (Whole),0,7500,7500
2018-07-02,511,4.9,NR,Desi (Whole),0,7000,7000
2018-07-02,899,0.3,NR,Desi (Whole),0,7000,7000
2018-07-02,996,0.5,NR,Desi (Whole),0,6400,6400
2018-07-03,1144,0.5,NR,Desi (Whole),0,7500,7500
2018-07-03,511,5.3,NR,Desi (Whole),0,7000,7000
2018-07-03,899,0.4,NR,Desi (Whole),0,7000,7000
2018-07-04,1144,0.4,NR,Desi (Whole),0,7500,7500
2018-07-04,511,5.1,NR,Desi (Whole),0,7000,7000
2018-07-04,899,0.3,NR,Desi (Whole),0,7000,7000
2018-07-04,996,0.5,NR,Desi (Whole),0,6400,6400
2018-07-05,1144,0.5,NR,Desi (Whole),0,7500,7500
2018-07-05,511,4.9,NR,Desi (Whole),0,7000,7000
2018-07-05,899,0.4,NR,Desi (Whole),0,7000,7000
2018-07-05,996,0.4,NR,Desi (Whole),0,6400,6400
2018-07-06,996,0.7,NR,Desi (Whole),0,7000,7000
2018-07-07,1144,0.5,NR,Desi (Whole),0,7500,7500
2018-07-07,511,5.1,NR,Desi (Whole),0,7000,7000
2018-07-07,899,0.4,NR,Desi (Whole),0,7000,7000
2018-07-07,996,0.5,NR,Desi (Whole),0,7000,7000
2018-07-09,1144,0.4,NR,Desi (Whole),0,7500,7500
2018-07-09,511,4.9,NR,Desi (Whole),0,7000,7000
2018-07-09,899,0.5,NR,Desi (Whole),0,7000,7000
2018-07-09,996,0.4,NR,Desi (Whole),0,7000,7000
2018-07-10,1144,0.4,NR,Desi (Whole),0,7500,7500
2018-07-10,511,5.3,NR,Desi (Whole),0,7000,7000
2018-07-10,899,0.4,NR,Desi (Whole),0,7000,7000
2018-07-10,996,0.7,NR,Desi (Whole),0,7000,7000
2018-07-11,1144,0.4,NR,Desi (Whole),0,7500,7500
2018-07-11,511,5.1,NR,Desi (Whole),0,7000,7000
2018-07-11,899,0.5,NR,Desi (Whole),0,7000,7000
2018-07-11,996,0.7,NR,Desi (Whole),0,7000,7000
2018-07-16,1144,0.4,NR,Desi (Whole),0,7500,7500
2018-07-16,511,5.1,NR,Desi (Whole),0,7000,7000
2018-07-16,996,0.5,NR,Desi (Whole),0,6500,6500
2018-07-17,1144,0.4,NR,Desi (Whole),0,7500,7500
2018-07-17,511,5.3,NR,Desi (Whole),0,7000,7000
2018-07-17,899,0.3,NR,Desi (Whole),0,7000,7000
2018-07-17,996,0.7,NR,Desi (Whole),0,6500,6500
2018-07-18,1144,0.5,NR,Desi (Whole),0,7500,7500
2018-07-18,511,5.1,NR, ,0,0,0
2018-07-18,899,0.4,NR,Desi (Whole),0,7000,7000
2018-07-18,995,0.6,NR,Desi (Whole),0,8500,8500
2018-07-18,996,0.4,NR,Desi (Whole),0,6500,6500
2018-07-19,1144,0.4,NR,Desi (Whole),0,7500,7500
2018-07-19,511,5.1,NR,Desi (Whole),0,6000,6000
2018-07-19,899,0.3,NR,Desi (Whole),0,7000,7000
2018-07-19,996,0.5,NR,Desi (Whole),0,6500,6500
2018-07-20,1144,0.5,NR,Desi (Whole),0,7500,7500
2018-07-20,511,5.1,NR,Desi (Whole),0,6000,6000
2018-07-20,899,0.5,NR,Desi (Whole),0,7000,7000
2018-07-20,996,0.5,NR,Desi (Whole),0,6500,6500
2018-07-21,1144,0.4,NR,Desi (Whole),0,7500,7500
2018-07-21,511,5.1,NR,Desi (Whole),0,6000,6000
2018-07-21,899,0.3,NR,Desi (Whole),0,7000,7000
2018-07-21,996,0.5,NR,Desi (Whole),0,6500,6500
2018-07-23,1144,0.5,NR,Desi (Whole),0,7500,7500
2018-07-23,511,4.9,NR,Desi (Whole),0,6000,6000
2018-07-23,899,0.4,NR,Desi (Whole),0,7000,7000
2018-07-23,996,0.4,NR,Desi (Whole),0,6500,6500
2018-07-24,1144,0.4,NR,Desi (Whole),0,7500,7500
2018-07-24,511,5.3,NR,Desi (Whole),0,6000,6000
2018-07-24,899,0.3,NR,Desi (Whole),0,7000,7000
2018-07-24,995,0.6,NR,Desi (Whole),0,8500,8500
2018-07-24,996,0.6,NR,Desi (Whole),0,6500,6500
2018-07-25,996,0.6,NR,Desi (Whole),0,6300,6300
2018-07-26,1144,0.4,NR,Desi (Whole),0,7500,7500
2018-07-26,511,4.9,NR,Desi (Whole),0,6000,6000
2018-07-26,899,0.3,NR,Desi (Whole),0,7000,7000
2018-07-27,1144,0.5,NR,Desi (Whole),0,7500,7500
2018-07-27,511,5.3,NR,Desi (Whole),0,6000,6000
2018-07-27,899,0.2,NR,Desi (Whole),0,7000,7000
2018-07-27,996,0.4,NR,Desi (Whole),0,6300,6300
2018-07-28,1144,0.4,NR,Desi (Whole),0,7500,7500
2018-07-28,511,5.1,NR,Desi (Whole),0,6000,6000
2018-07-28,996,0.7,NR,Desi (Whole),0,6300,6300
2018-07-30,1144,0.5,NR,Desi (Whole),0,7500,7500
2018-07-30,511,4.9,NR,Desi (Whole),0,6000,6000
2018-07-30,899,0.4,NR,Desi (Whole),0,7000,7000
2018-07-30,996,0.5,NR,Desi (Whole),0,6300,6300
2018-07-31,1144,0.4,NR,Desi (Whole),0,7500,7500
2018-07-31,511,4.7,NR,Desi (Whole),0,6000,6000
2018-07-31,899,0.4,NR,Desi (Whole),0,7000,7000
2018-07-31,996,0.7,NR,Desi (Whole),0,6300,6300
2018-08-01,511,5.3,NR,Desi (Whole),0,6000,6000
2018-08-01,899,0.3,NR,Desi (Whole),0,7000,7000
2018-08-03,1144,0.5,NR,Desi (Whole),0,7500,7500
2018-08-03,996,0.5,NR,Desi (Whole),0,6300,6300
2018-08-04,1144,0.4,NR,Desi (Whole),0,7500,7500
2018-08-04,511,5.4,NR,Desi (Whole),0,6000,6000
2018-08-04,899,0.4,NR,Desi (Whole),0,7000,7000
2018-08-04,996,0.5,NR,Desi (Whole),0,6300,6300
2018-08-06,1144,0.5,NR,Desi (Whole),0,7500,7500
2018-08-14,1144,0.4,NR,Desi (Whole),0,7500,7500
2018-08-14,511,5.2,NR,Desi (Whole),0,6000,6000
2018-08-14,899,0.4,NR,Desi (Whole),0,7000,7000
2018-08-14,996,0.6,NR,Desi (Whole),0,7000,7000
2018-08-16,1144,0.5,NR,Desi (Whole),0,7500,7500
2018-08-16,511,5.4,NR,Desi (Whole),0,6000,6000
2018-08-16,899,0.3,NR,Desi (Whole),0,7000,7000
2018-08-16,996,0.6,NR,Desi (Whole),0,7000,7000
2018-08-18,1144,0.4,NR,Desi (Whole),0,7500,7500
2018-08-18,511,5.4,NR,Desi (Whole),0,6000,6000
2018-08-18,899,0.4,NR,Desi (Whole),0,7000,7000
2018-08-18,996,0.4,NR,Desi (Whole),0,6500,6500
2018-08-20,1144,0.5,NR,Desi (Whole),0,7500,7500
2018-08-20,511,5.2,NR,Desi (Whole),0,6000,6000
2018-08-20,899,0.3,NR,Desi (Whole),0,7000,7000
2018-08-20,995,0.6,NR,Desi (Whole),0,8500,8500
2018-08-20,996,0.5,NR,Desi (Whole),0,6500,6500
2018-08-21,1144,0.4,NR,Desi (Whole),0,7500,7500
2018-08-21,511,5.4,NR,Desi (Whole),0,6000,6000
2018-08-21,899,0.4,NR,Desi (Whole),0,7000,7000
2018-08-21,995,0.5,NR,Desi (Whole),0,8500,8500
2018-08-21,996,0.5,NR,Desi (Whole),0,6500,6500
2018-08-28,1144,0.5,NR,Desi (Whole),0,7500,7500
2018-09-01,1144,0.5,NR,Desi (Whole),0,7500,7500
2018-09-01,511,5,NR,Desi (Whole),0,6000,6000
2018-09-01,899,0.4,NR,Desi (Whole),0,7000,7000
2018-09-01,996,0.7,NR,Desi (Whole),0,6500,6500
2018-09-04,1144,0.4,NR,Desi (Whole),0,7500,7500
2018-09-04,511,5.2,NR,Desi (Whole),0,6000,6000
2018-09-04,899,0.3,NR,Desi (Whole),0,7000,7000
2018-09-04,996,0.5,NR,Desi (Whole),0,6500,6500
2018-09-05,1144,0.5,NR,Desi (Whole),0,7500,7500
2018-09-05,511,5.4,NR,Desi (Whole),0,6000,6000
2018-09-05,899,0.4,NR,Desi (Whole),0,7000,7000
2018-09-05,996,0.7,NR,Desi (Whole),0,6500,6500
2018-09-06,1144,0.4,NR,Desi (Whole),0,7500,7500
2018-09-06,511,5.2,NR,Desi (Whole),0,6000,6000
2018-09-06,899,0.3,NR,Desi (Whole),0,7000,7000
2018-09-06,996,0.5,NR,Desi (Whole),0,6500,6500
2018-09-07,1144,0.5,NR,Desi (Whole),0,7500,7500
2018-09-07,511,5,NR,Desi (Whole),0,6000,6000
2018-09-07,899,0.4,NR,Desi (Whole),0,6700,6700
2018-09-07,996,0.7,NR,Desi (Whole),0,6800,6800
2018-09-10,1144,0.4,NR,Desi (Whole),0,7500,7500
2018-09-10,511,5.2,NR,Desi (Whole),0,6000,6000
2018-09-10,899,0.3,NR,Desi (Whole),0,6700,6700
2018-09-10,996,0.5,NR,Desi (Whole),0,6800,6800
2018-09-11,1144,0.5,NR,Desi (Whole),0,7500,7500
2018-10-01,1144,0.4,NR, ,0,0,0
2018-10-01,511,5.4,NR,Desi (Whole),0,6000,6000
2018-10-01,899,0.4,NR, ,0,0,0
2018-10-01,996,0.4,NR,Desi (Whole),0,7500,7500
2018-10-03,1144,0.4,NR, ,0,0,0
2018-10-03,511,5.2,NR, ,0,0,0
2018-10-03,899,0.5,NR, ,0,0,0
2018-10-03,996,0.6,NR, ,0,0,0
2018-10-04,1144,0.4,NR, ,0,0,0
2018-10-04,511,5.4,NR, ,0,0,0
2018-10-04,899,0.4,NR, ,0,0,0
2018-10-04,996,0.6,NR, ,0,0,0
2018-10-05,1144,0.5,NR,Desi (Whole),0,7500,7500
2018-10-05,511,5.2,NR, ,0,0,0
2018-10-05,899,0.3,NR, ,0,0,0
2018-10-05,996,0.5,NR, ,0,0,0
2018-10-06,1144,0.4,NR,Desi (Whole),0,7500,7500
2018-10-06,511,5.4,NR,Desi (Whole),0,6000,6000
2018-10-06,899,0.5,NR,Desi (Whole),0,6500,6500
2018-10-06,996,0.4,NR, ,0,0,0
2018-10-08,1144,0.5,NR,Desi (Whole),0,7500,7500
2018-10-08,511,5.2,NR,Desi (Whole),0,6000,6000
2018-10-08,899,0.4,NR,Desi (Whole),0,6500,6500
2018-10-08,996,0.4,NR, ,0,0,0
2018-10-09,1144,0.4,NR,Desi (Whole),0,7500,7500
2018-10-09,511,5.4,NR,Desi (Whole),0,6000,6000
2018-10-09,899,0.5,NR,Desi (Whole),0,6500,6500
2018-10-09,996,0.5,NR,Desi (Whole),0,7500,7500
2018-10-11,1144,0.5,NR,Desi (Whole),0,7500,7500
2018-10-11,511,5.6,NR, ,0,0,0
2018-10-11,899,0.4,NR,Desi (Whole),0,6500,6500
2018-10-11,996,0.7,NR,Desi (Whole),0,7500,7500
2018-10-12,1144,0.4,NR, ,0,0,0
2018-10-12,511,5.4,NR, ,0,0,0
2018-10-12,899,0.4,NR,Desi (Whole),0,6500,6500
2018-10-12,996,0.5,NR,Desi (Whole),0,7500,7500
2018-10-16,1144,0.5,NR, ,0,0,0
2018-10-16,511,5.2,NR, ,0,0,0
2018-10-16,899,0.3,NR,Desi (Whole),0,6500,6500
2018-10-16,995,0.7,NR,Desi (Whole),0,7500,7500
2018-10-16,996,0.5,NR,Desi (Whole),0,7200,7200
2018-10-18,1144,0.4,NR,Desi (Whole),0,7500,7500
2018-10-18,511,5.4,NR,Desi (Whole),0,6000,6000
2018-10-18,899,0.4,NR,Desi (Whole),0,6500,6500
2018-10-18,996,0.7,NR,Desi (Whole),0,7200,7200
2018-10-19,1144,0.5,NR,Desi (Whole),0,7500,7500
2018-10-19,511,5.2,NR,Desi (Whole),0,6000,6000
2018-10-19,899,0.3,NR,Desi (Whole),0,6500,6500
2018-10-19,996,0.5,NR,Desi (Whole),0,7200,7200
2018-10-20,1144,0.4,NR, ,0,0,0
2018-10-20,511,5.4,NR, ,0,0,0
2018-10-20,899,0.4,NR,Desi (Whole),0,6500,6500
2018-10-20,996,0.7,NR,Desi (Whole),0,7200,7200
2018-10-22,1144,0.5,NR, ,0,0,0
2018-10-22,511,5.2,NR, ,0,0,0
2018-10-22,899,0.3,NR,Desi (Whole),0,6500,6500
2018-10-22,996,0.5,NR,Desi (Whole),0,7200,7200
2018-10-23,1144,0.4,NR,Desi (Whole),0,7500,7500
2018-10-23,511,5.4,NR,Desi (Whole),0,6000,6000
2018-10-23,899,0.4,NR,Desi (Whole),0,6500,6500
2018-10-23,996,0.7,NR,Desi (Whole),0,7200,7200
2018-10-25,1144,0.5,NR,Desi (Whole),0,7500,7500
2018-10-25,511,5.2,NR,Desi (Whole),0,6000,6000
2018-10-25,899,0.4,NR,Desi (Whole),0,6500,6500
2018-10-25,996,0.5,NR,Desi (Whole),0,7200,7200
2018-10-26,1144,0.4,NR,Desi (Whole),0,7500,7500
2018-10-26,511,5.4,NR,Desi (Whole),0,6000,6000
2018-10-26,899,0.5,NR,Desi (Whole),0,6500,6500
2018-10-26,995,0.8,NR,Desi (Whole),0,7500,7500
2018-10-26,996,0.5,NR,Desi (Whole),0,7200,7200
2018-10-27,1144,0.5,NR,Desi (Whole),0,7500,7500
2018-10-27,511,5.2,NR,Desi (Whole),0,6000,6000
2018-10-27,899,0.4,NR,Desi (Whole),0,6500,6500
2018-10-27,996,0.7,NR,Desi (Whole),0,7300,7300
2018-10-29,1144,0.4,NR,Desi (Whole),0,7500,7500
2018-10-29,511,5,NR,Desi (Whole),0,6000,6000
2018-10-29,899,0.3,NR,Desi (Whole),0,6500,6500
2018-10-29,995,0.8,NR, ,0,0,0
2018-10-29,996,0.5,NR,Desi (Whole),0,7300,7300
2018-10-30,1144,0.5,NR, ,0,0,0
2018-10-30,511,5.2,NR,Desi (Whole),0,6000,6000
2018-10-30,899,0.4,NR, ,0,0,0
2018-10-30,996,0.4,NR, ,0,0,0
2018-10-31,1144,0.4,NR, ,0,0,0
2018-10-31,511,5.4,NR,Desi (Whole),0,6000,6000
2018-10-31,899,0.3,NR, ,0,0,0
2018-10-31,996,0.6,NR, ,0,0,0
2018-12-01,1144,0.4,NR, ,0,0,0
2018-12-01,511,5.4,NR, ,0,0,0
2018-12-01,899,0.4,NR,Desi (Whole),0,6500,6500
2018-12-01,996,0.4,NR,Desi (Whole),0,7500,7500
2018-12-03,1144,0.5,NR, ,0,0,0
2018-12-03,511,5.6,NR, ,0,0,0
2018-12-03,899,0.3,NR,Desi (Whole),0,6500,6500
2018-12-03,996,0.7,NR,Desi (Whole),0,7500,7500
2018-12-04,1144,0.4,NR, ,0,0,0
2018-12-04,511,5.4,NR, ,0,0,0
2018-12-04,899,0.4,NR, ,0,0,0
2018-12-04,996,0.7,NR, ,0,0,0
2018-12-05,1144,0.5,NR, ,0,0,0
2018-12-05,511,5.2,NR, ,0,0,0
2018-12-05,899,0.3,NR, ,0,0,0
2018-12-05,996,0.5,NR, ,0,0,0
2018-12-06,1144,0.4,NR,Desi (Whole),0,7500,7500
2018-12-06,511,5.4,NR,Desi (Whole),0,6000,6000
2018-12-06,899,0.4,NR, ,0,0,0
2018-12-06,996,0.6,NR,Desi (Whole),0,7500,7500
2018-12-07,1144,0.5,NR,Desi (Whole),0,7500,7500
2018-12-07,511,5.2,NR,Desi (Whole),0,6000,6000
2018-12-07,899,0.3,NR,Desi (Whole),0,6500,6500
2018-12-07,996,0.6,NR,Desi (Whole),0,7500,7500
2018-12-10,1144,0.4,NR,Desi (Whole),0,7500,7500
2018-12-10,511,5.4,NR,Desi (Whole),0,6000,6000
2018-12-10,899,0.4,NR,Desi (Whole),0,6500,6500
2018-12-10,996,0.5,NR,Desi (Whole),0,7000,7000
2018-12-11,511,5.6,NR,Desi (Whole),0,6000,6000
2018-12-11,899,0.3,NR,Desi (Whole),0,6500,6500
2018-12-13,1144,0.4,NR,Desi (Whole),0,7500,7500
2018-12-13,511,5.4,NR,Desi (Whole),0,6000,6000
2018-12-13,899,0.4,NR,Desi (Whole),0,6500,6500
2018-12-13,996,0.5,NR,Desi (Whole),0,7000,7000
2018-12-14,1144,0.5,NR,Desi (Whole),0,7500,7500
2018-12-14,511,5.6,NR,Desi (Whole),0,6000,6000
2018-12-14,899,0.3,NR,Desi (Whole),0,6500,6500
2018-12-14,996,0.6,NR,Desi (Whole),0,7000,7000
2018-12-15,1144,0.5,NR,Desi (Whole),0,7500,7500
2018-12-15,511,5.4,NR,Desi (Whole),0,6000,6000
2018-12-15,899,0.4,NR,Desi (Whole),0,6500,6500
2018-12-15,996,0.5,NR,Desi (Whole),0,7000,7000
2018-12-17,1144,0.5,NR,Desi (Whole),0,7500,7500
2018-12-17,511,5.2,NR,Desi (Whole),0,6000,6000
2018-12-17,899,0.5,NR,Desi (Whole),0,6500,6500
2018-12-17,996,0.7,NR,Desi (Whole),0,7000,7000
2018-12-18,1144,0.4,NR,Desi (Whole),0,7500,7500
2018-12-18,511,5.4,NR,Desi (Whole),0,6000,6000
2018-12-18,899,0.4,NR,Desi (Whole),0,6500,6500
2018-12-19,1144,0.5,NR,Desi (Whole),0,7500,7500
2018-12-19,511,5.2,NR,Desi (Whole),0,6000,6000
2018-12-19,899,0.4,NR,Desi (Whole),0,6500,6500
2018-12-20,1144,0.4,NR,Desi (Whole),0,7500,7500
2018-12-20,899,0.3,NR,Desi (Whole),0,6500,6500
2019-01-02,511,5.6,NR,Desi (Whole),0,6000,6000
2019-01-02,899,0.3,NR,Desi (Whole),0,6500,6500
2019-01-02,996,0.7,NR,Desi (Whole),0,7500,7500
2019-01-03,1144,0.4,NR,Desi (Whole),0,7500,7500
2019-01-03,899,0.4,NR,Desi (Whole),0,6500,6500
2019-01-03,996,0.7,NR,Desi (Whole),0,7500,7500
2019-01-04,1144,0.5,NR,Desi (Whole),0,7500,7500
2019-01-04,899,0.5,NR,Desi (Whole),0,6500,6500
2019-01-05,1144,0.4,NR,Desi (Whole),0,7500,7500
2019-01-05,899,0.4,NR,Desi (Whole),0,6500,6500
2019-01-08,1144,0.5,NR,Desi (Whole),0,7500,7500
2019-01-08,511,5,NR,Desi (Whole),0,6000,6000
2019-01-08,899,0.6,NR,Desi (Whole),0,6500,6500
2019-01-08,996,0.5,NR,Desi (Whole),0,6500,6500
2019-01-10,1144,0.4,NR,Desi (Whole),0,7500,7500
2019-01-10,511,5.2,NR,Desi (Whole),0,6000,6000
2019-01-10,899,0.5,NR,Desi (Whole),0,6500,6500
2019-01-10,996,0.4,NR,Desi (Whole),0,6500,6500
2019-01-11,1144,0.5,NR,Desi (Whole),0,7500,7500
2019-01-11,511,5,NR,Desi (Whole),0,6000,6000
2019-01-11,899,0.4,NR,Desi (Whole),0,6500,6500
2019-01-11,995,1,NR,Desi (Whole),0,7500,7500
2019-01-11,996,0.6,NR,Desi (Whole),0,7500,7500
2019-01-14,1144,0.4,NR,Desi (Whole),0,7500,7500
2019-01-14,511,5.2,NR,Desi (Whole),0,6000,6000
2019-01-14,899,0.4,NR,Desi (Whole),0,6500,6500
2019-01-14,996,0.5,NR,Desi (Whole),0,7500,7500
2019-01-15,1144,0.5,NR,Desi (Whole),0,7500,7500
2019-01-15,511,5,NR,Desi (Whole),0,6000,6000
2019-01-15,899,0.4,NR,Desi (Whole),0,6500,6500
2019-01-15,996,0.5,NR,Desi (Whole),0,7500,7500
2019-01-16,1144,0.4,NR,Desi (Whole),0,7500,7500
2019-01-16,511,5.2,NR,Desi (Whole),0,6000,6000
2019-01-16,899,0.3,NR,Desi (Whole),0,6500,6500
2019-01-16,996,0.7,NR,Desi (Whole),0,7500,7500
2019-01-17,1144,0.5,NR,Desi (Whole),0,7500,7500
2019-01-17,511,5.4,NR,Desi (Whole),0,6000,6000
2019-01-17,899,0.4,NR,Desi (Whole),0,6500,6500
2019-01-17,996,0.5,NR,Desi (Whole),0,7500,7500
2019-01-21,1144,0.4,NR,Desi (Whole),0,7500,7500
2019-01-21,511,5.2,NR,Desi (Whole),0,6000,6000
2019-01-21,899,0.3,NR,Desi (Whole),0,6500,6500
2019-01-21,996,0.5,NR,Desi (Whole),0,7500,7500
2019-01-22,1144,0.5,NR,Desi (Whole),0,7500,7500
2019-01-22,511,5,NR,Desi (Whole),0,6000,6000
2019-01-22,899,0.4,NR,Desi (Whole),0,6500,6500
2019-01-22,996,0.7,NR,Desi (Whole),0,7500,7500
2019-01-23,1144,0.4,NR,Desi (Whole),0,7500,7500
2019-01-23,511,5.2,NR,Desi (Whole),0,6000,6000
2019-01-23,899,0.3,NR,Desi (Whole),0,6500,6500
2019-01-23,996,0.5,NR,Desi (Whole),0,7500,7500
2019-01-24,1144,0.5,NR,Desi (Whole),0,7500,7500
2019-01-24,511,5.4,NR,Desi (Whole),0,6000,6000
2019-01-24,899,0.4,NR,Desi (Whole),0,6500,6500
2019-01-24,996,0.6,NR,Desi (Whole),0,7500,7500
2019-01-25,1144,0.4,NR,Desi (Whole),0,7500,7500
2019-01-25,511,5.2,NR,Desi (Whole),0,6000,6000
2019-01-25,899,0.3,NR,Desi (Whole),0,6500,6500
2019-01-25,995,0.8,NR,Desi (Whole),0,7500,7500
2019-01-25,996,0.6,NR,Desi (Whole),0,7500,7500
2019-01-28,1144,0.5,NR,Desi (Whole),0,7500,7500
2019-01-28,511,5.4,NR,Desi (Whole),0,6000,6000
2019-01-28,899,0.4,NR,Desi (Whole),0,6500,6500
2019-01-28,996,0.6,NR,Desi (Whole),0,7500,7500
2019-01-29,1144,0.4,NR,Desi (Whole),0,7500,7500
2019-01-29,511,5.2,NR,Desi (Whole),0,6000,6000
2019-01-29,899,0.3,NR,Desi (Whole),0,6500,6500
2019-01-29,996,0.4,NR,Desi (Whole),0,7500,7500
2019-01-30,1144,0.5,NR,Desi (Whole),0,7500,7500
2019-01-30,511,5,NR,Desi (Whole),0,6000,6000
2019-01-30,899,0.5,NR,Desi (Whole),0,6500,6500
2019-01-30,996,0.4,NR,Desi (Whole),0,7500,7500
2019-01-31,1144,0.4,NR,Desi (Whole),0,7500,7500
2019-02-01,1144,0.5,NR,Desi (Whole),0,7500,7500
2019-02-01,511,5.2,NR,Desi (Whole),0,6000,6000
2019-02-01,899,0.4,NR,Desi (Whole),0,6500,6500
2019-02-01,995,0.7,NR,Desi (Whole),0,7500,7500
2019-02-01,996,0.5,NR,Desi (Whole),0,7500,7500
2019-02-02,1144,0.4,NR,Desi (Whole),0,7500,7500
2019-02-02,511,5,NR,Desi (Whole),0,6000,6000
2019-02-02,899,0.3,NR,Desi (Whole),0,6500,6500
2019-02-02,996,0.7,NR,Desi (Whole),0,7500,7500
2019-02-04,1144,0.5,NR,Desi (Whole),0,7500,7500
2019-02-04,511,5.2,NR,Desi (Whole),0,6000,6000
2019-02-04,899,0.4,NR,Desi (Whole),0,6500,6500
2019-02-04,996,0.5,NR,Desi (Whole),0,7500,7500
2019-02-05,1144,0.4,NR,Desi (Whole),0,7500,7500
2019-02-05,511,5.4,NR,Desi (Whole),0,6000,6000
2019-02-05,899,0.3,NR,Desi (Whole),0,6500,6500
2019-02-05,996,0.4,NR,Desi (Whole),0,7500,7500
2019-02-06,1144,0.5,NR, ,0,0,0
2019-02-06,511,5.2,NR,Desi (Whole),0,6000,6000
2019-02-06,899,0.4,NR,Desi (Whole),0,6500,6500
2019-02-06,996,0.4,NR,Desi (Whole),0,7500,7500
2019-02-07,1144,0.4,NR,Desi (Whole),0,7500,7500
2019-02-07,511,5.4,NR,Desi (Whole),0,6000,6000
2019-02-07,899,0.5,NR,Desi (Whole),0,6500,6500
2019-02-07,996,0.5,NR,Desi (Whole),0,7500,7500
2019-02-08,511,5.2,NR,Desi (Whole),0,6000,6000
2019-02-08,899,0.4,NR,Desi (Whole),0,6500,6500
2019-02-14,1144,0.4,NR,Desi (Whole),0,7500,7500
2019-02-14,511,5.4,NR,Desi (Whole),0,6000,6000
2019-02-14,899,0.5,NR,Desi (Whole),0,6500,6500
2019-02-14,996,0.7,NR,Desi (Whole),0,7500,7500
2019-02-16,1144,0.5,NR,Desi (Whole),0,7500,7500
2019-02-16,511,5.2,NR, ,0,0,0
2019-02-16,899,0.4,NR,Desi (Whole),0,6500,6500
2019-02-16,995,0.8,NR,Desi (Whole),0,7500,7500
2019-02-16,996,0.5,NR,Desi (Whole),0,7500,7500
2019-02-18,1144,0.4,NR,Desi (Whole),0,7500,7500
2019-02-18,511,5.4,NR, ,0,0,0
2019-02-18,899,0.5,NR,Desi (Whole),0,6500,6500
2019-02-18,996,0.8,NR,Desi (Whole),0,7500,7500
2019-02-19,1144,0.5,NR,Desi (Whole),0,7500,7500
2019-02-19,511,5.2,NR,Desi (Whole),0,6000,6000
2019-02-19,899,0.3,NR,Desi (Whole),0,6500,6500
2019-02-19,996,0.7,NR,Desi (Whole),0,7500,7500
2019-02-20,1144,0.4,NR,Desi (Whole),0,7500,7500
2019-02-20,511,5.4,NR,Desi (Whole),0,6000,6000
2019-02-20,899,0.2,NR,Desi (Whole),0,6500,6500
2019-02-20,996,0.6,NR,Desi (Whole),0,7500,7500
2019-02-21,1144,0.5,NR,Desi (Whole),0,7500,7500
2019-02-21,511,5.2,NR,Desi (Whole),0,6000,6000
2019-02-21,899,0.4,NR,Desi (Whole),0,6500,6500
2019-02-21,996,0.4,NR,Desi (Whole),0,7500,7500
2019-02-22,1144,0.4,NR,Desi (Whole),0,7500,7500
2019-02-22,511,5.4,NR,Desi (Whole),0,6000,6000
2019-02-22,899,0.3,NR,Desi (Whole),0,6500,6500
2019-02-22,995,0.8,NR,Desi (Whole),0,7500,7500
2019-02-22,996,0.6,NR,Desi (Whole),0,7500,7500
2019-02-23,1144,0.5,NR,Desi (Whole),0,7500,7500
2019-02-23,511,5.2,NR,Desi (Whole),0,6000,6000
2019-02-23,899,0.4,NR,Desi (Whole),0,6500,6500
2019-02-23,996,0.5,NR,Desi (Whole),0,7500,7500
2019-02-25,1144,0.4,NR,Desi (Whole),0,7500,7500
2019-02-25,511,5.4,NR,Desi (Whole),0,6000,6000
2019-02-25,899,0.3,NR,Desi (Whole),0,6500,6500
2019-02-25,996,0.6,NR,Desi (Whole),0,7500,7500
2019-02-26,1144,0.4,NR,Desi (Whole),0,7500,7500
2019-02-26,511,5.2,NR,Desi (Whole),0,6000,6000
2019-02-26,899,0.4,NR, ,0,0,0
2019-02-26,996,0.5,NR,Desi (Whole),0,7500,7500
2019-02-27,1144,0.5,NR,Desi (Whole),0,7500,7500
2019-02-27,511,5.4,NR,Desi (Whole),0,6000,6000
2019-02-27,899,0.3,NR,Desi (Whole),0,6500,6500
2019-02-27,996,0.6,NR,Desi (Whole),0,7500,7500
2019-02-28,1144,0.4,NR,Desi (Whole),0,7500,7500
2019-02-28,511,5.2,NR,Desi (Whole),0,6000,6000
2019-02-28,899,0.4,NR,Desi (Whole),0,6500,6500
2019-02-28,996,0.5,NR,Desi (Whole),0,7500,7500
2019-03-01,1144,0.5,NR,Desi (Whole),0,7500,7500
2019-03-01,511,5,NR,Desi (Whole),0,6000,6000
2019-03-01,899,0.5,NR,Desi (Whole),0,6500,6500
2019-03-01,995,0.8,NR,Desi (Whole),0,7500,7500
2019-03-01,996,0.7,NR,Desi (Whole),0,7300,7300
2019-03-02,1144,0.4,NR,Desi (Whole),0,7500,7500
2019-03-02,511,5.2,NR,Desi (Whole),0,6000,6000
2019-03-02,899,0.4,NR,Desi (Whole),0,6500,6500
2019-03-02,996,0.5,NR,Desi (Whole),0,7300,7300
2019-03-04,1144,0.5,NR,Desi (Whole),0,7500,7500
2019-03-04,511,5.4,NR,Desi (Whole),0,6000,6000
2019-03-04,899,0.5,NR,Desi (Whole),0,6500,6500
2019-03-04,995,0.8,NR,Desi (Whole),0,7500,7500
2019-03-04,996,0.8,NR,Desi (Whole),0,7300,7300
2019-03-05,1144,0.4,NR,Desi (Whole),0,7500,7500
2019-03-05,511,5.2,NR,Desi (Whole),0,6000,6000
2019-03-05,899,0.3,NR,Desi (Whole),0,6500,6500
2019-03-05,996,0.6,NR,Desi (Whole),0,7300,7300
2019-03-06,1144,0.5,NR,Desi (Whole),0,7500,7500
2019-03-06,511,5.4,NR,Desi (Whole),0,6000,6000
2019-03-06,899,0.4,NR,Desi (Whole),0,6500,6500
2019-03-06,996,0.5,NR,Desi (Whole),0,7300,7300
2019-03-07,1144,0.4,NR,Desi (Whole),0,7500,7500
2019-03-07,511,5.2,NR,Desi (Whole),0,6000,6000
2019-03-07,899,0.3,NR,Desi (Whole),0,6500,6500
2019-03-07,996,0.4,NR,Desi (Whole),0,7300,7300
2019-03-08,1144,0.5,NR,Desi (Whole),0,7500,7500
2019-03-08,511,5.4,NR,Desi (Whole),0,6000,6000
2019-03-08,899,0.4,NR,Desi (Whole),0,6500,6500
2019-03-08,996,0.6,NR,Desi (Whole),0,7500,7500
2019-03-11,1144,0.4,NR,Desi (Whole),0,7500,7500
2019-03-11,511,5.2,NR,Desi (Whole),0,6000,6000
2019-03-11,899,0.5,NR,Desi (Whole),0,6500,6500
2019-03-11,996,0.5,NR,Desi (Whole),0,7500,7500
2019-03-12,1144,0.5,NR,Desi (Whole),0,7500,7500
2019-03-12,511,5.4,NR,Desi (Whole),0,6000,6000
2019-03-12,899,0.4,NR,Desi (Whole),0,7500,6500
2019-03-12,996,0.8,NR,Desi (Whole),0,7500,7500
2019-03-13,1144,0.4,NR,Desi (Whole),0,7500,7500
2019-03-13,511,5.2,NR,Desi (Whole),0,6000,6000
2019-03-13,899,0.3,NR,Desi (Whole),0,6500,6500
2019-03-13,996,0.6,NR,Desi (Whole),0,7500,7500
2019-03-14,1144,0.5,NR,Desi (Whole),0,7500,7500
2019-03-14,511,5,NR,Desi (Whole),0,6000,6000
2019-03-14,899,0.4,NR,Desi (Whole),0,6500,6500
2019-03-14,996,0.4,NR, ,0,0,0
2019-03-15,1144,0.4,NR,Desi (Whole),0,7500,7500
2019-03-15,511,5.2,NR,Desi (Whole),0,6000,6000
2019-03-15,899,0.3,NR,Desi (Whole),0,6500,6500
2019-03-15,996,0.6,NR,Desi (Whole),0,7500,7500
2019-03-16,1144,0.5,NR,Desi (Whole),0,7500,7500
2019-03-16,511,5.4,NR,Desi (Whole),0,6000,6000
2019-03-16,899,0.4,NR,Desi (Whole),0,6500,6500
2019-03-16,996,0.4,NR,Desi (Whole),0,7500,7500
2019-03-18,1144,0.4,NR,Desi (Whole),0,7500,7500
2019-03-18,511,5.2,NR,Desi (Whole),0,6000,6000
2019-03-18,899,0.3,NR,Desi (Whole),0,6500,6500
2019-03-18,995,0.8,NR,Desi (Whole),0,7500,7500
2019-03-18,996,0.6,NR,Desi (Whole),0,7500,7500
2019-03-19,1144,0.5,NR,Desi (Whole),0,7500,7500
2019-03-19,511,5.4,NR,Desi (Whole),0,6000,6000
2019-03-19,899,0.4,NR,Desi (Whole),0,6500,6500
2019-03-19,996,0.7,NR,Desi (Whole),0,7500,7500
2019-03-20,1144,0.4,NR,Desi (Whole),0,7500,7500
2019-03-20,511,5.2,NR, ,0,0,0
2019-03-20,899,0.5,NR,Desi (Whole),0,6500,6500
2019-03-20,996,0.5,NR,Desi (Whole),0,7500,7500
2019-03-23,1144,0.5,NR,Desi (Whole),0,7500,7500
2019-03-23,511,5.3,NR,Desi (Whole),0,6000,6000
2019-03-25,511,5.1,NR,Desi (Whole),0,6000,6000
2019-03-25,899,0.5,NR,Desi (Whole),0,6500,6500
2019-03-25,996,0.5,NR,Desi (Whole),0,7500,7500
2019-03-26,1144,0.5,NR,Desi (Whole),0,7500,7500
2019-03-26,511,5.3,NR,Desi (Whole),0,6000,6000
2019-03-26,899,0.3,NR,Desi (Whole),0,6500,6500
2019-03-26,996,0.7,NR,Desi (Whole),0,7500,7500
2019-03-27,1144,0.4,NR,Desi (Whole),0,7500,7500
2019-03-27,511,5.1,NR,Desi (Whole),0,6000,6000
2019-03-27,899,0.4,NR,Desi (Whole),0,6500,6500
2019-03-27,996,0.4,NR,Desi (Whole),0,7500,7500
2019-03-28,1144,0.5,NR,Desi (Whole),0,7500,7500
2019-03-28,511,5.3,NR,Desi (Whole),0,6000,6000
2019-03-28,899,0.3,NR,Desi (Whole),0,6500,6500
2019-03-28,996,0.4,NR,Desi (Whole),0,7500,7500
2019-03-29,1144,0.4,NR,Desi (Whole),0,7500,7500
2019-03-29,511,5.1,NR,Desi (Whole),0,6000,6000
2019-03-29,899,0.4,NR,Desi (Whole),0,6500,6500
2019-03-29,996,0.8,NR,Desi (Whole),0,7500,7500
2019-03-30,1144,0.5,NR,Desi (Whole),0,7500,7500
2019-03-30,511,5.3,NR,Desi (Whole),0,6000,6000
2019-03-30,899,0.3,NR,Desi (Whole),0,6500,6500
2019-03-30,995,0.8,NR,Desi (Whole),0,7500,7500
2019-03-30,996,0.5,NR,Desi (Whole),0,7500,7500
2019-05-02,1144,0.4,NR,Desi (Whole),0,7500,7500
2019-05-02,511,5,NR,Desi (Whole),0,6000,6000
2019-05-02,899,0.5,NR,Desi (Whole),0,6500,6500
2019-05-02,996,0.4,NR,Desi (Whole),0,7500,7500
2019-05-03,1144,0.5,NR,Desi (Whole),0,7500,7500
2019-05-03,511,5.2,NR,Desi (Whole),0,6000,6000
2019-05-03,899,0.4,NR,Desi (Whole),0,6500,6500
2019-05-03,995,0.8,NR,Desi (Whole),0,7500,7500
2019-05-03,996,0.6,NR,Desi (Whole),0,7500,7500
2019-05-04,1144,0.4,NR,Desi (Whole),0,7500,7500
2019-05-04,511,5,NR,Desi (Whole),0,6000,6000
2019-05-04,899,0.5,NR,Desi (Whole),0,6500,6500
2019-05-04,996,0.4,NR,Desi (Whole),0,7500,7500
2019-05-06,1144,0.5,NR,Desi (Whole),0,7500,7500
2019-05-06,511,5.2,NR,Desi (Whole),0,6000,6000
2019-05-06,996,0.6,NR,Desi (Whole),0,7500,7500
2019-05-07,1144,0.4,NR,Desi (Whole),0,7500,7500
2019-05-07,511,5,NR,Desi (Whole),0,6000,6000
2019-05-07,899,0.3,NR,Desi (Whole),0,6500,6500
2019-05-07,996,0.5,NR,Desi (Whole),0,7500,7500
2019-05-08,1144,0.5,NR,Desi (Whole),0,7500,7500
2019-05-08,511,5.2,NR,Desi (Whole),0,6000,6000
2019-05-08,899,0.4,NR,Desi (Whole),0,6500,6500
2019-05-08,996,0.4,NR,Desi (Whole),0,7500,7500
2019-05-09,1144,0.4,NR,Desi (Whole),0,7500,7500
2019-05-09,511,5,NR, ,0,0,0
2019-05-09,899,0.5,NR, ,0,0,0
2019-05-09,996,0.6,NR, ,0,0,0
2019-05-10,1144,0.5,NR,Desi (Whole),0,7500,7500
2019-05-10,511,5.2,NR, ,0,0,0
2019-05-10,899,0.4,NR, ,0,0,0
2019-05-10,995,0.9,NR,Desi (Whole),0,7500,7500
2019-05-10,996,0.5,NR,Desi (Whole),0,7500,7500
2019-05-13,1144,0.4,NR,Desi (Whole),0,7500,7500
2019-05-13,511,5,NR,Desi (Whole),0,6000,6000
2019-05-13,899,0.3,NR,Desi (Whole),0,6500,6500
2019-05-13,996,0.5,NR,Desi (Whole),0,7500,7500
2019-05-14,1144,0.5,NR,Desi (Whole),0,7500,7500
2019-05-14,511,5.2,NR,Desi (Whole),0,6000,6000
2019-05-14,899,0.4,NR,Desi (Whole),0,6500,6500
2019-05-14,996,0.6,NR,Desi (Whole),0,7500,7500
2019-05-15,1144,0.4,NR,Desi (Whole),0,7500,7500
2019-05-15,511,5,NR,Desi (Whole),0,6000,6000
2019-05-15,899,0.3,NR,Desi (Whole),0,6500,6500
2019-05-15,996,0.4,NR,Desi (Whole),0,7500,7500
2019-05-16,1144,0.3,NR,Desi (Whole),0,7500,7500
2019-05-16,511,5.2,NR, ,0,0,0
2019-05-16,899,0.4,NR, ,0,0,0
2019-05-16,996,0.6,NR, ,0,0,0
2019-05-17,1144,0.2,NR,Desi (Whole),0,7500,7500
2019-05-17,511,3.4,NR,Desi (Whole),0,7000,7000
2019-05-17,899,0.3,NR,Desi (Whole),0,6500,6500
2019-05-17,996,0.8,NR,Desi (Whole),0,7500,7500
2019-05-18,1144,0.4,NR,Desi (Whole),0,7500,7500
2019-05-18,511,5.2,NR,Desi (Whole),0,6000,6000
2019-05-18,899,0.4,NR,Desi (Whole),0,6500,6500
2019-05-18,995,1,NR,Desi (Whole),0,7500,7500
2019-05-18,996,0.5,NR,Desi (Whole),0,7500,7500
2019-05-20,1144,0.5,NR,Desi (Whole),0,7500,7500
2019-05-20,511,5.2,NR,Desi (Whole),0,6000,6000
2019-05-20,899,0.4,NR,Desi (Whole),0,6500,6500
2019-05-20,996,0.7,NR,Desi (Whole),0,7500,7500
2019-05-21,1144,0.4,NR,Desi (Whole),0,7500,7500
2019-05-21,511,5,NR,Desi (Whole),0,6000,6000
2019-05-21,899,0.3,NR,Desi (Whole),0,6500,6500
2019-05-21,996,0.5,NR,Desi (Whole),0,7500,7500
2019-05-22,1144,0.5,NR,Desi (Whole),0,7500,7500
2019-05-22,511,5.2,NR,Desi (Whole),0,6000,6000
2019-05-22,899,0.4,NR,Desi (Whole),0,6500,6500
2019-05-22,996,0.6,NR,Desi (Whole),0,7500,7500
2019-05-23,1144,0.4,NR,Desi (Whole),0,7500,7500
2019-05-23,511,5,NR,Desi (Whole),0,6000,6000
2019-05-23,899,0.3,NR,Desi (Whole),0,6500,6500
2019-05-23,996,0.4,NR,Desi (Whole),0,7500,7500
2019-05-24,1144,0.3,NR,Desi (Whole),0,6500,6500
2019-05-24,511,5.2,NR,Desi (Whole),0,6000,6000
2019-05-24,899,0.4,NR,Desi (Whole),0,6500,6500
2019-05-24,996,0.7,NR, ,0,0,0
2019-05-25,1144,0.4,NR,Desi (Whole),0,6500,6500
2019-05-25,511,5,NR,Desi (Whole),0,6000,6000
2019-05-25,899,0.3,NR, ,0,0,0
2019-05-25,995,1,NR,Desi (Whole),0,7500,7500
2019-05-25,996,0.4,NR,Desi (Whole),0,7500,7500
2019-05-27,1144,0.3,NR,Desi (Whole),0,6500,6500
2019-05-27,511,5.2,NR,Desi (Whole),0,6000,6000
2019-05-27,899,0.4,NR,Desi (Whole),0,6500,6500
2019-05-27,996,0.7,NR,Desi (Whole),0,7500,7500
2019-05-28,1144,0.4,NR,Desi (Whole),0,6500,6500
2019-05-28,511,5,NR,Desi (Whole),0,6000,6000
2019-05-28,899,0.3,NR,Desi (Whole),0,6500,6500
2019-05-28,996,0.5,NR,Desi (Whole),0,7500,7500
2019-05-29,1144,0.5,NR,Desi (Whole),0,6500,6500
2019-05-29,511,5.2,NR,Desi (Whole),0,6000,6000
2019-05-29,899,0.4,NR,Desi (Whole),0,6500,6500
2019-05-29,996,0.7,NR,Desi (Whole),0,7500,7500
2019-05-30,1144,0.4,NR,Desi (Whole),0,6500,6500
2019-05-30,511,5,NR,Desi (Whole),0,6000,6000
2019-05-30,899,0.3,NR,Desi (Whole),0,6500,6500
2019-05-30,996,0.5,NR,Desi (Whole),0,7500,7500
2019-05-31,1144,0.3,NR,Desi (Whole),0,6500,6500
2019-05-31,511,5.2,NR,Desi (Whole),0,6000,6000
2019-05-31,899,0.2,NR,Desi (Whole),0,6500,6500
2019-05-31,995,1,NR,Desi (Whole),0,7500,7500
2019-05-31,996,0.7,NR,Desi (Whole),0,7500,7500
2019-06-01,1144,0.4,NR,Desi (Whole),0,6500,6500
2019-06-01,511,5,NR,Desi (Whole),0,6000,6000
2019-06-01,899,0.3,NR,Desi (Whole),0,6500,6500
2019-06-01,996,0.5,NR,Desi (Whole),0,7500,7500
2019-06-03,1144,0.5,NR,Desi (Whole),0,6500,6500
2019-06-03,899,0.4,NR,Desi (Whole),0,6500,6500
2019-06-03,996,0.6,NR,Desi (Whole),0,7500,7500
2019-06-04,1144,0.4,NR,Desi (Whole),0,6500,6500
2019-06-04,899,0.3,NR,Desi (Whole),0,6500,6500
2019-06-04,996,0.4,NR,Desi (Whole),0,7500,7500
2019-06-06,1144,0.3,NR, ,0,0,0
2019-06-06,899,0.4,NR,Desi (Whole),0,6500,6500
2019-06-06,996,0.7,NR,Desi (Whole),0,7500,7500
2019-06-07,1144,0.4,NR,Desi (Whole),0,6500,6500
2019-06-07,899,0.5,NR,Desi (Whole),0,6500,6500
2019-06-07,995,1,NR, ,0,0,0
2019-06-07,996,0.6,NR,Desi (Whole),0,7500,7500
2019-06-10,1144,0.3,NR, ,0,0,0
2019-06-10,511,5.2,NR,Desi (Whole),0,6000,6000
2019-06-10,899,0.4,NR,Desi (Whole),0,6500,6500
2019-06-10,996,0.7,NR,Desi (Whole),0,7500,7500
2019-06-11,1144,0.4,NR,Desi (Whole),0,6500,6500
2019-06-11,511,5.2,NR,Desi (Whole),0,6000,6000
2019-06-11,899,0.5,NR,Desi (Whole),0,6500,6500
2019-06-11,996,0.5,NR,Desi (Whole),0,7500,7500
2019-06-12,1144,0.5,NR,Desi (Whole),0,6500,6500
2019-06-12,511,5,NR,Desi (Whole),0,6000,6000
2019-06-12,899,0.4,NR,Desi (Whole),0,6500,6500
2019-06-12,996,0.8,NR,Desi (Whole),0,7500,7500
2019-06-13,1144,0.4,NR,Desi (Whole),0,6500,6500
2019-06-13,511,5.2,NR,Desi (Whole),0,6000,6000
2019-06-13,899,0.3,NR,Desi (Whole),0,6500,6500
2019-06-13,996,0.6,NR,Desi (Whole),0,7500,7500
2019-06-14,1144,0.5,NR,Desi (Whole),0,6500,6500
2019-06-14,511,5,NR,Desi (Whole),0,6000,6000
2019-06-14,899,0.3,NR,Desi (Whole),0,6500,6500
2019-06-14,996,0.6,NR,Desi (Whole),0,7500,7500
2019-06-15,1144,0.4,NR,Desi (Whole),0,6500,6500
2019-06-15,511,5.2,NR,Desi (Whole),0,6000,6000
2019-06-15,899,0.3,NR,Desi (Whole),0,6500,6500
2019-06-15,996,0.4,NR,Desi (Whole),0,7500,7500
2019-06-17,1144,0.5,NR,Desi (Whole),0,6500,6500
2019-06-17,511,5.4,NR,Desi (Whole),0,6000,6000
2019-06-17,899,0.4,NR,Desi (Whole),0,6500,6500
2019-06-17,995,1,NR, ,0,0,0
2019-06-17,996,0.5,NR,Desi (Whole),0,7500,7500
2019-06-18,1144,0.4,NR,Desi (Whole),0,6500,6500
2019-06-18,511,5.2,NR,Desi (Whole),0,6000,6000
2019-06-18,899,0.2,NR,Desi (Whole),0,6500,6500
2019-06-18,996,0.6,NR,Desi (Whole),0,7500,7500
2019-06-19,1144,0.5,NR,Desi (Whole),0,6500,6500
2019-06-19,511,5,NR,Desi (Whole),0,6000,6000
2019-06-19,899,0.3,NR,Desi (Whole),0,6500,6500
2019-06-19,996,0.7,NR,Desi (Whole),0,7500,7500
2019-06-20,1144,0.4,NR,Desi (Whole),0,6500,6500
2019-06-20,511,5.2,NR,Desi (Whole),0,6000,6000
2019-06-20,899,0.4,NR,Desi (Whole),0,6500,6500
2019-06-20,996,0.6,NR,Desi (Whole),0,7500,7500
2019-06-21,1144,0.5,NR,Desi (Whole),0,6500,6500
2019-06-21,511,5,NR,Desi (Whole),0,6000,6000
2019-06-21,899,0.4,NR,Desi (Whole),0,6500,6500
2019-06-21,996,0.6,NR,Desi (Whole),0,7500,7500
2019-06-22,1144,0.4,NR,Desi (Whole),0,6500,6500
2019-06-22,511,5.2,NR,Desi (Whole),0,6000,6000
2019-06-22,899,0.4,NR,Desi (Whole),0,6500,6500
2019-06-22,996,0.7,NR,Desi (Whole),0,7500,7500
2019-06-24,1144,0.5,NR,Desi (Whole),0,6500,6500
2019-06-24,511,5.3,NR,Desi (Whole),0,6000,6000
2019-06-24,899,0.3,NR,Desi (Whole),0,6500,6500
2019-06-24,995,0.9,NR,Desi (Whole),7300,7500,7500
2019-06-24,996,0.6,NR,Desi (Whole),0,7500,7500
2019-06-25,1144,0.4,NR,Desi (Whole),0,6500,6500
2019-06-25,511,5.2,NR,Desi (Whole),0,6000,6000
2019-06-25,899,0.4,NR,Desi (Whole),0,6500,6500
2019-06-25,996,0.5,NR, ,0,0,0
2019-06-26,1144,0.5,NR,Desi (Whole),0,6500,6500
2019-06-26,511,5,NR,Desi (Whole),0,6000,6000
2019-06-26,899,0.3,NR,Desi (Whole),0,6500,6500
2019-06-26,996,0.5,NR,Desi (Whole),0,7500,7500
2019-06-27,1144,0.4,NR,Desi (Whole),0,6500,6500
2019-06-27,511,5.2,NR,Desi (Whole),0,6000,6000
2019-06-27,899,0.4,NR,Desi (Whole),0,6500,6500
2019-06-27,996,0.6,NR,Desi (Whole),0,7500,7500
2019-06-28,1144,0.5,NR,Desi (Whole),0,6500,6500
2019-06-28,511,5,NR,Desi (Whole),0,6000,6000
2019-06-28,899,0.3,NR, ,0,0,0
2019-06-28,996,0.6,NR,Desi (Whole),0,7500,7500
2019-06-29,1144,0.4,NR,Desi (Whole),0,6500,6500
2019-06-29,511,5.2,NR,Desi (Whole),0,6000,6000
2019-06-29,899,0.4,NR,Desi (Whole),0,6500,6500
2019-06-29,996,0.5,NR,Desi (Whole),0,7500,7500
2019-07-03,1144,0.5,NR,Desi (Whole),0,6500,6500
2019-07-03,511,5.4,NR,Desi (Whole),0,6000,6000
2019-07-03,899,0.3,NR,Desi (Whole),0,6500,6500
2019-07-03,996,0.6,NR,Desi (Whole),0,7500,7500
2019-07-05,1144,0.4,NR,Desi (Whole),0,6500,6500
2019-07-05,511,5.2,NR,Desi (Whole),0,6000,6000
2019-07-05,899,0.4,NR,Desi (Whole),0,6500,6500
2019-07-05,995,0.8,NR,Desi (Whole),7300,7500,7500
2019-07-05,996,0.7,NR,Desi (Whole),0,7500,7500
2019-07-06,1144,0.5,NR,Desi (Whole),0,6500,6500
2019-07-06,511,5,NR,Desi (Whole),0,6000,6000
2019-07-06,899,0.3,NR,Desi (Whole),0,6500,6500
2019-07-06,996,0.6,NR,Desi (Whole),0,7500,7500
2019-07-08,1144,0.3,NR,Desi (Whole),0,7400,7400
2019-07-08,511,5.2,NR,Desi (Whole),0,6000,6000
2019-07-08,899,0.4,NR,Desi (Whole),0,6500,6500
2019-07-08,996,0.6,NR,Desi (Whole),0,7500,7500
2019-07-09,1144,0.4,NR,Desi (Whole),0,7400,7400
2019-07-09,511,5,NR,Desi (Whole),0,6000,6000
2019-07-09,899,0.3,NR,Desi (Whole),0,6500,6500
2019-07-09,996,0.6,NR,Desi (Whole),0,7500,7500
2019-07-10,1144,0.5,NR,Desi (Whole),0,7400,7400
2019-07-10,511,5.2,NR,Desi (Whole),0,6000,6000
2019-07-10,899,0.2,NR,Desi (Whole),0,6500,6500
2019-07-10,996,0.5,NR,Desi (Whole),0,7500,7500
2019-07-11,1144,0.4,NR,Desi (Whole),0,7400,7400
2019-07-11,511,5,NR,Desi (Whole),0,6000,6000
2019-07-11,899,0.3,NR,Desi (Whole),0,6500,6500
2019-07-11,996,0.6,NR,Desi (Whole),0,7500,7500
2019-07-12,1144,0.3,NR,Desi (Whole),0,7400,7400
2019-07-12,511,5.2,NR, ,0,0,0
2019-07-12,899,0.2,NR,Desi (Whole),0,6500,6500
2019-07-12,995,0.7,NR,Desi (Whole),7300,7500,7500
2019-07-12,996,0.6,NR,Desi (Whole),0,7500,7500
2019-07-15,1144,0.4,NR,Desi (Whole),0,7400,7400
2019-07-15,511,5.4,NR,Desi (Whole),0,6000,6000
2019-07-15,899,0.3,NR,Desi (Whole),0,6500,6500
2019-07-15,996,0.7,NR,Desi (Whole),0,7500,7500
2019-07-16,1144,0.5,NR,Desi (Whole),0,7400,7400
2019-07-16,511,5.2,NR,Desi (Whole),0,6000,6000
2019-07-16,899,0.4,NR,Desi (Whole),0,6500,6500
2019-07-16,996,0.6,NR,Desi (Whole),0,7500,7500
2019-07-17,1144,0.4,NR,Desi (Whole),0,7400,7400
2019-07-17,511,5,NR,Desi (Whole),0,6000,6000
2019-07-17,899,0.3,NR,Desi (Whole),0,6500,6500
2019-07-17,996,0.6,NR,Desi (Whole),0,7500,7500
2019-07-18,1144,0.5,NR,Desi (Whole),0,7400,7400
2019-07-18,511,5.2,NR,Desi (Whole),0,6000,6000
2019-07-18,899,0.4,NR,Desi (Whole),0,6500,6500
2019-07-18,996,0.6,NR,Desi (Whole),0,7500,7500
2019-07-19,1144,0.4,NR,Desi (Whole),0,7400,7400
2019-07-19,511,5,NR,Desi (Whole),0,6000,6000
2019-07-19,899,0.3,NR,Desi (Whole),0,6500,6500
2019-07-19,995,0.8,NR,Desi (Whole),7300,7500,7500
2019-07-19,996,0.5,NR,Desi (Whole),0,7500,7500
2019-07-20,1144,0.5,NR,Desi (Whole),0,7400,7400
2019-07-20,511,5.2,NR,Desi (Whole),0,6000,6000
2019-07-20,899,0.4,NR,Desi (Whole),0,6500,6500
2019-07-20,996,0.7,NR,Desi (Whole),0,7500,7500
2019-07-22,1144,0.4,NR,Desi (Whole),0,7400,7400
2019-07-22,511,5.4,NR,Desi (Whole),0,6000,6000
2019-07-22,899,0.3,NR,Desi (Whole),0,6500,6500
2019-07-22,996,0.7,NR,Desi (Whole),0,7500,7500
2019-07-23,1144,0.5,NR,Desi (Whole),0,7400,7400
2019-07-23,511,5.2,NR,Desi (Whole),0,6000,6000
2019-07-23,899,0.4,NR,Desi (Whole),0,6500,6500
2019-07-23,996,0.7,NR,Desi (Whole),0,7500,7500
2019-07-25,1144,0.4,NR,Desi (Whole),0,7400,7400
2019-07-25,511,5,NR,Desi (Whole),0,6000,6000
2019-07-25,899,0.4,NR,Desi (Whole),0,6500,6500
2019-07-25,996,0.6,NR,Desi (Whole),0,7500,7500
2019-07-26,1144,0.5,NR,Desi (Whole),0,7400,7400
2019-07-26,511,5.2,NR,Desi (Whole),0,6000,6000
2019-07-26,899,0.3,NR, ,0,0,0
2019-07-26,995,0.8,NR,Desi (Whole),7300,7500,7500
2019-07-26,996,0.6,NR,Desi (Whole),0,7500,7500
2019-07-27,1144,0.4,NR,Desi (Whole),0,7400,7400
2019-07-27,511,5,NR,Desi (Whole),0,6000,6000
2019-07-27,899,0.4,NR,Desi (Whole),0,6500,6500
2019-07-27,996,0.7,NR,Desi (Whole),0,7500,7500
2019-07-29,1144,0.5,NR,Desi (Whole),0,7400,7400
2019-07-29,511,5.2,NR,Desi (Whole),0,6000,6000
2019-07-29,899,0.3,NR,Desi (Whole),0,6500,6500
2019-07-29,996,0.6,NR,Desi (Whole),0,7500,7500
2019-07-30,1144,0.4,NR,Desi (Whole),0,7400,7400
2019-07-30,511,5.4,NR,Desi (Whole),0,6000,6000
2019-07-30,899,0.4,NR,Desi (Whole),0,6500,6500
2019-07-30,996,0.6,NR,Desi (Whole),0,7500,7500
2019-07-31,1144,0.5,NR,Desi (Whole),0,7400,7400
2019-07-31,511,5.2,NR,Desi (Whole),0,6000,6000
2019-07-31,899,0.3,NR,Desi (Whole),0,6500,6500
2019-07-31,996,0.6,NR,Desi (Whole),0,7500,7500
2019-08-01,1144,0.4,NR,Desi (Whole),0,7400,7400
2019-08-01,511,5,NR,Desi (Whole),0,6000,6000
2019-08-01,899,0.4,NR,Desi (Whole),0,6500,6500
2019-08-01,996,0.6,NR, ,0,0,0
2019-08-02,1144,0.5,NR,Desi (Whole),0,9450,9400
2019-08-02,511,5.2,NR,Desi (Whole),0,6000,6000
2019-08-02,899,0.3,NR,Desi (Whole),0,6500,6500
2019-08-02,995,0.7,NR,Desi (Whole),7300,7500,7500
2019-08-02,996,0.7,NR,Desi (Whole),0,7500,7500
2019-08-03,1144,0.4,NR,Desi (Whole),0,7400,7400
2019-08-03,511,5,NR,Desi (Whole),0,6000,6000
2019-08-03,899,0.4,NR,Desi (Whole),0,6500,6500
2019-08-03,996,0.6,NR,Desi (Whole),0,7500,7500
2019-08-05,1144,0.4,NR,Desi (Whole),0,7400,7400
2019-08-05,511,5.2,NR,Desi (Whole),0,6000,6000
2019-08-05,899,0.3,NR,Desi (Whole),0,6500,6500
2019-08-05,996,0.6,NR,Desi (Whole),0,7500,7500
2019-08-06,1144,0.5,NR,Desi (Whole),0,7400,7400
2019-08-06,511,5.4,NR,Desi (Whole),0,6000,6000
2019-08-06,899,0.4,NR,Desi (Whole),0,6500,6500
2019-08-06,996,0.6,NR,Desi (Whole),0,7500,7500
2019-08-07,1144,0.4,NR,Desi (Whole),0,7400,7400
2019-08-07,511,5.2,NR,Desi (Whole),0,6000,6000
2019-08-07,899,0.3,NR,Desi (Whole),0,6500,6500
2019-08-07,996,0.6,NR,Desi (Whole),0,7500,7500
2019-08-08,1144,0.5,NR,Desi (Whole),0,7400,7400
2019-08-08,511,5.4,NR,Desi (Whole),0,6000,6000
2019-08-08,899,0.4,NR,Desi (Whole),0,6500,6500
2019-08-08,996,0.6,NR,Desi (Whole),0,7500,7500
2019-08-14,1144,0.4,NR,Desi (Whole),0,7400,7400
2019-08-14,511,5.4,NR,Desi (Whole),0,6000,6000
2019-08-14,899,0.5,NR,Desi (Whole),0,6500,6500
2019-08-14,996,0.7,NR,Desi (Whole),0,7500,7500
2019-08-16,1144,0.5,NR,Desi (Whole),0,7400,7400
2019-08-16,511,5.2,NR,Desi (Whole),0,6000,6000
2019-08-16,899,0.4,NR,Desi (Whole),0,6500,6500
2019-08-16,995,0.7,NR,Desi (Whole),7300,7500,7500
2019-08-16,996,0.7,NR,Desi (Whole),0,9500,9500
2019-08-17,1144,0.4,NR,Desi (Whole),0,7400,7400
2019-08-17,511,5.4,NR,Desi (Whole),0,6000,6000
2019-08-17,899,0.3,NR,Desi (Whole),0,6500,6500
2019-08-17,996,0.6,NR,Desi (Whole),0,7500,7500
2019-08-19,1144,0.5,NR,Desi (Whole),0,7400,7400
2019-08-19,511,5.2,NR,Desi (Whole),0,6000,6000
2019-08-19,899,0.4,NR,Desi (Whole),0,6500,6500
2019-08-19,996,0.5,NR,Desi (Whole),0,7500,7500
2019-08-20,1144,0.4,NR,Desi (Whole),0,7400,7400
2019-08-20,511,5.4,NR,Desi (Whole),0,6000,6000
2019-08-20,899,0.3,NR,Desi (Whole),0,6500,6500
2019-08-20,996,0.6,NR,Desi (Whole),0,7500,7500
2019-08-21,1144,0.5,NR,Desi (Whole),0,7400,7400
2019-08-21,511,5.2,NR,Desi (Whole),0,6000,6000
2019-08-21,899,0.4,NR,Desi (Whole),0,6500,6500
2019-08-21,996,0.5,NR,Desi (Whole),0,7500,7500
2019-08-22,1144,0.4,NR, ,0,0,0
2019-08-22,511,5.4,NR,Desi (Whole),0,6000,6000
2019-08-22,899,0.3,NR,Desi (Whole),0,6500,6500
2019-08-22,996,0.6,NR,Desi (Whole),0,7500,7500
2019-08-24,1144,0.5,NR,Desi (Whole),0,7400,7400
2019-08-24,511,5.2,NR,Desi (Whole),0,6000,6000
2019-08-24,899,0.4,NR,Desi (Whole),0,6500,6500
2019-08-24,995,0.8,NR,Desi (Whole),7300,7500,7500
2019-08-24,996,0.6,NR,Desi (Whole),0,7500,7500
2019-08-26,1144,0.4,NR,Desi (Whole),0,7400,7400
2019-08-26,511,5.4,NR,Desi (Whole),0,6000,6000
2019-08-26,899,0.4,NR,Desi (Whole),0,6500,6500
2019-08-26,996,0.7,NR,Desi (Whole),0,7500,7500
2019-08-27,1144,0.5,NR,Desi (Whole),0,7400,7400
2019-08-27,511,5.2,NR,Desi (Whole),0,6000,6000
2019-08-27,899,0.3,NR,Desi (Whole),0,6500,6500
2019-08-27,996,0.7,NR,Desi (Whole),0,7500,7500
2019-08-28,1144,0.4,NR,Desi (Whole),0,7400,7400
2019-08-28,511,5,NR,Desi (Whole),0,6000,6000
2019-08-28,899,0.2,NR,Desi (Whole),0,6500,6500
2019-08-28,996,0.7,NR,Desi (Whole),0,7500,7500
2019-08-29,1144,0.5,NR,Desi (Whole),0,7400,7400
2019-08-29,511,5.2,NR,Desi (Whole),0,6000,6000
2019-08-29,899,0.3,NR,Desi (Whole),0,6500,6500
2019-08-29,996,0.6,NR,Desi (Whole),0,7500,7500
2019-08-30,1144,0.4,NR,Desi (Whole),0,7400,7400
2019-08-30,511,5,NR,Desi (Whole),0,6000,6000
2019-08-30,899,0.4,NR,Desi (Whole),0,6500,6500
2019-08-30,996,0.7,NR,Desi (Whole),0,7500,7500
2019-08-31,1144,0.5,NR,Desi (Whole),0,7400,7400
2019-08-31,511,5.2,NR,Desi (Whole),0,6000,6000
2019-08-31,899,0.3,NR,Desi (Whole),0,6500,6500
2019-08-31,996,0.7,NR,Desi (Whole),0,7500,7500
2019-09-04,1144,0.4,NR,Desi (Whole),0,7400,7400
2019-09-04,511,5.4,NR,Desi (Whole),0,6000,6000
2019-09-04,899,0.3,NR,Desi (Whole),0,6500,6500
2019-09-04,996,0.6,NR,Desi (Whole),0,7500,7500
2019-09-05,1144,0.5,NR,Desi (Whole),0,7400,7400
2019-09-05,511,5.2,NR,Desi (Whole),0,6000,6000
2019-09-05,899,0.4,NR,Desi (Whole),0,6500,6500
2019-09-05,996,0.6,NR,Desi (Whole),0,7500,7500
2019-09-06,1144,0.4,NR,Desi (Whole),0,7400,7400
2019-09-06,511,5,NR, ,0,0,0
2019-09-06,899,0.3,NR,Desi (Whole),0,6500,6500
2019-09-06,995,0.8,NR,Desi (Whole),7300,7500,7500
2019-09-06,996,0.6,NR,Desi (Whole),0,7500,7500
2019-09-07,1144,0.5,NR, ,0,0,0
2019-09-07,511,5.2,NR, ,0,0,0
2019-09-07,899,0.4,NR, ,0,0,0
2019-09-07,996,0.6,NR, ,0,0,0
2019-09-09,1144,0.4,NR,Desi (Whole),0,7400,7400
2019-09-09,511,5.4,NR,Desi (Whole),0,6000,6000
2019-09-09,899,0.5,NR,Desi (Whole),0,6500,6500
2019-09-09,996,0.7,NR,Desi (Whole),0,7500,7500
2019-09-10,1144,0.5,NR,Desi (Whole),0,7400,7400
2019-09-10,511,5.2,NR,Desi (Whole),0,6000,6000
2019-09-10,899,0.4,NR,Desi (Whole),0,6500,6500
2019-09-10,996,0.6,NR,Desi (Whole),0,7500,7500
2019-09-11,1144,0.4,NR,Desi (Whole),0,7400,7400
2019-09-11,511,5.4,NR,Desi (Whole),0,6000,6000
2019-09-11,899,0.3,NR,Desi (Whole),0,6500,6500
2019-09-11,996,0.7,NR,Desi (Whole),0,7500,7500
2019-09-12,1144,0.5,NR, ,0,0,0
2019-09-12,899,0.4,NR, ,0,0,0
2019-09-12,996,0.6,NR, ,0,0,0
2019-09-13,1144,0.4,NR, ,0,0,0
2019-09-13,899,0.5,NR, ,0,0,0
2019-09-13,995,0.8,NR, ,0,0,0
2019-09-13,996,0.6,NR, ,0,0,0
2019-09-16,1144,0.5,NR, ,0,0,0
2019-09-16,511,5.2,NR, ,0,0,0
2019-09-16,899,0.4,NR, ,0,0,0
2019-09-16,996,0.7,NR, ,0,0,0
2019-09-17,1144,0.4,NR, ,0,0,0
2019-09-17,511,5,NR, ,0,0,0
2019-09-17,899,0.5,NR, ,0,0,0
2019-09-17,996,0.6,NR, ,0,0,0
2019-09-18,1144,0.5,NR, ,0,0,0
2019-09-18,511,5.2,NR, ,0,0,0
2019-09-18,899,0.4,NR, ,0,0,0
2019-09-18,996,0.6,NR, ,0,0,0
2019-09-19,1144,0.4,NR, ,0,0,0
2019-09-19,511,5.4,NR, ,0,0,0
2019-09-19,899,0.3,NR, ,0,0,0
2019-09-19,996,0.6,NR, ,0,0,0
2019-09-20,1144,0.5,NR, ,0,0,0
2019-09-20,511,5.2,NR, ,0,0,0
2019-09-20,899,0.4,NR, ,0,0,0
2019-09-20,995,0.8,NR, ,0,0,0
2019-09-20,996,0.7,NR, ,0,0,0
2019-09-23,1144,0.4,NR, ,0,0,0
2019-09-23,511,5.4,NR, ,0,0,0
2019-09-23,899,0.5,NR, ,0,0,0
2019-09-23,996,0.6,NR, ,0,0,0
2019-09-24,1144,0.5,NR, ,0,0,0
2019-09-24,511,5.2,NR, ,0,0,0
2019-09-24,899,0.4,NR, ,0,0,0
2019-09-24,996,0.5,NR, ,0,0,0
2019-09-25,1144,0.4,NR, ,0,0,0
2019-09-25,511,5,NR, ,0,0,0
2019-09-25,899,0.3,NR, ,0,0,0
2019-09-25,996,0.6,NR, ,0,0,0
2019-09-26,1144,0.3,NR, ,0,0,0
2019-09-26,511,5.2,NR, ,0,0,0
2019-09-26,899,0.4,NR, ,0,0,0
2019-09-26,996,0.6,NR, ,0,0,0
2019-09-27,1144,0.4,NR, ,0,0,0
2019-09-27,511,5,NR, ,0,0,0
2019-09-27,899,0.3,NR, ,0,0,0
2019-09-27,996,0.6,NR, ,0,0,0
2019-09-28,1144,0.3,NR, ,0,0,0
2019-09-28,511,5.2,NR, ,0,0,0
2019-09-28,899,0.4,NR, ,0,0,0
2019-09-28,996,0.6,NR, ,0,0,0
2019-10-01,1144,0.4,NR, ,0,0,0
2019-10-01,511,5.4,NR, ,0,0,0
2019-10-01,899,0.3,NR, ,0,0,0
2019-10-01,996,0.7,NR, ,0,0,0
2019-10-03,1144,0.3,NR, ,0,0,0
2019-10-03,511,5.2,NR, ,0,0,0
2019-10-03,899,0.4,NR, ,0,0,0
2019-10-03,996,0.6,NR, ,0,0,0
2019-10-04,1144,0.4,NR, ,0,0,0
2019-10-04,511,5.4,NR, ,0,0,0
2019-10-04,899,0.3,NR, ,0,0,0
2019-10-04,996,0.5,NR, ,0,0,0
2019-10-05,1144,0.5,NR, ,0,0,0
2019-10-05,511,5.2,NR, ,0,0,0
2019-10-05,899,0.4,NR, ,0,0,0
2019-10-05,996,0.6,NR, ,0,0,0
2019-10-07,1144,0.4,NR, ,0,0,0
2019-10-07,511,5.4,NR, ,0,0,0
2019-10-07,899,0.5,NR, ,0,0,0
2019-10-07,995,0.9,NR, ,0,0,0
2019-10-07,996,0.6,NR, ,0,0,0
2019-10-08,1144,0.5,NR, ,0,0,0
2019-10-08,511,5.2,NR, ,0,0,0
2019-10-08,899,0.5,NR, ,0,0,0
2019-10-08,996,0.5,NR, ,0,0,0
2019-10-09,1144,0.4,NR, ,0,0,0
2019-10-09,511,5.4,NR, ,0,0,0
2019-10-09,899,0.4,NR, ,0,0,0
2019-10-09,996,0.6,NR, ,0,0,0
2019-10-10,1144,0.5,NR, ,0,0,0
2019-10-10,511,5.2,NR, ,0,0,0
2019-10-10,996,0.5,NR, ,0,0,0
2019-10-11,1144,0.4,NR, ,0,0,0
2019-10-11,511,5.4,NR, ,0,0,0
2019-10-11,899,0.4,NR, ,0,0,0
2019-10-11,995,0.9,NR, ,0,0,0
2019-10-11,996,0.5,NR, ,0,0,0
2019-10-14,1144,0.3,NR, ,0,0,0
2019-10-14,511,5.2,NR, ,0,0,0
2019-10-14,899,0.3,NR, ,0,0,0
2019-10-14,996,0.6,NR, ,0,0,0
2019-10-16,1144,0.4,NR, ,0,0,0
2019-10-16,511,5.4,NR, ,0,0,0
2019-10-16,899,0.4,NR, ,0,0,0
2019-10-16,996,0.5,NR, ,0,0,0
2019-10-17,1144,0.3,NR, ,0,0,0
2019-10-17,511,5.2,NR, ,0,0,0
2019-10-17,899,0.3,NR, ,0,0,0
2019-10-17,996,0.6,NR, ,0,0,0
2019-10-18,1144,0.4,NR, ,0,0,0
2019-10-18,511,5.4,NR, ,0,0,0
2019-10-18,899,0.4,NR, ,0,0,0
2019-10-18,996,0.5,NR, ,0,0,0
2019-10-19,1144,0.3,NR, ,0,0,0
2019-10-19,511,5.2,NR, ,0,0,0
2019-10-19,899,0.3,NR, ,0,0,0
2019-10-19,996,0.5,NR, ,0,0,0
2019-10-21,1144,0.4,NR, ,0,0,0
2019-10-21,511,5.4,NR, ,0,0,0
2019-10-21,899,0.4,NR, ,0,0,0
2019-10-21,995,0.8,NR, ,0,0,0
2019-10-21,996,0.6,NR, ,0,0,0
2019-10-22,1144,0.3,NR, ,0,0,0
2019-10-22,511,5.2,NR, ,0,0,0
2019-10-22,899,0.4,NR, ,0,0,0
2019-10-22,996,0.5,NR, ,0,0,0
2019-10-23,1144,0.4,NR, ,0,0,0
2019-10-23,511,5,NR, ,0,0,0
2019-10-23,899,0.3,NR, ,0,0,0
2019-10-23,996,0.5,NR, ,0,0,0
2019-10-24,1144,0.3,NR, ,0,0,0
2019-10-24,511,4.8,NR, ,0,0,0
2019-10-24,899,0.5,NR, ,0,0,0
2019-10-24,996,0.5,NR, ,0,0,0
2019-10-25,1144,0.4,NR, ,0,0,0
2019-10-25,511,5,NR, ,0,0,0
2019-10-25,899,0.4,NR, ,0,0,0
2019-10-25,996,0.6,NR, ,0,0,0
2019-10-26,1144,0.3,NR, ,0,0,0
2019-10-26,511,5.2,NR, ,0,0,0
2019-10-26,899,0.3,NR, ,0,0,0
2019-10-26,996,0.5,NR, ,0,0,0
2019-10-29,1144,0.4,NR, ,0,0,0
2019-10-29,511,5,NR, ,0,0,0
2019-10-29,899,0.4,NR, ,0,0,0
2019-10-29,996,0.4,NR, ,0,0,0
2019-11-02,1144,0.5,NR, ,0,0,0
2019-11-02,511,5.2,NR, ,0,0,0
2019-11-02,899,0.3,NR, ,0,0,0
2019-11-02,995,0.6,NR, ,0,0,0
2019-11-02,996,0.4,NR, ,0,0,0
2019-11-04,1144,0.4,NR, ,0,0,0
2019-11-04,511,5,NR, ,0,0,0
2019-11-04,899,0.4,NR, ,0,0,0
2019-11-04,996,0.4,NR, ,0,0,0
2019-11-05,1144,0.3,NR, ,0,0,0
2019-11-05,511,5.2,NR, ,0,0,0
2019-11-05,899,0.5,NR, ,0,0,0
2019-11-05,996,0.4,NR, ,0,0,0
2019-11-06,1144,0.4,NR, ,0,0,0
2019-11-06,511,5,NR, ,0,0,0
2019-11-06,899,0.4,NR, ,0,0,0
2019-11-06,996,0.5,NR, ,0,0,0
2019-11-07,1144,0.3,NR, ,0,0,0
2019-11-07,511,5.2,NR, ,0,0,0
2019-11-07,899,0.3,NR, ,0,0,0
2019-11-07,996,0.4,NR, ,0,0,0
2019-11-08,1144,0.4,NR, ,0,0,0
2019-11-08,511,5,NR, ,0,0,0
2019-11-08,899,0.2,NR, ,0,0,0
2019-11-08,995,0.6,NR, ,0,0,0
2019-11-08,996,0.4,NR, ,0,0,0
2019-11-11,1144,0.3,NR, ,0,0,0
2019-11-11,511,5.2,NR, ,0,0,0
2019-11-11,899,0.4,NR, ,0,0,0
2019-11-11,996,0.4,NR, ,0,0,0
2019-11-12,1144,0.4,NR, ,0,0,0
2019-11-12,511,5,NR, ,0,0,0
2019-11-12,899,0.3,NR, ,0,0,0
2019-11-12,996,0.3,NR, ,0,0,0
2019-11-13,1144,0.3,NR, ,0,0,0
2019-11-13,511,5.2,NR, ,0,0,0
2019-11-13,899,0.4,NR, ,0,0,0
2019-11-13,996,0.3,NR, ,0,0,0
2019-11-14,1144,0.4,NR, ,0,0,0
2019-11-14,511,5,NR, ,0,0,0
2019-11-14,899,0.3,NR, ,0,0,0
2019-11-14,996,0.4,NR, ,0,0,0
2019-11-15,1144,0.3,NR, ,0,0,0
2019-11-15,511,4.8,NR, ,0,0,0
2019-11-15,899,0.4,NR, ,0,0,0
2019-11-15,995,0.6,NR, ,0,0,0
2019-11-15,996,0.3,NR, ,0,0,0
2019-11-16,1144,0.4,NR, ,0,0,0
2019-11-16,511,5,NR, ,0,0,0
2019-11-16,899,0.3,NR, ,0,0,0
2019-11-16,996,0.3,NR, ,0,0,0
2019-11-18,1144,0.3,NR, ,0,0,0
2019-11-18,511,5.2,NR, ,0,0,0
2019-11-18,899,0.4,NR, ,0,0,0
2019-11-18,996,0.3,NR, ,0,0,0
2019-11-20,1144,0.4,NR, ,0,0,0
2019-11-20,511,5,NR, ,0,0,0
2019-11-20,899,0.3,NR, ,0,0,0
2019-11-20,996,0.4,NR, ,0,0,0
2019-11-21,1144,0.5,NR, ,0,0,0
2019-11-21,511,5.2,NR, ,0,0,0
2019-11-21,899,0.4,NR, ,0,0,0
2019-11-21,996,0.3,NR, ,0,0,0
2019-11-22,1144,0.4,NR, ,0,0,0
2019-11-22,511,5,NR, ,0,0,0
2019-11-22,899,0.3,NR, ,0,0,0
2019-11-22,995,0.6,NR, ,0,0,0
2019-11-22,996,0.2,NR, ,0,0,0
2019-11-23,1144,0.3,NR, ,0,0,0
2019-11-23,511,5.2,NR, ,0,0,0
2019-11-23,899,0.4,NR, ,0,0,0
2019-11-23,996,0.3,NR, ,0,0,0
2019-11-25,1144,0.4,NR, ,0,0,0
2019-11-25,511,5,NR, ,0,0,0
2019-11-25,899,0.2,NR, ,0,0,0
2019-11-25,996,0.3,NR, ,0,0,0
2019-11-26,1144,0.3,NR, ,0,0,0
2019-11-26,511,4.8,NR, ,0,0,0
2019-11-26,899,0.3,NR, ,0,0,0
2019-11-26,996,0.3,NR, ,0,0,0
2019-11-27,1144,0.4,NR, ,0,0,0
2019-11-27,511,5,NR, ,0,0,0
2019-11-27,899,0.4,NR, ,0,0,0
2019-11-27,996,0.3,NR, ,0,0,0
2019-11-28,1144,0.5,NR, ,0,0,0
2019-11-28,511,5.2,NR, ,0,0,0
2019-11-28,899,0.3,NR, ,0,0,0
2019-11-28,996,0.3,NR, ,0,0,0
2019-11-29,1144,0.4,NR, ,0,0,0
2019-11-29,511,5,NR, ,0,0,0
2019-11-29,899,0.4,NR, ,0,0,0
2019-11-29,995,0.6,NR, ,0,0,0
2019-11-29,996,0.4,NR, ,0,0,0
2019-11-30,1144,0.3,NR, ,0,0,0
2019-11-30,511,5.2,NR, ,0,0,0
2019-11-30,899,0.3,NR, ,0,0,0
2019-11-30,996,0.3,NR, ,0,0,0
2019-12-02,1144,0.4,NR, ,0,0,0
2019-12-02,511,5.3,NR, ,0,0,0
2019-12-02,899,0.4,NR, ,0,0,0
2019-12-02,996,0.4,NR, ,0,0,0
2019-12-03,1144,0.3,NR, ,0,0,0
2019-12-03,511,5.2,NR, ,0,0,0
2019-12-03,899,0.3,NR, ,0,0,0
2019-12-03,996,0.3,NR, ,0,0,0
2019-12-04,511,5.3,NR, ,0,0,0
2019-12-04,899,0.4,NR, ,0,0,0
2019-12-04,996,0.3,NR, ,0,0,0
2019-12-05,1144,0.3,NR, ,0,0,0
2019-12-05,511,5.2,NR, ,0,0,0
2019-12-05,899,0.3,NR, ,0,0,0
2019-12-05,996,0.4,NR, ,0,0,0
2019-12-06,1144,0.4,NR, ,0,0,0
2019-12-06,511,5.3,NR, ,0,0,0
2019-12-06,899,0.4,NR, ,0,0,0
2019-12-06,995,0.6,NR, ,0,0,0
2019-12-06,996,0.4,NR, ,0,0,0
2019-12-07,1144,0.3,NR, ,0,0,0
2019-12-07,511,5.2,NR, ,0,0,0
2019-12-07,899,0.3,NR, ,0,0,0
2019-12-07,996,0.3,NR, ,0,0,0
2019-12-11,1144,0.4,NR, ,0,0,0
2019-12-11,511,5,NR, ,0,0,0
2019-12-11,899,0.4,NR, ,0,0,0
2019-12-11,996,0.4,NR, ,0,0,0
2019-12-13,1144,0.3,NR, ,0,0,0
2019-12-13,511,5.2,NR, ,0,0,0
2019-12-13,899,0.5,NR, ,0,0,0
2019-12-13,996,0.4,NR, ,0,0,0
2019-12-16,1144,0.4,NR, ,0,0,0
2019-12-16,511,5.2,NR, ,0,0,0
2019-12-16,899,0.4,NR, ,0,0,0
2019-12-16,996,0.4,NR, ,0,0,0
2019-12-17,1144,0.3,NR, ,0,0,0
2019-12-17,511,5,NR, ,0,0,0
2019-12-17,899,0.3,NR, ,0,0,0
2019-12-17,996,0.3,NR, ,0,0,0
2019-12-18,1144,0.4,NR, ,0,0,0
2019-12-18,511,5.2,NR, ,0,0,0
2019-12-18,899,0.4,NR, ,0,0,0
2019-12-18,996,0.3,NR, ,0,0,0
2019-12-20,1144,0.3,NR, ,0,0,0
2019-12-20,511,5.2,NR, ,0,0,0
2019-12-20,899,0.3,NR, ,0,0,0
2019-12-20,995,0.6,NR, ,0,0,0
2019-12-20,996,0.3,NR, ,0,0,0
2019-12-21,1144,0.4,NR, ,0,0,0
2019-12-21,511,5.2,NR, ,0,0,0
2019-12-21,899,0.3,NR, ,0,0,0
2019-12-21,996,0.4,NR, ,0,0,0
2019-12-23,1144,0.3,NR, ,0,0,0
2019-12-23,511,5.4,NR, ,0,0,0
2019-12-23,899,0.5,NR, ,0,0,0
2019-12-23,996,0.4,NR, ,0,0,0
2019-12-24,1144,0.4,NR, ,0,0,0
2019-12-24,511,5.2,NR, ,0,0,0
2019-12-24,899,0.4,NR, ,0,0,0
2019-12-24,996,0.3,NR, ,0,0,0
2019-12-26,1144,0.5,NR, ,0,0,0
2019-12-26,511,5.4,NR, ,0,0,0
2019-12-26,899,0.3,NR, ,0,0,0
2019-12-26,996,0.4,NR, ,0,0,0
2019-12-27,1144,0.4,NR, ,0,0,0
2019-12-27,511,5.2,NR, ,0,0,0
2019-12-27,899,0.4,NR,Desi (Whole),6500,7000,6750
2019-12-27,995,0.6,NR,Desi (Whole),7500,8000,7750
2019-12-27,996,0.5,NR,Desi (Whole),7500,8000,7750
2019-12-28,1144,0.3,NR,Desi (Whole),7400,8000,7700
2019-12-28,511,5.3,NR,Desi (Whole),5000,7000,5500
2019-12-28,899,0.3,NR,Desi (Whole),6500,7000,6750
2019-12-28,996,0.5,NR,Desi (Whole),7500,8000,7750
2019-12-30,1144,0.3,NR,Desi (Whole),7400,8000,7700
2019-12-30,511,5.4,NR,Desi (Whole),5000,7000,5500
2019-12-30,899,0.4,NR,Desi (Whole),6500,7000,6750
2019-12-30,996,0.4,NR,Desi (Whole),7500,8000,7750
2019-12-31,1144,0.4,NR,Desi (Whole),7400,8000,7700
2019-12-31,511,5.2,NR,Desi (Whole),5000,7000,5500
2019-12-31,899,0.5,NR,Desi (Whole),6500,7000,6750
2019-12-31,996,0.3,NR,Desi (Whole),7500,8000,7750
2020-01-02,1144,0.3,NR, ,0,0,0
2020-01-02,511,5.3,NR, ,0,0,0
2020-01-02,899,0.4,NR, ,0,0,0
2020-01-02,996,0.4,NR, ,0,0,0
2020-01-03,1144,0.4,NR, ,0,0,0
2020-01-03,511,5.2,NR, ,0,0,0
2020-01-03,899,0.3,NR, ,0,0,0
2020-01-03,995,0.6,NR, ,0,0,0
2020-01-03,996,0.5,NR, ,0,0,0
2020-01-04,1144,0.3,NR, ,0,0,0
2020-01-04,511,5.4,NR, ,0,0,0
2020-01-04,899,0.4,NR, ,0,0,0
2020-01-04,996,0.4,NR, ,0,0,0
2020-01-06,1144,0.4,NR, ,0,0,0
2020-01-06,511,5.2,NR, ,0,0,0
2020-01-06,899,0.5,NR, ,0,0,0
2020-01-06,996,0.3,NR, ,0,0,0
2020-01-10,1144,0.3,NR, ,0,0,0
2020-01-10,511,5.4,NR, ,0,0,0
2020-01-10,899,0.4,NR, ,0,0,0
2020-01-10,995,0.6,NR, ,0,0,0
2020-01-10,996,0.3,NR, ,0,0,0
2020-01-13,1144,0.4,NR, ,0,0,0
2020-01-13,511,5.2,NR, ,0,0,0
2020-01-13,899,0.2,NR, ,0,0,0
2020-01-13,996,0.3,NR, ,0,0,0
2020-01-14,1144,0.3,NR, ,0,0,0
2020-01-14,511,5.4,NR, ,0,0,0
2020-01-14,899,0.4,NR, ,0,0,0
2020-01-14,996,0.5,NR, ,0,0,0
2020-01-15,1144,0.4,NR, ,0,0,0
2020-01-15,511,5.2,NR, ,0,0,0
2020-01-15,899,0.3,NR, ,0,0,0
2020-01-15,996,0.4,NR, ,0,0,0
2020-01-16,1144,0.3,NR, ,0,0,0
2020-01-16,511,5.3,NR, ,0,0,0
2020-01-16,899,0.5,NR, ,0,0,0
2020-01-16,996,0.3,NR, ,0,0,0
2020-01-17,1144,0.4,NR, ,0,0,0
2020-01-17,511,5.2,NR, ,0,0,0
2020-01-17,899,0.6,NR, ,0,0,0
2020-01-17,995,0.6,NR, ,0,0,0
2020-01-17,996,0.4,NR, ,0,0,0
2020-01-18,1144,0.3,NR, ,0,0,0
2020-01-18,511,5.4,NR, ,0,0,0
2020-01-18,899,0.5,NR, ,0,0,0
2020-01-18,996,0.3,NR, ,0,0,0
2020-01-20,1144,0.4,NR, ,0,0,0
2020-01-20,511,5.2,NR, ,0,0,0
2020-01-20,899,0.4,NR, ,0,0,0
2020-01-20,996,0.3,NR, ,0,0,0
2020-01-21,1144,0.3,NR, ,0,0,0
2020-01-21,511,5.2,NR, ,0,0,0
2020-01-21,899,0.5,NR, ,0,0,0
2020-01-21,996,0.3,NR, ,0,0,0
2020-01-22,1144,0.4,NR, ,0,0,0
2020-01-22,511,5.3,NR, ,0,0,0
2020-01-22,899,0.4,NR, ,0,0,0
2020-01-22,996,0.3,NR, ,0,0,0
2020-01-23,1144,0.3,NR, ,0,0,0
2020-01-23,511,5.2,NR, ,0,0,0
2020-01-23,899,0.3,NR, ,0,0,0
2020-01-23,996,0.3,NR, ,0,0,0
2020-01-24,1144,0.4,NR, ,0,0,0
2020-01-24,511,5.3,NR, ,0,0,0
2020-01-24,899,0.4,NR, ,0,0,0
2020-01-24,995,0.6,NR, ,0,0,0
2020-01-24,996,0.3,NR, ,0,0,0
2020-01-25,1144,0.3,NR, ,0,0,0
2020-01-25,511,5.2,NR, ,0,0,0
2020-01-25,899,0.3,NR, ,0,0,0
2020-01-25,996,0.3,NR, ,0,0,0
2020-01-27,1144,0.4,NR, ,0,0,0
2020-01-27,511,5.3,NR, ,0,0,0
2020-01-27,899,0.4,NR, ,0,0,0
2020-01-27,996,0.3,NR, ,0,0,0
2020-01-28,1144,0.4,NR, ,0,0,0
2020-01-28,511,5.2,NR, ,0,0,0
2020-01-28,899,0.3,NR, ,0,0,0
2020-01-28,996,0.3,NR, ,0,0,0
2020-01-29,1144,0.3,NR, ,0,0,0
2020-01-29,511,5,NR, ,0,0,0
2020-01-29,899,0.4,NR, ,0,0,0
2020-01-29,996,0.3,NR, ,0,0,0
2020-01-30,1144,0.4,NR, ,0,0,0
2020-01-30,511,5.2,NR, ,0,0,0
2020-01-30,899,0.3,NR, ,0,0,0
2020-01-30,996,0.3,NR, ,0,0,0
2020-01-31,1144,0.3,NR, ,0,0,0
2020-01-31,511,5.3,NR, ,0,0,0
2020-01-31,899,0.4,NR, ,0,0,0
2020-01-31,995,0.6,NR, ,0,0,0
2020-01-31,996,0.3,NR, ,0,0,0
