,0
2006-01-01,350.0
2006-01-02,350.0
2006-01-03,350.0
2006-01-04,350.0
2006-01-05,350.0
2006-01-06,400.0
2006-01-07,400.0
2006-01-08,350.0
2006-01-09,300.0
2006-01-10,300.0
2006-01-11,376.66666666666674
2006-01-12,453.33333333333337
2006-01-13,530.0
2006-01-14,488.33333333333326
2006-01-15,446.66666666666674
2006-01-16,405.0
2006-01-17,320.0
2006-01-18,290.0
2006-01-19,275.0
2006-01-20,272.5
2006-01-21,270.0
2006-01-22,360.0
2006-01-23,450.0
2006-01-24,540.0
2006-01-25,325.0
2006-01-26,327.5
2006-01-27,330.0
2006-01-28,293.3333333333333
2006-01-29,256.6666666666667
2006-01-30,220.0
2006-01-31,220.0
2006-02-01,240.0
2006-02-02,250.0
2006-02-03,250.0
2006-02-04,250.0
2006-02-05,245.0
2006-02-06,240.0
2006-02-07,240.0
2006-02-08,270.0
2006-02-09,350.0
2006-02-10,430.0
2006-02-11,373.33333333333326
2006-02-12,316.6666666666667
2006-02-13,260.0
2006-02-14,260.0
2006-02-15,250.0
2006-02-16,275.0
2006-02-17,345.0
2006-02-18,415.0
2006-02-19,342.5
2006-02-20,270.0
2006-02-21,235.0
2006-02-22,235.0
2006-02-23,235.0
2006-02-24,275.0
2006-02-25,300.0
2006-02-26,276.6666666666667
2006-02-27,253.33333333333331
2006-02-28,230.0
2006-03-01,230.0
2006-03-02,260.0
2006-03-03,250.0
2006-03-04,270.0
2006-03-05,261.6666666666667
2006-03-06,253.33333333333331
2006-03-07,245.0
2006-03-08,270.0
2006-03-09,260.0
2006-03-10,310.0
2006-03-11,281.6666666666667
2006-03-12,253.33333333333331
2006-03-13,225.0
2006-03-14,260.0
2006-03-15,295.0
2006-03-16,330.0
2006-03-17,307.5
2006-03-18,285.0
2006-03-19,262.5
2006-03-20,240.0
2006-03-21,235.0
2006-03-22,265.0
2006-03-23,280.0
2006-03-24,295.0
2006-03-25,310.0
2006-03-26,310.0
2006-03-27,310.0
2006-03-28,225.0
2006-03-29,230.0
2006-03-30,235.0
2006-03-31,240.0
2006-04-01,250.0
2006-04-02,260.0
2006-04-03,270.0
2006-04-04,270.0
2006-04-05,265.90909090909093
2006-04-06,261.8181818181818
2006-04-07,257.72727272727275
2006-04-08,253.63636363636363
2006-04-09,249.54545454545456
2006-04-10,245.45454545454544
2006-04-11,241.3636363636364
2006-04-12,237.27272727272728
2006-04-13,233.1818181818182
2006-04-14,229.0909090909091
2006-04-15,225.0
2006-04-16,230.0
2006-04-17,235.0
2006-04-18,235.0
2006-04-19,230.0
2006-04-20,230.0
2006-04-21,230.0
2006-04-22,230.0
2006-04-23,227.5
2006-04-24,225.0
2006-04-25,225.0
2006-04-26,275.0
2006-04-27,270.0
2006-04-28,295.0
2006-04-29,283.75
2006-04-30,272.5
2006-05-01,261.25
2006-05-02,250.0
2006-05-03,250.0
2006-05-04,245.83333333333331
2006-05-05,241.66666666666663
2006-05-06,237.5
2006-05-07,233.33333333333331
2006-05-08,229.16666666666663
2006-05-09,225.0
2006-05-10,217.5
2006-05-11,210.0
2006-05-12,210.0
2006-05-13,210.0
2006-05-14,210.0
2006-05-15,210.0
2006-05-16,235.0
2006-05-17,235.0
2006-05-18,242.5
2006-05-19,250.0
2006-05-20,240.0
2006-05-21,240.0
2006-05-22,240.0
2006-05-23,240.0
2006-05-24,240.0
2006-05-25,240.0
2006-05-26,240.0
2006-05-27,270.0
2006-05-28,280.0
2006-05-29,290.0
2006-05-30,210.0
2006-05-31,210.0
2006-06-01,235.0
2006-06-02,275.0
2006-06-03,325.0
2006-06-04,325.0
2006-06-05,325.0
2006-06-06,355.0
2006-06-07,325.0
2006-06-08,325.0
2006-06-09,275.0
2006-06-10,263.3333333333333
2006-06-11,251.66666666666663
2006-06-12,240.0
2006-06-13,325.0
2006-06-14,325.0
2006-06-15,340.0
2006-06-16,325.0
2006-06-17,320.0
2006-06-18,295.0
2006-06-19,270.0
2006-06-20,325.0
2006-06-21,317.5
2006-06-22,310.0
2006-06-23,310.0
2006-06-24,325.8333333333333
2006-06-25,341.6666666666667
2006-06-26,357.5
2006-06-27,373.33333333333326
2006-06-28,389.16666666666674
2006-06-29,405.0
2006-06-30,310.0
2006-07-01,316.6666666666667
2006-07-02,323.3333333333333
2006-07-03,330.0
2006-07-04,325.0
2006-07-05,510.0
2006-07-06,300.0
2006-07-07,310.0
2006-07-08,316.6666666666667
2006-07-09,323.3333333333333
2006-07-10,330.0
2006-07-11,346.0
2006-07-12,362.0
2006-07-13,300.0
2006-07-14,225.0
2006-07-15,250.0
2006-07-16,275.0
2006-07-17,300.0
2006-07-18,350.0
2006-07-19,370.0
2006-07-20,325.0
2006-07-21,310.0
2006-07-22,250.0
2006-07-23,262.5
2006-07-24,275.0
2006-07-25,325.0
2006-07-26,325.0
2006-07-27,275.0
2006-07-28,430.0
2006-07-29,310.0
2006-07-30,295.0
2006-07-31,280.0
2006-08-01,275.0
2006-08-02,250.0
2006-08-03,280.0
2006-08-04,310.0
2006-08-05,340.0
2006-08-06,315.0
2006-08-07,290.0
2006-08-08,325.0
2006-08-09,280.0
2006-08-10,350.0
2006-08-11,350.0
2006-08-12,343.3333333333333
2006-08-13,336.6666666666667
2006-08-14,330.0
2006-08-15,305.0
2006-08-16,280.0
2006-08-17,350.0
2006-08-18,355.0
2006-08-19,360.0
2006-08-20,333.3333333333333
2006-08-21,306.6666666666667
2006-08-22,280.0
2006-08-23,380.0
2006-08-24,350.0
2006-08-25,280.0
2006-08-26,330.0
2006-08-27,355.0
2006-08-28,380.0
2006-08-29,370.0
2006-08-30,320.0
2006-08-31,270.0
2006-09-01,350.0
2006-09-02,280.0
2006-09-03,305.0
2006-09-04,330.0
2006-09-05,380.0
2006-09-06,420.0
2006-09-07,240.0
2006-09-08,280.0
2006-09-09,261.6666666666667
2006-09-10,243.33333333333331
2006-09-11,225.0
2006-09-12,350.0
2006-09-13,275.0
2006-09-14,230.0
2006-09-15,227.5
2006-09-16,225.0
2006-09-17,282.5
2006-09-18,340.0
2006-09-19,225.0
2006-09-20,350.0
2006-09-21,340.0
2006-09-22,330.0
2006-09-23,333.3333333333333
2006-09-24,336.6666666666667
2006-09-25,340.0
2006-09-26,260.0
2006-09-27,280.0
2006-09-28,300.0
2006-09-29,320.0
2006-09-30,340.0
2006-10-01,340.0
2006-10-02,340.0
2006-10-03,340.0
2006-10-04,320.0
2006-10-05,315.0
2006-10-06,420.0
2006-10-07,402.0
2006-10-08,384.0
2006-10-09,366.0
2006-10-10,348.0
2006-10-11,330.0
2006-10-12,321.875
2006-10-13,313.75
2006-10-14,305.625
2006-10-15,297.5
2006-10-16,289.375
2006-10-17,281.25
2006-10-18,273.125
2006-10-19,265.0
2006-10-20,256.875
2006-10-21,248.75
2006-10-22,240.625
2006-10-23,232.5
2006-10-24,224.375
2006-10-25,216.25
2006-10-26,208.125
2006-10-27,200.0
2006-10-28,200.0
2006-10-29,270.0
2006-10-30,340.0
2006-10-31,275.0
2006-11-01,262.5
2006-11-02,250.0
2006-11-03,250.0
2006-11-04,250.0
2006-11-05,260.0
2006-11-06,270.0
2006-11-07,270.0
2006-11-08,271.6666666666667
2006-11-09,273.3333333333333
2006-11-10,275.0
2006-11-11,275.0
2006-11-12,275.0
2006-11-13,275.0
2006-11-14,275.0
2006-11-15,313.8888888888889
2006-11-16,352.77777777777777
2006-11-17,391.6666666666666
2006-11-18,430.5555555555555
2006-11-19,469.4444444444445
2006-11-20,508.33333333333326
2006-11-21,547.2222222222222
2006-11-22,586.1111111111112
2006-11-23,625.0
2006-11-24,562.5
2006-11-25,500.0
2006-11-26,437.5
2006-11-27,375.0
2006-11-28,312.5
2006-11-29,250.0
2006-11-30,462.5
2006-12-01,675.0
2006-12-02,651.7857142857142
2006-12-03,628.5714285714286
2006-12-04,605.3571428571429
2006-12-05,582.1428571428571
2006-12-06,558.9285714285714
2006-12-07,535.7142857142858
2006-12-08,512.5
2006-12-09,489.28571428571433
2006-12-10,466.07142857142856
2006-12-11,442.8571428571428
2006-12-12,419.6428571428571
2006-12-13,396.4285714285714
2006-12-14,373.21428571428567
2006-12-15,350.0
2006-12-16,341.6666666666667
2006-12-17,333.3333333333333
2006-12-18,325.0
2006-12-19,350.0
2006-12-20,375.0
2006-12-21,383.33333333333326
2006-12-22,391.66666666666674
2006-12-23,400.0
2006-12-24,416.66666666666674
2006-12-25,433.33333333333326
2006-12-26,450.0
2006-12-27,600.0
2006-12-28,616.6666666666666
2006-12-29,633.3333333333334
2006-12-30,650.0
2006-12-31,666.6666666666666
2007-01-01,683.3333333333334
2007-01-02,700.0
2007-01-03,700.0
2007-01-04,700.0
2007-01-05,662.5
2007-01-06,625.0
2007-01-07,587.5
2007-01-08,550.0
2007-01-09,550.0
2007-01-10,650.0
2007-01-11,650.0
2007-01-12,635.7142857142858
2007-01-13,621.4285714285714
2007-01-14,607.1428571428571
2007-01-15,592.8571428571429
2007-01-16,578.5714285714286
2007-01-17,564.2857142857142
2007-01-18,550.0
2007-01-19,650.0
2007-01-20,650.0
2007-01-21,800.0
2007-01-22,950.0
2007-01-23,600.0
2007-01-24,637.5
2007-01-25,675.0
2007-01-26,712.5
2007-01-27,750.0
2007-01-28,750.0
2007-01-29,750.0
2007-01-30,750.0
2007-01-31,750.0
2007-02-01,750.0
2007-02-02,750.0
2007-02-03,750.0
2007-02-04,750.0
2007-02-05,750.0
2007-02-06,750.0
2007-02-07,750.0
2007-02-08,750.0
2007-02-09,750.0
2007-02-10,750.0
2007-02-11,750.0
2007-02-12,750.0
2007-02-13,750.0
2007-02-14,750.0
2007-02-15,750.0
2007-02-16,770.0
2007-02-17,790.0
2007-02-18,810.0
2007-02-19,830.0
2007-02-20,850.0
2007-02-21,850.0
2007-02-22,850.0
2007-02-23,850.0
2007-02-24,850.0
2007-02-25,782.1428571428571
2007-02-26,714.2857142857142
2007-02-27,646.4285714285714
2007-02-28,578.5714285714286
2007-03-01,510.71428571428567
2007-03-02,442.8571428571428
2007-03-03,375.0
2007-03-04,375.0
2007-03-05,375.0
2007-03-06,360.0
2007-03-07,410.0
2007-03-08,425.0
2007-03-09,425.0
2007-03-10,475.0
2007-03-11,525.0
2007-03-12,575.0
2007-03-13,625.0
2007-03-14,650.0
2007-03-15,650.0
2007-03-16,650.0
2007-03-17,650.0
2007-03-18,666.6666666666666
2007-03-19,683.3333333333334
2007-03-20,700.0
2007-03-21,700.0
2007-03-22,700.0
2007-03-23,625.0
2007-03-24,550.0
2007-03-25,550.0
2007-03-26,550.0
2007-03-27,550.0
2007-03-28,550.0
2007-03-29,250.0
2007-03-30,350.0
2007-03-31,408.33333333333326
2007-04-01,466.66666666666674
2007-04-02,525.0
2007-04-03,525.0
2007-04-04,525.0
2007-04-05,550.0
2007-04-06,637.5
2007-04-07,725.0
2007-04-08,641.6666666666666
2007-04-09,558.3333333333334
2007-04-10,475.0
2007-04-11,525.0
2007-04-12,525.0
2007-04-13,475.0
2007-04-14,491.66666666666674
2007-04-15,508.33333333333326
2007-04-16,525.0
2007-04-17,625.0
2007-04-18,525.0
2007-04-19,525.0
2007-04-20,525.0
2007-04-21,525.0
2007-04-22,525.0
2007-04-23,525.0
2007-04-24,507.5
2007-04-25,490.0
2007-04-26,490.0
2007-04-27,490.0
2007-04-28,490.0
2007-04-29,532.5
2007-04-30,575.0
2007-05-01,575.0
2007-05-02,575.0
2007-05-03,558.3333333333334
2007-05-04,541.6666666666666
2007-05-05,525.0
2007-05-06,525.0
2007-05-07,525.0
2007-05-08,525.0
2007-05-09,525.0
2007-05-10,525.0
2007-05-11,525.0
2007-05-12,500.0
2007-05-13,475.0
2007-05-14,450.0
2007-05-15,525.0
2007-05-16,525.0
2007-05-17,525.0
2007-05-18,525.0
2007-05-19,525.0
2007-05-20,525.0
2007-05-21,525.0
2007-05-22,525.0
2007-05-23,525.0
2007-05-24,500.0
2007-05-25,506.25
2007-05-26,512.5
2007-05-27,518.75
2007-05-28,525.0
2007-05-29,575.0
2007-05-30,575.0
2007-05-31,625.0
2007-06-01,625.0
2007-06-02,625.0
2007-06-03,625.0
2007-06-04,625.0
2007-06-05,625.0
2007-06-06,650.0
2007-06-07,825.0
2007-06-08,825.0
2007-06-09,825.0
2007-06-10,825.0
2007-06-11,825.0
2007-06-12,775.0
2007-06-13,825.0
2007-06-14,775.0
2007-06-15,775.0
2007-06-16,975.0
2007-06-17,975.0
2007-06-18,975.0
2007-06-19,975.0
2007-06-20,900.0
2007-06-21,850.0
2007-06-22,850.0
2007-06-23,850.0
2007-06-24,850.0
2007-06-25,850.0
2007-06-26,950.0
2007-06-27,950.0
2007-06-28,950.0
2007-06-29,950.0
2007-06-30,950.0
2007-07-01,950.0
2007-07-02,950.0
2007-07-03,950.0
2007-07-04,950.0
2007-07-05,950.0
2007-07-06,950.0
2007-07-07,950.0
2007-07-08,941.6666666666665
2007-07-09,933.3333333333335
2007-07-10,925.0
2007-07-11,925.0
2007-07-12,925.0
2007-07-13,925.0
2007-07-14,925.0
2007-07-15,925.0
2007-07-16,925.0
2007-07-17,925.0
2007-07-18,1025.0
2007-07-19,925.0
2007-07-20,925.0
2007-07-21,925.0
2007-07-22,925.0
2007-07-23,925.0
2007-07-24,925.0
2007-07-25,1025.0
2007-07-26,1025.0
2007-07-27,1025.0
2007-07-28,1025.0
2007-07-29,1000.0
2007-07-30,975.0
2007-07-31,975.0
2007-08-01,975.0
2007-08-02,975.0
2007-08-03,975.0
2007-08-04,975.0
2007-08-05,975.0
2007-08-06,975.0
2007-08-07,975.0
2007-08-08,975.0
2007-08-09,975.0
2007-08-10,975.0
2007-08-11,975.0
2007-08-12,975.0
2007-08-13,975.0
2007-08-14,850.0
2007-08-15,875.0
2007-08-16,900.0
2007-08-17,900.0
2007-08-18,916.6666666666665
2007-08-19,933.3333333333335
2007-08-20,950.0
2007-08-21,1600.0
2007-08-22,1350.0
2007-08-23,1200.0
2007-08-24,1000.0
2007-08-25,1000.0
2007-08-26,1075.0
2007-08-27,1150.0
2007-08-28,1150.0
2007-08-29,1150.0
2007-08-30,1150.0
2007-08-31,1150.0
2007-09-01,1150.0
2007-09-02,1150.0
2007-09-03,1150.0
2007-09-04,600.0
2007-09-05,850.0
2007-09-06,850.0
2007-09-07,850.0
2007-09-08,800.0
2007-09-09,750.0
2007-09-10,700.0
2007-09-11,650.0
2007-09-12,650.0
2007-09-13,650.0
2007-09-14,650.0
2007-09-15,650.0
2007-09-16,650.0
2007-09-17,650.0
2007-09-18,650.0
2007-09-19,1100.0
2007-09-20,1100.0
2007-09-21,1100.0
2007-09-22,1100.0
2007-09-23,1100.0
2007-09-24,1100.0
2007-09-25,1100.0
2007-09-26,1100.0
2007-09-27,450.0
2007-09-28,450.0
2007-09-29,450.0
2007-09-30,450.0
2007-10-01,450.0
2007-10-02,450.0
2007-10-03,450.0
2007-10-04,450.0
2007-10-05,450.0
2007-10-06,1100.0
2007-10-07,1150.0
2007-10-08,1200.0
2007-10-09,900.0
2007-10-10,700.0
2007-10-11,500.0
2007-10-12,300.0
2007-10-13,333.3333333333333
2007-10-14,366.66666666666674
2007-10-15,400.0
2007-10-16,400.0
2007-10-17,1150.0
2007-10-18,1050.0
2007-10-19,1050.0
2007-10-20,800.0
2007-10-21,550.0
2007-10-22,300.0
2007-10-23,300.0
2007-10-24,300.0
2007-10-25,300.0
2007-10-26,500.0
2007-10-27,500.0
2007-10-28,500.0
2007-10-29,500.0
2007-10-30,450.0
2007-10-31,450.0
2007-11-01,400.0
2007-11-02,350.0
2007-11-03,350.0
2007-11-04,400.0
2007-11-05,450.0
2007-11-06,350.0
2007-11-07,300.0
2007-11-08,275.0
2007-11-09,250.0
2007-11-10,283.3333333333333
2007-11-11,316.6666666666667
2007-11-12,350.0
2007-11-13,350.0
2007-11-14,300.0
2007-11-15,300.0
2007-11-16,300.0
2007-11-17,500.0
2007-11-18,475.0
2007-11-19,450.0
2007-11-20,450.0
2007-11-21,450.0
2007-11-22,550.0
2007-11-23,450.0
2007-11-24,400.0
2007-11-25,350.0
2007-11-26,300.0
2007-11-27,300.0
2007-11-28,300.0
2007-11-29,300.0
2007-11-30,300.0
2007-12-01,300.0
2007-12-02,300.0
2007-12-03,300.0
2007-12-04,300.0
2007-12-05,300.0
2007-12-06,300.0
2007-12-07,300.0
2007-12-08,300.0
2007-12-09,300.0
2007-12-10,300.0
2007-12-11,300.0
2007-12-12,300.0
2007-12-13,300.0
2007-12-14,300.0
2007-12-15,300.0
2007-12-16,300.0
2007-12-17,300.0
2007-12-18,300.0
2007-12-19,300.0
2007-12-20,250.0
2007-12-21,262.5
2007-12-22,275.0
2007-12-23,295.3125
2007-12-24,315.625
2007-12-25,335.9375
2007-12-26,356.25
2007-12-27,376.5625
2007-12-28,396.875
2007-12-29,417.1875
2007-12-30,437.5
2007-12-31,457.8125
2008-01-01,478.125
2008-01-02,498.4375
2008-01-03,518.75
2008-01-04,539.0625
2008-01-05,559.375
2008-01-06,579.6875
2008-01-07,600.0
2008-01-08,600.0
2008-01-09,600.0
2008-01-10,600.0
2008-01-11,512.5
2008-01-12,425.0
2008-01-13,337.5
2008-01-14,250.0
2008-01-15,250.0
2008-01-16,250.0
2008-01-17,250.0
2008-01-18,550.0
2008-01-19,450.0
2008-01-20,350.0
2008-01-21,250.0
2008-01-22,250.0
2008-01-23,300.0
2008-01-24,300.0
2008-01-25,300.0
2008-01-26,300.0
2008-01-27,300.0
2008-01-28,300.0
2008-01-29,550.0
2008-01-30,546.4285714285714
2008-01-31,542.8571428571429
2008-02-01,539.2857142857143
2008-02-02,535.7142857142857
2008-02-03,532.1428571428571
2008-02-04,528.5714285714286
2008-02-05,525.0
2008-02-06,512.5
2008-02-07,500.0
2008-02-08,487.5
2008-02-09,475.0
2008-02-10,462.5
2008-02-11,450.0
2008-02-12,450.0
2008-02-13,450.0
2008-02-14,450.0
2008-02-15,300.0
2008-02-16,300.0
2008-02-17,300.0
2008-02-18,300.0
2008-02-19,300.0
2008-02-20,300.0
2008-02-21,300.0
2008-02-22,250.0
2008-02-23,250.0
2008-02-24,275.0
2008-02-25,300.0
2008-02-26,300.0
2008-02-27,300.0
2008-02-28,300.0
2008-02-29,300.0
2008-03-01,300.0
2008-03-02,300.0
2008-03-03,300.0
2008-03-04,300.0
2008-03-05,300.0
2008-03-06,300.0
2008-03-07,294.4444444444445
2008-03-08,288.8888888888889
2008-03-09,283.3333333333333
2008-03-10,277.77777777777777
2008-03-11,272.22222222222223
2008-03-12,266.6666666666667
2008-03-13,261.1111111111111
2008-03-14,255.55555555555557
2008-03-15,250.0
2008-03-16,250.0
2008-03-17,250.0
2008-03-18,250.0
2008-03-19,250.0
2008-03-20,250.0
2008-03-21,250.0
2008-03-22,250.0
2008-03-23,250.0
2008-03-24,250.0
2008-03-25,250.0
2008-03-26,250.0
2008-03-27,250.0
2008-03-28,250.0
2008-03-29,250.0
2008-03-30,250.0
2008-03-31,250.0
2008-04-01,250.0
2008-04-02,250.0
2008-04-03,250.0
2008-04-04,250.0
2008-04-05,275.0
2008-04-06,275.0
2008-04-07,275.0
2008-04-08,275.0
2008-04-09,300.0
2008-04-10,250.0
2008-04-11,250.0
2008-04-12,250.0
2008-04-13,250.0
2008-04-14,250.0
2008-04-15,250.0
2008-04-16,250.0
2008-04-17,250.0
2008-04-18,250.0
2008-04-19,250.0
2008-04-20,250.0
2008-04-21,250.0
2008-04-22,250.0
2008-04-23,225.0
2008-04-24,225.0
2008-04-25,225.0
2008-04-26,233.33333333333331
2008-04-27,241.66666666666663
2008-04-28,250.0
2008-04-29,250.0
2008-04-30,350.0
2008-05-01,350.0
2008-05-02,350.0
2008-05-03,350.0
2008-05-04,300.0
2008-05-05,250.0
2008-05-06,254.54545454545453
2008-05-07,259.09090909090907
2008-05-08,263.6363636363636
2008-05-09,268.1818181818182
2008-05-10,272.72727272727275
2008-05-11,277.27272727272725
2008-05-12,281.8181818181818
2008-05-13,286.3636363636364
2008-05-14,290.90909090909093
2008-05-15,295.45454545454544
2008-05-16,300.0
2008-05-17,325.0
2008-05-18,325.0
2008-05-19,325.0
2008-05-20,325.0
2008-05-21,325.0
2008-05-22,325.0
2008-05-23,325.0
2008-05-24,325.0
2008-05-25,325.0
2008-05-26,325.0
2008-05-27,325.0
2008-05-28,325.0
2008-05-29,325.0
2008-05-30,325.0
2008-05-31,500.0
2008-06-01,375.0
2008-06-02,250.0
2008-06-03,250.0
2008-06-04,250.0
2008-06-05,250.0
2008-06-06,375.0
2008-06-07,333.3333333333333
2008-06-08,291.6666666666667
2008-06-09,250.0
2008-06-10,250.0
2008-06-11,250.0
2008-06-12,250.0
2008-06-13,260.0
2008-06-14,270.0
2008-06-15,280.0
2008-06-16,290.0
2008-06-17,300.0
2008-06-18,300.0
2008-06-19,300.0
2008-06-20,300.0
2008-06-21,300.0
2008-06-22,300.0
2008-06-23,300.0
2008-06-24,300.0
2008-06-25,300.0
2008-06-26,375.0
2008-06-27,375.0
2008-06-28,375.0
2008-06-29,375.0
2008-06-30,375.0
2008-07-01,375.0
2008-07-02,375.0
2008-07-03,375.0
2008-07-04,375.0
2008-07-05,375.0
2008-07-06,375.0
2008-07-07,375.0
2008-07-08,375.0
2008-07-09,375.0
2008-07-10,375.0
2008-07-11,375.0
2008-07-12,375.0
2008-07-13,375.0
2008-07-14,375.0
2008-07-15,375.0
2008-07-16,375.0
2008-07-17,410.0
2008-07-18,600.0
2008-07-19,640.0
2008-07-20,720.0
2008-07-21,800.0
2008-07-22,800.0
2008-07-23,780.0
2008-07-24,750.0
2008-07-25,750.0
2008-07-26,820.0
2008-07-27,820.0
2008-07-28,820.0
2008-07-29,820.0
2008-07-30,820.0
2008-07-31,900.0
2008-08-01,900.0
2008-08-02,900.0
2008-08-03,900.0
2008-08-04,900.0
2008-08-05,900.0
2008-08-06,900.0
2008-08-07,980.0
2008-08-08,900.0
2008-08-09,900.0
2008-08-10,900.0
2008-08-11,900.0
2008-08-12,900.0
2008-08-13,750.0
2008-08-14,750.0
2008-08-15,725.0
2008-08-16,700.0
2008-08-17,675.0
2008-08-18,650.0
2008-08-19,700.0
2008-08-20,700.0
2008-08-21,725.0
2008-08-22,725.0
2008-08-23,650.0
2008-08-24,687.5
2008-08-25,725.0
2008-08-26,750.0
2008-08-27,650.0
2008-08-28,550.0
2008-08-29,550.0
2008-08-30,550.0
2008-08-31,575.0
2008-09-01,600.0
2008-09-02,550.0
2008-09-03,450.0
2008-09-04,350.0
2008-09-05,425.0
2008-09-06,500.0
2008-09-07,450.0
2008-09-08,400.0
2008-09-09,400.0
2008-09-10,393.33333333333326
2008-09-11,386.66666666666674
2008-09-12,380.0
2008-09-13,373.33333333333326
2008-09-14,366.66666666666674
2008-09-15,360.0
2008-09-16,353.33333333333326
2008-09-17,346.66666666666674
2008-09-18,340.0
2008-09-19,333.3333333333333
2008-09-20,326.66666666666663
2008-09-21,320.0
2008-09-22,313.3333333333333
2008-09-23,306.66666666666663
2008-09-24,300.0
2008-09-25,350.0
2008-09-26,250.0
2008-09-27,300.0
2008-09-28,300.0
2008-09-29,300.0
2008-09-30,300.0
2008-10-01,300.0
2008-10-02,425.0
2008-10-03,550.0
2008-10-04,512.5
2008-10-05,475.0
2008-10-06,437.5
2008-10-07,400.0
2008-10-08,441.66666666666674
2008-10-09,483.33333333333326
2008-10-10,525.0
2008-10-11,566.6666666666666
2008-10-12,608.3333333333333
2008-10-13,650.0
2008-10-14,250.0
2008-10-15,425.0
2008-10-16,600.0
2008-10-17,560.0
2008-10-18,550.0
2008-10-19,525.0
2008-10-20,500.0
2008-10-21,475.0
2008-10-22,387.5
2008-10-23,300.0
2008-10-24,320.0
2008-10-25,340.0
2008-10-26,360.0
2008-10-27,380.0
2008-10-28,400.0
2008-10-29,425.0
2008-10-30,450.0
2008-10-31,512.5
2008-11-01,575.0
2008-11-02,637.5
2008-11-03,700.0
2008-11-04,800.0
2008-11-05,400.0
2008-11-06,575.0
2008-11-07,750.0
2008-11-08,633.3333333333334
2008-11-09,516.6666666666666
2008-11-10,400.0
2008-11-11,400.0
2008-11-12,433.33333333333326
2008-11-13,466.66666666666674
2008-11-14,500.0
2008-11-15,533.3333333333334
2008-11-16,566.6666666666667
2008-11-17,600.0
2008-11-18,625.0
2008-11-19,650.0
2008-11-20,675.0
2008-11-21,700.0
2008-11-22,700.0
2008-11-23,733.3333333333335
2008-11-24,766.6666666666665
2008-11-25,800.0
2008-11-26,675.0
2008-11-27,550.0
2008-11-28,587.5
2008-11-29,625.0
2008-11-30,662.5
2008-12-01,700.0
2008-12-02,700.0
2008-12-03,700.0
2008-12-04,1350.0
2008-12-05,1241.6666666666667
2008-12-06,1133.3333333333333
2008-12-07,1025.0
2008-12-08,916.6666666666667
2008-12-09,808.3333333333335
2008-12-10,700.0
2008-12-11,700.0
2008-12-12,700.0
2008-12-13,710.5263157894735
2008-12-14,721.0526315789474
2008-12-15,731.578947368421
2008-12-16,742.1052631578948
2008-12-17,752.6315789473683
2008-12-18,763.1578947368422
2008-12-19,773.6842105263157
2008-12-20,784.2105263157895
2008-12-21,794.736842105263
2008-12-22,805.263157894737
2008-12-23,815.7894736842105
2008-12-24,826.3157894736843
2008-12-25,836.8421052631578
2008-12-26,847.3684210526317
2008-12-27,857.8947368421052
2008-12-28,868.421052631579
2008-12-29,878.9473684210527
2008-12-30,889.4736842105265
2008-12-31,900.0
2009-01-01,910.5263157894738
2009-01-02,921.0526315789474
2009-01-03,931.578947368421
2009-01-04,942.1052631578948
2009-01-05,952.6315789473683
2009-01-06,963.1578947368421
2009-01-07,973.6842105263157
2009-01-08,984.2105263157896
2009-01-09,994.7368421052632
2009-01-10,1005.2631578947368
2009-01-11,1015.7894736842104
2009-01-12,1026.3157894736842
2009-01-13,1036.842105263158
2009-01-14,1047.3684210526317
2009-01-15,1057.8947368421054
2009-01-16,1068.421052631579
2009-01-17,1078.9473684210527
2009-01-18,1089.4736842105262
2009-01-19,1100.0
2009-01-20,1100.0
2009-01-21,1100.0
2009-01-22,1100.0
2009-01-23,1075.0
2009-01-24,1050.0
2009-01-25,1025.0
2009-01-26,1000.0
2009-01-27,975.0
2009-01-28,720.0
2009-01-29,720.0
2009-01-30,715.0
2009-01-31,710.0
2009-02-01,753.0
2009-02-02,796.0
2009-02-03,839.0
2009-02-04,882.0
2009-02-05,925.0
2009-02-06,930.0
2009-02-07,916.25
2009-02-08,902.5
2009-02-09,888.75
2009-02-10,875.0
2009-02-11,850.8333333333335
2009-02-12,826.6666666666665
2009-02-13,802.5
2009-02-14,778.3333333333335
2009-02-15,754.1666666666665
2009-02-16,730.0
2009-02-17,722.5
2009-02-18,715.0
2009-02-19,707.5
2009-02-20,700.0
2009-02-21,725.0
2009-02-22,750.0
2009-02-23,775.0
2009-02-24,800.0
2009-02-25,850.0
2009-02-26,850.0
2009-02-27,850.0
2009-02-28,745.0
2009-03-01,745.0
2009-03-02,745.0
2009-03-03,745.0
2009-03-04,745.0
2009-03-05,925.0
2009-03-06,875.0
2009-03-07,825.0
2009-03-08,775.0
2009-03-09,725.0
2009-03-10,675.0
2009-03-11,625.0
2009-03-12,575.0
2009-03-13,650.0
2009-03-14,706.25
2009-03-15,762.5
2009-03-16,818.75
2009-03-17,875.0
2009-03-18,680.0
2009-03-19,650.0
2009-03-20,650.0
2009-03-21,628.5
2009-03-22,607.0
2009-03-23,585.5
2009-03-24,564.0
2009-03-25,542.5
2009-03-26,521.0
2009-03-27,499.5
2009-03-28,478.0
2009-03-29,456.5
2009-03-30,435.0
2009-03-31,435.0
2009-04-01,435.0
2009-04-02,435.0
2009-04-03,435.0
2009-04-04,435.0
2009-04-05,420.0
2009-04-06,405.0
2009-04-07,390.0
2009-04-08,375.0
2009-04-09,389.28571428571433
2009-04-10,403.57142857142856
2009-04-11,417.8571428571429
2009-04-12,432.1428571428572
2009-04-13,446.4285714285714
2009-04-14,460.71428571428567
2009-04-15,475.0
2009-04-16,475.0
2009-04-17,475.0
2009-04-18,441.66666666666674
2009-04-19,408.33333333333326
2009-04-20,375.0
2009-04-21,415.0
2009-04-22,455.0
2009-04-23,457.08333333333326
2009-04-24,459.16666666666674
2009-04-25,461.25
2009-04-26,463.33333333333326
2009-04-27,465.41666666666674
2009-04-28,467.5
2009-04-29,469.58333333333326
2009-04-30,471.66666666666674
2009-05-01,473.75
2009-05-02,475.83333333333326
2009-05-03,477.91666666666674
2009-05-04,480.0
2009-05-05,480.0
2009-05-06,575.0
2009-05-07,527.5
2009-05-08,480.0
2009-05-09,469.5
2009-05-10,459.0
2009-05-11,448.5
2009-05-12,438.0
2009-05-13,427.5
2009-05-14,417.0
2009-05-15,406.5
2009-05-16,396.0
2009-05-17,385.5
2009-05-18,375.0
2009-05-19,475.0
2009-05-20,475.0
2009-05-21,475.0
2009-05-22,475.0
2009-05-23,350.0
2009-05-24,350.0
2009-05-25,350.0
2009-05-26,450.0
2009-05-27,450.0
2009-05-28,450.0
2009-05-29,450.0
2009-05-30,450.0
2009-05-31,483.33333333333326
2009-06-01,516.6666666666666
2009-06-02,550.0
2009-06-03,550.0
2009-06-04,550.0
2009-06-05,550.0
2009-06-06,550.0
2009-06-07,550.0
2009-06-08,550.0
2009-06-09,550.0
2009-06-10,550.0
2009-06-11,475.0
2009-06-12,400.0
2009-06-13,433.33333333333326
2009-06-14,466.66666666666674
2009-06-15,500.0
2009-06-16,500.0
2009-06-17,500.0
2009-06-18,500.0
2009-06-19,500.0
2009-06-20,500.0
2009-06-21,500.0
2009-06-22,500.0
2009-06-23,500.0
2009-06-24,500.0
2009-06-25,500.0
2009-06-26,500.0
2009-06-27,500.0
2009-06-28,500.0
2009-06-29,500.0
2009-06-30,500.0
2009-07-01,550.0
2009-07-02,550.0
2009-07-03,550.0
2009-07-04,550.0
2009-07-05,550.0
2009-07-06,550.0
2009-07-07,550.0
2009-07-08,550.0
2009-07-09,550.0
2009-07-10,550.0
2009-07-11,550.0
2009-07-12,550.0
2009-07-13,550.0
2009-07-14,550.0
2009-07-15,550.0
2009-07-16,550.0
2009-07-17,550.0
2009-07-18,550.0
2009-07-19,550.0
2009-07-20,550.0
2009-07-21,550.0
2009-07-22,550.0
2009-07-23,550.0
2009-07-24,550.0
2009-07-25,550.0
2009-07-26,550.0
2009-07-27,550.0
2009-07-28,550.0
2009-07-29,650.0
2009-07-30,650.0
2009-07-31,650.0
2009-08-01,650.0
2009-08-02,650.0
2009-08-03,650.0
2009-08-04,625.0
2009-08-05,625.0
2009-08-06,625.0
2009-08-07,625.0
2009-08-08,640.0
2009-08-09,655.0
2009-08-10,670.0
2009-08-11,685.0
2009-08-12,700.0
2009-08-13,700.0
2009-08-14,700.0
2009-08-15,683.3333333333334
2009-08-16,666.6666666666666
2009-08-17,650.0
2009-08-18,687.5
2009-08-19,725.0
2009-08-20,650.0
2009-08-21,650.0
2009-08-22,583.3333333333334
2009-08-23,516.6666666666666
2009-08-24,450.0
2009-08-25,453.57142857142856
2009-08-26,457.1428571428572
2009-08-27,460.71428571428567
2009-08-28,464.28571428571433
2009-08-29,467.8571428571428
2009-08-30,471.4285714285714
2009-08-31,475.0
2009-09-01,478.57142857142856
2009-09-02,482.1428571428572
2009-09-03,485.71428571428567
2009-09-04,489.28571428571433
2009-09-05,492.8571428571429
2009-09-06,496.4285714285714
2009-09-07,500.0
2009-09-08,525.0
2009-09-09,550.0
2009-09-10,575.0
2009-09-11,600.0
2009-09-12,625.0
2009-09-13,650.0
2009-09-14,675.0
2009-09-15,700.0
2009-09-16,725.0
2009-09-17,750.0
2009-09-18,775.0
2009-09-19,800.0
2009-09-20,825.0
2009-09-21,850.0
2009-09-22,875.0
2009-09-23,900.0
2009-09-24,925.0
2009-09-25,950.0
2009-09-26,975.0
2009-09-27,1000.0
2009-09-28,1025.0
2009-09-29,1050.0
2009-09-30,1075.0
2009-10-01,1100.0
2009-10-02,1125.0
2009-10-03,1150.0
2009-10-04,1125.0
2009-10-05,1100.0
2009-10-06,1000.0
2009-10-07,1400.0
2009-10-08,1350.0
2009-10-09,1000.0
2009-10-10,966.6666666666665
2009-10-11,933.3333333333335
2009-10-12,900.0
2009-10-13,800.0
2009-10-14,950.0
2009-10-15,900.0
2009-10-16,850.0
2009-10-17,937.5
2009-10-18,1025.0
2009-10-19,1112.5
2009-10-20,1200.0
2009-10-21,1150.0
2009-10-22,1150.0
2009-10-23,1150.0
2009-10-24,1200.0
2009-10-25,1050.0
2009-10-26,900.0
2009-10-27,900.0
2009-10-28,900.0
2009-10-29,1000.0
2009-10-30,1050.0
2009-10-31,1050.0
2009-11-01,1100.0
2009-11-02,1150.0
2009-11-03,1150.0
2009-11-04,1100.0
2009-11-05,1075.0
2009-11-06,1050.0
2009-11-07,1066.6666666666667
2009-11-08,1083.3333333333333
2009-11-09,1100.0
2009-11-10,1100.0
2009-11-11,1200.0
2009-11-12,1100.0
2009-11-13,1200.0
2009-11-14,1300.0
2009-11-15,1400.0
2009-11-16,1500.0
2009-11-17,1850.0
2009-11-18,1700.0
2009-11-19,1550.0
2009-11-20,1550.0
2009-11-21,1250.0
2009-11-22,1187.5
2009-11-23,1125.0
2009-11-24,1412.5
2009-11-25,1700.0
2009-11-26,1600.0
2009-11-27,1650.0
2009-11-28,1733.333333333333
2009-11-29,1816.666666666667
2009-11-30,1900.0
2009-12-01,1900.0
2009-12-02,1300.0
2009-12-03,1400.0
2009-12-04,1400.0
2009-12-05,1400.0
2009-12-06,1425.0
2009-12-07,1450.0
2009-12-08,1400.0
2009-12-09,1275.0
2009-12-10,1275.0
2009-12-11,1500.0
2009-12-12,1483.333333333333
2009-12-13,1466.666666666667
2009-12-14,1450.0
2009-12-15,1400.0
2009-12-16,1550.0
2009-12-17,1450.0
2009-12-18,1400.0
2009-12-19,1600.0
2009-12-20,1525.0
2009-12-21,1450.0
2009-12-22,1450.0
2009-12-23,1550.0
2009-12-24,1350.0
2009-12-25,1350.0
2009-12-26,1350.0
2009-12-27,1433.333333333333
2009-12-28,1516.666666666667
2009-12-29,1600.0
2009-12-30,1550.0
2009-12-31,1500.0
2010-01-01,1450.0
2010-01-02,1250.0
2010-01-03,1175.0
2010-01-04,1100.0
2010-01-05,1100.0
2010-01-06,1300.0
2010-01-07,1100.0
2010-01-08,1200.0
2010-01-09,1183.3333333333333
2010-01-10,1166.6666666666667
2010-01-11,1150.0
2010-01-12,1050.0
2010-01-13,725.0
2010-01-14,787.5
2010-01-15,850.0
2010-01-16,1200.0
2010-01-17,1200.0
2010-01-18,1200.0
2010-01-19,1350.0
2010-01-20,1150.0
2010-01-21,1350.0
2010-01-22,1250.0
2010-01-23,950.0
2010-01-24,1025.0
2010-01-25,1100.0
2010-01-26,1150.0
2010-01-27,1200.0
2010-01-28,1200.0
2010-01-29,1050.0
2010-01-30,1050.0
2010-01-31,1050.0
2010-02-01,1050.0
2010-02-02,1050.0
2010-02-03,1050.0
2010-02-04,1050.0
2010-02-05,1100.0
2010-02-06,1100.0
2010-02-07,1125.0
2010-02-08,1150.0
2010-02-09,1100.0
2010-02-10,1100.0
2010-02-11,950.0
2010-02-12,950.0
2010-02-13,950.0
2010-02-14,950.0
2010-02-15,950.0
2010-02-16,1000.0
2010-02-17,950.0
2010-02-18,1000.0
2010-02-19,900.0
2010-02-20,900.0
2010-02-21,875.0
2010-02-22,850.0
2010-02-23,850.0
2010-02-24,825.0
2010-02-25,800.0
2010-02-26,775.0
2010-02-27,750.0
2010-02-28,725.0
2010-03-01,700.0
2010-03-02,675.0
2010-03-03,700.0
2010-03-04,675.0
2010-03-05,750.0
2010-03-06,800.0
2010-03-07,775.0
2010-03-08,750.0
2010-03-09,850.0
2010-03-10,700.0
2010-03-11,675.0
2010-03-12,650.0
2010-03-13,616.6666666666666
2010-03-14,583.3333333333334
2010-03-15,550.0
2010-03-16,537.5
2010-03-17,525.0
2010-03-18,525.0
2010-03-19,525.0
2010-03-20,475.0
2010-03-21,555.0
2010-03-22,635.0
2010-03-23,650.0
2010-03-24,650.0
2010-03-25,600.0
2010-03-26,590.0
2010-03-27,575.0
2010-03-28,587.5
2010-03-29,600.0
2010-03-30,610.0
2010-03-31,590.0
2010-04-01,725.0
2010-04-02,637.5
2010-04-03,550.0
2010-04-04,540.0
2010-04-05,530.0
2010-04-06,650.0
2010-04-07,515.0
2010-04-08,507.5
2010-04-09,500.0
2010-04-10,475.0
2010-04-11,450.0
2010-04-12,425.0
2010-04-13,425.0
2010-04-14,437.5
2010-04-15,450.0
2010-04-16,425.0
2010-04-17,500.0
2010-04-18,487.5
2010-04-19,475.0
2010-04-20,450.0
2010-04-21,450.0
2010-04-22,500.0
2010-04-23,500.0
2010-04-24,510.0
2010-04-25,505.0
2010-04-26,500.0
2010-04-27,475.0
2010-04-28,525.0
2010-04-29,525.0
2010-04-30,525.0
2010-05-01,525.0
2010-05-02,525.0
2010-05-03,525.0
2010-05-04,525.0
2010-05-05,450.0
2010-05-06,525.0
2010-05-07,500.0
2010-05-08,508.33333333333326
2010-05-09,516.6666666666666
2010-05-10,525.0
2010-05-11,525.0
2010-05-12,500.0
2010-05-13,515.0
2010-05-14,515.0
2010-05-15,550.0
2010-05-16,550.0
2010-05-17,550.0
2010-05-18,625.0
2010-05-19,800.0
2010-05-20,650.0
2010-05-21,600.0
2010-05-22,625.0
2010-05-23,587.5
2010-05-24,550.0
2010-05-25,525.0
2010-05-26,550.0
2010-05-27,625.0
2010-05-28,525.0
2010-05-29,600.0
2010-05-30,575.0
2010-05-31,550.0
2010-06-01,600.0
2010-06-02,600.0
2010-06-03,600.0
2010-06-04,600.0
2010-06-05,615.0
2010-06-06,582.5
2010-06-07,550.0
2010-06-08,600.0
2010-06-09,650.0
2010-06-10,650.0
2010-06-11,650.0
2010-06-12,650.0
2010-06-13,650.0
2010-06-14,650.0
2010-06-15,650.0
2010-06-16,750.0
2010-06-17,750.0
2010-06-18,700.0
2010-06-19,725.0
2010-06-20,625.0
2010-06-21,525.0
2010-06-22,550.0
2010-06-23,550.0
2010-06-24,550.0
2010-06-25,615.0
2010-06-26,650.0
2010-06-27,662.5
2010-06-28,675.0
2010-06-29,650.0
2010-06-30,800.0
2010-07-01,615.0
2010-07-02,632.5
2010-07-03,650.0
2010-07-04,650.0
2010-07-05,650.0
2010-07-06,650.0
2010-07-07,700.0
2010-07-08,700.0
2010-07-09,650.0
2010-07-10,675.0
2010-07-11,700.0
2010-07-12,725.0
2010-07-13,700.0
2010-07-14,600.0
2010-07-15,625.0
2010-07-16,625.0
2010-07-17,700.0
2010-07-18,700.0
2010-07-19,700.0
2010-07-20,700.0
2010-07-21,600.0
2010-07-22,700.0
2010-07-23,700.0
2010-07-24,675.0
2010-07-25,667.5
2010-07-26,660.0
2010-07-27,700.0
2010-07-28,900.0
2010-07-29,800.0
2010-07-30,725.0
2010-07-31,650.0
2010-08-01,650.0
2010-08-02,650.0
2010-08-03,675.0
2010-08-04,725.0
2010-08-05,675.0
2010-08-06,700.0
2010-08-07,700.0
2010-08-08,737.5
2010-08-09,775.0
2010-08-10,775.0
2010-08-11,750.0
2010-08-12,750.0
2010-08-13,900.0
2010-08-14,866.6666666666665
2010-08-15,833.3333333333335
2010-08-16,800.0
2010-08-17,800.0
2010-08-18,900.0
2010-08-19,700.0
2010-08-20,900.0
2010-08-21,800.0
2010-08-22,800.0
2010-08-23,800.0
2010-08-24,825.0
2010-08-25,750.0
2010-08-26,950.0
2010-08-27,800.0
2010-08-28,600.0
2010-08-29,600.0
2010-08-30,600.0
2010-08-31,700.0
2010-09-01,700.0
2010-09-02,700.0
2010-09-03,700.0
2010-09-04,666.6666666666666
2010-09-05,633.3333333333334
2010-09-06,600.0
2010-09-07,600.0
2010-09-08,700.0
2010-09-09,600.0
2010-09-10,628.5714285714286
2010-09-11,657.1428571428571
2010-09-12,685.7142857142858
2010-09-13,714.2857142857142
2010-09-14,742.8571428571429
2010-09-15,771.4285714285713
2010-09-16,800.0
2010-09-17,800.0
2010-09-18,800.0
2010-09-19,800.0
2010-09-20,800.0
2010-09-21,800.0
2010-09-22,700.0
2010-09-23,700.0
2010-09-24,900.0
2010-09-25,800.0
2010-09-26,800.0
2010-09-27,800.0
2010-09-28,800.0
2010-09-29,800.0
2010-09-30,900.0
2010-10-01,800.0
2010-10-02,830.0
2010-10-03,860.0
2010-10-04,890.0
2010-10-05,920.0
2010-10-06,950.0
2010-10-07,900.0
2010-10-08,850.0
2010-10-09,833.3333333333335
2010-10-10,816.6666666666665
2010-10-11,800.0
2010-10-12,800.0
2010-10-13,800.0
2010-10-14,800.0
2010-10-15,600.0
2010-10-16,666.6666666666666
2010-10-17,733.3333333333335
2010-10-18,800.0
2010-10-19,875.0
2010-10-20,950.0
2010-10-21,800.0
2010-10-22,800.0
2010-10-23,800.0
2010-10-24,800.0
2010-10-25,800.0
2010-10-26,800.0
2010-10-27,600.0
2010-10-28,700.0
2010-10-29,700.0
2010-10-30,700.0
2010-10-31,766.6666666666665
2010-11-01,833.3333333333335
2010-11-02,900.0
2010-11-03,900.0
2010-11-04,900.0
2010-11-05,900.0
2010-11-06,900.0
2010-11-07,900.0
2010-11-08,900.0
2010-11-09,1200.0
2010-11-10,1200.0
2010-11-11,1400.0
2010-11-12,1370.0
2010-11-13,1340.0
2010-11-14,1310.0
2010-11-15,1280.0
2010-11-16,1250.0
2010-11-17,1220.0
2010-11-18,1190.0
2010-11-19,1160.0
2010-11-20,1130.0
2010-11-21,1100.0
2010-11-22,1070.0
2010-11-23,1040.0
2010-11-24,1010.0
2010-11-25,980.0
2010-11-26,950.0
2010-11-27,920.0
2010-11-28,890.0
2010-11-29,860.0
2010-11-30,830.0
2010-12-01,800.0
2010-12-02,800.0
2010-12-03,900.0
2010-12-04,1000.0
2010-12-05,1000.0
2010-12-06,1000.0
2010-12-07,1200.0
2010-12-08,800.0
2010-12-09,1200.0
2010-12-10,1500.0
2010-12-11,1666.666666666667
2010-12-12,1833.333333333333
2010-12-13,2000.0
2010-12-14,1912.5
2010-12-15,1825.0
2010-12-16,1825.0
2010-12-17,1825.0
2010-12-18,1825.0
2010-12-19,1912.5
2010-12-20,2000.0
2010-12-21,1900.0
2010-12-22,1800.0
2010-12-23,900.0
2010-12-24,1500.0
2010-12-25,1500.0
2010-12-26,1500.0
2010-12-27,1500.0
2010-12-28,1500.0
2010-12-29,1600.0
2010-12-30,1600.0
2010-12-31,1600.0
2011-01-01,1500.0
2011-01-02,1500.0
2011-01-03,1500.0
2011-01-04,1700.0
2011-01-05,1900.0
2011-01-06,1900.0
2011-01-07,1900.0
2011-01-08,1500.0
2011-01-09,1500.0
2011-01-10,1500.0
2011-01-11,1500.0
2011-01-12,1500.0
2011-01-13,1600.0
2011-01-14,1500.0
2011-01-15,1500.0
2011-01-16,1500.0
2011-01-17,1500.0
2011-01-18,1500.0
2011-01-19,1500.0
2011-01-20,1500.0
2011-01-21,1400.0
2011-01-22,1400.0
2011-01-23,1350.0
2011-01-24,1300.0
2011-01-25,1100.0
2011-01-26,1000.0
2011-01-27,900.0
2011-01-28,800.0
2011-01-29,1000.0
2011-01-30,1050.0
2011-01-31,1100.0
2011-02-01,1100.0
2011-02-02,1000.0
2011-02-03,900.0
2011-02-04,900.0
2011-02-05,800.0
2011-02-06,850.0
2011-02-07,900.0
2011-02-08,900.0
2011-02-09,900.0
2011-02-10,700.0
2011-02-11,700.0
2011-02-12,733.3333333333335
2011-02-13,766.6666666666665
2011-02-14,800.0
2011-02-15,800.0
2011-02-16,800.0
2011-02-17,800.0
2011-02-18,800.0
2011-02-19,750.0
2011-02-20,750.0
2011-02-21,750.0
2011-02-22,900.0
2011-02-23,975.0
2011-02-24,930.0
2011-02-25,875.0
2011-02-26,875.0
2011-02-27,917.5
2011-02-28,960.0
2011-03-01,700.0
2011-03-02,650.0
2011-03-03,600.0
2011-03-04,500.0
2011-03-05,500.0
2011-03-06,450.0
2011-03-07,400.0
2011-03-08,480.0
2011-03-09,500.0
2011-03-10,500.0
2011-03-11,530.0
2011-03-12,523.3333333333334
2011-03-13,516.6666666666666
2011-03-14,510.0
2011-03-15,580.0
2011-03-16,600.0
2011-03-17,580.0
2011-03-18,575.0
2011-03-19,560.0
2011-03-20,570.0
2011-03-21,580.0
2011-03-22,500.0
2011-03-23,525.0
2011-03-24,550.0
2011-03-25,560.0
2011-03-26,560.0
2011-03-27,517.5
2011-03-28,475.0
2011-03-29,575.0
2011-03-30,560.0
2011-03-31,570.0
2011-04-01,560.0
2011-04-02,475.0
2011-04-03,510.0
2011-04-04,545.0
2011-04-05,580.0
2011-04-06,580.0
2011-04-07,560.0
2011-04-08,500.0
2011-04-09,520.0
2011-04-10,540.0
2011-04-11,560.0
2011-04-12,640.0
2011-04-13,560.0
2011-04-14,540.0
2011-04-15,520.0
2011-04-16,533.3333333333334
2011-04-17,546.6666666666666
2011-04-18,560.0
2011-04-19,600.0
2011-04-20,560.0
2011-04-21,600.0
2011-04-22,640.0
2011-04-23,680.0
2011-04-24,655.0
2011-04-25,630.0
2011-04-26,630.0
2011-04-27,680.0
2011-04-28,650.0
2011-04-29,575.0
2011-04-30,615.0
2011-05-01,607.5
2011-05-02,600.0
2011-05-03,660.0
2011-05-04,500.0
2011-05-05,475.0
2011-05-06,462.5
2011-05-07,450.0
2011-05-08,462.5
2011-05-09,475.0
2011-05-10,500.0
2011-05-11,540.0
2011-05-12,550.0
2011-05-13,550.0
2011-05-14,541.6666666666666
2011-05-15,533.3333333333334
2011-05-16,525.0
2011-05-17,500.0
2011-05-18,500.0
2011-05-19,430.0
2011-05-20,400.0
2011-05-21,280.0
2011-05-22,330.0
2011-05-23,380.0
2011-05-24,400.0
2011-05-25,400.0
2011-05-26,500.0
2011-05-27,500.0
2011-05-28,500.0
2011-05-29,500.0
2011-05-30,500.0
2011-05-31,500.0
2011-06-01,500.0
2011-06-02,500.0
2011-06-03,500.0
2011-06-04,500.0
2011-06-05,537.5
2011-06-06,575.0
2011-06-07,600.0
2011-06-08,600.0
2011-06-09,570.0
2011-06-10,670.0
2011-06-11,646.6666666666666
2011-06-12,623.3333333333334
2011-06-13,600.0
2011-06-14,600.0
2011-06-15,500.0
2011-06-16,500.0
2011-06-17,600.0
2011-06-18,600.0
2011-06-19,650.0
2011-06-20,700.0
2011-06-21,875.0
2011-06-22,875.0
2011-06-23,860.0
2011-06-24,930.0
2011-06-25,900.0
2011-06-26,900.0
2011-06-27,900.0
2011-06-28,860.0
2011-06-29,860.0
2011-06-30,860.0
2011-07-01,860.0
2011-07-02,650.0
2011-07-03,675.0
2011-07-04,700.0
2011-07-05,600.0
2011-07-06,650.0
2011-07-07,700.0
2011-07-08,700.0
2011-07-09,683.3333333333334
2011-07-10,666.6666666666666
2011-07-11,650.0
2011-07-12,700.0
2011-07-13,700.0
2011-07-14,700.0
2011-07-15,700.0
2011-07-16,700.0
2011-07-17,700.0
2011-07-18,700.0
2011-07-19,700.0
2011-07-20,700.0
2011-07-21,750.0
2011-07-22,600.0
2011-07-23,600.0
2011-07-24,615.0
2011-07-25,630.0
2011-07-26,700.0
2011-07-27,700.0
2011-07-28,700.0
2011-07-29,700.0
2011-07-30,700.0
2011-07-31,700.0
2011-08-01,700.0
2011-08-02,760.0
2011-08-03,760.0
2011-08-04,800.0
2011-08-05,800.0
2011-08-06,780.0
2011-08-07,770.0
2011-08-08,760.0
2011-08-09,740.0
2011-08-10,780.0
2011-08-11,740.0
2011-08-12,760.0
2011-08-13,770.0
2011-08-14,780.0
2011-08-15,790.0
2011-08-16,800.0
2011-08-17,850.0
2011-08-18,840.0
2011-08-19,860.0
2011-08-20,860.0
2011-08-21,830.0
2011-08-22,800.0
2011-08-23,800.0
2011-08-24,780.0
2011-08-25,800.0
2011-08-26,800.0
2011-08-27,1100.0
2011-08-28,1120.0
2011-08-29,1140.0
2011-08-30,1100.0
2011-08-31,1033.3333333333333
2011-09-01,966.6666666666665
2011-09-02,900.0
2011-09-03,1180.0
2011-09-04,1170.0
2011-09-05,1160.0
2011-09-06,1260.0
2011-09-07,1220.0
2011-09-08,1130.0
2011-09-09,960.0
2011-09-10,973.3333333333335
2011-09-11,986.6666666666665
2011-09-12,1000.0
2011-09-13,1050.0
2011-09-14,1050.0
2011-09-15,1000.0
2011-09-16,1000.0
2011-09-17,1000.0
2011-09-18,1000.0
2011-09-19,1000.0
2011-09-20,980.0
2011-09-21,1000.0
2011-09-22,1000.0
2011-09-23,1180.0
2011-09-24,1000.0
2011-09-25,980.0
2011-09-26,960.0
2011-09-27,880.0
2011-09-28,800.0
2011-09-29,860.0
2011-09-30,940.0
2011-10-01,960.0
2011-10-02,970.0
2011-10-03,980.0
2011-10-04,1000.0
2011-10-05,1000.0
2011-10-06,1000.0
2011-10-07,1000.0
2011-10-08,1000.0
2011-10-09,1000.0
2011-10-10,1000.0
2011-10-11,975.0
2011-10-12,950.0
2011-10-13,980.0
2011-10-14,400.0
2011-10-15,900.0
2011-10-16,950.0
2011-10-17,1000.0
2011-10-18,1000.0
2011-10-19,1000.0
2011-10-20,1060.0
2011-10-21,1000.0
2011-10-22,960.0
2011-10-23,910.0
2011-10-24,860.0
2011-10-25,880.0
2011-10-26,900.0
2011-10-27,1000.0
2011-10-28,1100.0
2011-10-29,1160.0
2011-10-30,1030.0
2011-10-31,900.0
2011-11-01,950.0
2011-11-02,1000.0
2011-11-03,1060.0
2011-11-04,1220.0
2011-11-05,1200.0
2011-11-06,1166.6666666666667
2011-11-07,1133.3333333333333
2011-11-08,1100.0
2011-11-09,1200.0
2011-11-10,1100.0
2011-11-11,1100.0
2011-11-12,1080.0
2011-11-13,1060.0
2011-11-14,1040.0
2011-11-15,1020.0
2011-11-16,1000.0
2011-11-17,980.0
2011-11-18,920.0
2011-11-19,990.0
2011-11-20,995.0
2011-11-21,1000.0
2011-11-22,1100.0
2011-11-23,1260.0
2011-11-24,930.0
2011-11-25,940.0
2011-11-26,1000.0
2011-11-27,975.0
2011-11-28,950.0
2011-11-29,1000.0
2011-11-30,1020.0
2011-12-01,970.0
2011-12-02,920.0
2011-12-03,1000.0
2011-12-04,1030.0
2011-12-05,1060.0
2011-12-06,990.0
2011-12-07,920.0
2011-12-08,1000.0
2011-12-09,900.0
2011-12-10,833.3333333333335
2011-12-11,766.6666666666665
2011-12-12,700.0
2011-12-13,700.0
2011-12-14,700.0
2011-12-15,620.0
2011-12-16,700.0
2011-12-17,760.0
2011-12-18,770.0
2011-12-19,780.0
2011-12-20,800.0
2011-12-21,675.0
2011-12-22,450.0
2011-12-23,450.0
2011-12-24,450.0
2011-12-25,450.0
2011-12-26,450.0
2011-12-27,430.0
2011-12-28,360.0
2011-12-29,350.0
2011-12-30,320.0
2011-12-31,300.0
2012-01-01,265.0
2012-01-02,230.0
2012-01-03,260.0
2012-01-04,280.0
2012-01-05,240.0
2012-01-06,250.0
2012-01-07,250.0
2012-01-08,245.0
2012-01-09,240.0
2012-01-10,250.0
2012-01-11,280.0
2012-01-12,250.0
2012-01-13,280.0
2012-01-14,276.6666666666667
2012-01-15,273.3333333333333
2012-01-16,270.0
2012-01-17,280.0
2012-01-18,280.0
2012-01-19,280.0
2012-01-20,280.0
2012-01-21,300.0
2012-01-22,300.0
2012-01-23,300.0
2012-01-24,275.0
2012-01-25,280.0
2012-01-26,280.0
2012-01-27,280.0
2012-01-28,200.0
2012-01-29,237.5
2012-01-30,275.0
2012-01-31,200.0
2012-02-01,260.0
2012-02-02,250.0
2012-02-03,250.0
2012-02-04,240.0
2012-02-05,257.5
2012-02-06,275.0
2012-02-07,300.0
2012-02-08,280.0
2012-02-09,280.0
2012-02-10,275.0
2012-02-11,283.3333333333333
2012-02-12,291.6666666666667
2012-02-13,300.0
2012-02-14,280.0
2012-02-15,260.0
2012-02-16,300.0
2012-02-17,300.0
2012-02-18,300.0
2012-02-19,283.3333333333333
2012-02-20,266.6666666666667
2012-02-21,250.0
2012-02-22,250.0
2012-02-23,280.0
2012-02-24,300.0
2012-02-25,300.0
2012-02-26,300.0
2012-02-27,300.0
2012-02-28,300.0
2012-02-29,280.0
2012-03-01,320.0
2012-03-02,275.0
2012-03-03,300.0
2012-03-04,300.0
2012-03-05,300.0
2012-03-06,300.0
2012-03-07,300.0
2012-03-08,300.0
2012-03-09,300.0
2012-03-10,300.0
2012-03-11,300.0
2012-03-12,300.0
2012-03-13,300.0
2012-03-14,300.0
2012-03-15,310.0
2012-03-16,300.0
2012-03-17,300.0
2012-03-18,290.0
2012-03-19,280.0
2012-03-20,300.0
2012-03-21,300.0
2012-03-22,300.0
2012-03-23,300.0
2012-03-24,300.0
2012-03-25,300.0
2012-03-26,300.0
2012-03-27,300.0
2012-03-28,375.0
2012-03-29,500.0
2012-03-30,485.0
2012-03-31,460.0
2012-04-01,480.0
2012-04-02,500.0
2012-04-03,360.0
2012-04-04,355.0
2012-04-05,350.0
2012-04-06,325.0
2012-04-07,300.0
2012-04-08,300.0
2012-04-09,300.0
2012-04-10,320.0
2012-04-11,350.0
2012-04-12,380.0
2012-04-13,380.0
2012-04-14,380.0
2012-04-15,380.0
2012-04-16,380.0
2012-04-17,300.0
2012-04-18,350.0
2012-04-19,375.0
2012-04-20,350.0
2012-04-21,380.0
2012-04-22,365.0
2012-04-23,350.0
2012-04-24,325.0
2012-04-25,300.0
2012-04-26,300.0
2012-04-27,300.0
2012-04-28,380.0
2012-04-29,377.5
2012-04-30,375.0
2012-05-01,337.5
2012-05-02,300.0
2012-05-03,375.0
2012-05-04,290.0
2012-05-05,300.0
2012-05-06,300.0
2012-05-07,300.0
2012-05-08,300.0
2012-05-09,300.0
2012-05-10,300.0
2012-05-11,300.0
2012-05-12,300.0
2012-05-13,300.0
2012-05-14,300.0
2012-05-15,240.0
2012-05-16,300.0
2012-05-17,300.0
2012-05-18,300.0
2012-05-19,275.0
2012-05-20,287.5
2012-05-21,300.0
2012-05-22,300.0
2012-05-23,300.0
2012-05-24,300.0
2012-05-25,350.0
2012-05-26,340.0
2012-05-27,345.0
2012-05-28,350.0
2012-05-29,360.0
2012-05-30,360.0
2012-05-31,367.5
2012-06-01,375.0
2012-06-02,375.0
2012-06-03,375.0
2012-06-04,375.0
2012-06-05,380.0
2012-06-06,375.0
2012-06-07,380.0
2012-06-08,360.0
2012-06-09,366.66666666666674
2012-06-10,373.33333333333326
2012-06-11,380.0
2012-06-12,400.0
2012-06-13,365.0
2012-06-14,375.0
2012-06-15,380.0
2012-06-16,380.0
2012-06-17,390.0
2012-06-18,400.0
2012-06-19,380.0
2012-06-20,380.0
2012-06-21,400.0
2012-06-22,400.0
2012-06-23,400.0
2012-06-24,370.0
2012-06-25,340.0
2012-06-26,400.0
2012-06-27,450.0
2012-06-28,400.0
2012-06-29,380.0
2012-06-30,450.0
2012-07-01,450.0
2012-07-02,450.0
2012-07-03,500.0
2012-07-04,500.0
2012-07-05,420.0
2012-07-06,500.0
2012-07-07,500.0
2012-07-08,440.0
2012-07-09,380.0
2012-07-10,400.0
2012-07-11,360.0
2012-07-12,350.0
2012-07-13,500.0
2012-07-14,500.0
2012-07-15,500.0
2012-07-16,500.0
2012-07-17,400.0
2012-07-18,480.0
2012-07-19,500.0
2012-07-20,500.0
2012-07-21,550.0
2012-07-22,550.0
2012-07-23,550.0
2012-07-24,480.0
2012-07-25,500.0
2012-07-26,500.0
2012-07-27,500.0
2012-07-28,500.0
2012-07-29,500.0
2012-07-30,500.0
2012-07-31,400.0
2012-08-01,400.0
2012-08-02,400.0
2012-08-03,540.0
2012-08-04,400.0
2012-08-05,475.0
2012-08-06,550.0
2012-08-07,400.0
2012-08-08,500.0
2012-08-09,500.0
2012-08-10,600.0
2012-08-11,633.3333333333334
2012-08-12,666.6666666666666
2012-08-13,700.0
2012-08-14,700.0
2012-08-15,700.0
2012-08-16,700.0
2012-08-17,450.0
2012-08-18,487.5
2012-08-19,525.0
2012-08-20,562.5
2012-08-21,600.0
2012-08-22,560.0
2012-08-23,540.0
2012-08-24,550.0
2012-08-25,550.0
2012-08-26,575.0
2012-08-27,600.0
2012-08-28,500.0
2012-08-29,600.0
2012-08-30,450.0
2012-08-31,400.0
2012-09-01,500.0
2012-09-02,550.0
2012-09-03,600.0
2012-09-04,400.0
2012-09-05,430.0
2012-09-06,550.0
2012-09-07,350.0
2012-09-08,400.0
2012-09-09,450.0
2012-09-10,500.0
2012-09-11,500.0
2012-09-12,500.0
2012-09-13,350.0
2012-09-14,400.0
2012-09-15,400.0
2012-09-16,500.0
2012-09-17,600.0
2012-09-18,580.0
2012-09-19,586.6666666666666
2012-09-20,593.3333333333334
2012-09-21,600.0
2012-09-22,500.0
2012-09-23,500.0
2012-09-24,500.0
2012-09-25,500.0
2012-09-26,500.0
2012-09-27,420.0
2012-09-28,420.0
2012-09-29,420.0
2012-09-30,460.0
2012-10-01,500.0
2012-10-02,500.0
2012-10-03,500.0
2012-10-04,500.0
2012-10-05,500.0
2012-10-06,525.0
2012-10-07,550.0
2012-10-08,575.0
2012-10-09,500.0
2012-10-10,500.0
2012-10-11,500.0
2012-10-12,500.0
2012-10-13,512.5
2012-10-14,525.0
2012-10-15,537.5
2012-10-16,550.0
2012-10-17,500.0
2012-10-18,500.0
2012-10-19,500.0
2012-10-20,500.0
2012-10-21,600.0
2012-10-22,700.0
2012-10-23,700.0
2012-10-24,700.0
2012-10-25,700.0
2012-10-26,900.0
2012-10-27,880.0
2012-10-28,860.0
2012-10-29,840.0
2012-10-30,820.0
2012-10-31,800.0
2012-11-01,800.0
2012-11-02,800.0
2012-11-03,800.0
2012-11-04,800.0
2012-11-05,800.0
2012-11-06,800.0
2012-11-07,800.0
2012-11-08,740.0
2012-11-09,700.0
2012-11-10,675.0
2012-11-11,650.0
2012-11-12,625.0
2012-11-13,600.0
2012-11-14,650.0
2012-11-15,700.0
2012-11-16,700.0
2012-11-17,700.0
2012-11-18,800.0
2012-11-19,900.0
2012-11-20,1100.0
2012-11-21,1100.0
2012-11-22,700.0
2012-11-23,800.0
2012-11-24,766.6666666666665
2012-11-25,733.3333333333335
2012-11-26,700.0
2012-11-27,900.0
2012-11-28,1000.0
2012-11-29,1000.0
2012-11-30,900.0
2012-12-01,933.3333333333335
2012-12-02,966.6666666666665
2012-12-03,1000.0
2012-12-04,1000.0
2012-12-05,800.0
2012-12-06,1000.0
2012-12-07,1000.0
2012-12-08,1033.3333333333333
2012-12-09,1066.6666666666667
2012-12-10,1100.0
2012-12-11,1100.0
2012-12-12,1100.0
2012-12-13,1100.0
2012-12-14,1100.0
2012-12-15,1100.0
2012-12-16,1000.0
2012-12-17,900.0
2012-12-18,1100.0
2012-12-19,900.0
2012-12-20,900.0
2012-12-21,900.0
2012-12-22,900.0
2012-12-23,900.0
2012-12-24,900.0
2012-12-25,1000.0
2012-12-26,1100.0
2012-12-27,1100.0
2012-12-28,1100.0
2012-12-29,850.0
2012-12-30,875.0
2012-12-31,900.0
2013-01-01,900.0
2013-01-02,900.0
2013-01-03,900.0
2013-01-04,900.0
2013-01-05,900.0
2013-01-06,900.0
2013-01-07,900.0
2013-01-08,900.0
2013-01-09,900.0
2013-01-10,900.0
2013-01-11,900.0
2013-01-12,900.0
2013-01-13,900.0
2013-01-14,900.0
2013-01-15,900.0
2013-01-16,900.0
2013-01-17,900.0
2013-01-18,900.0
2013-01-19,900.0
2013-01-20,1000.0
2013-01-21,1100.0
2013-01-22,1000.0
2013-01-23,1000.0
2013-01-24,1000.0
2013-01-25,1025.0
2013-01-26,1050.0
2013-01-27,1075.0
2013-01-28,1100.0
2013-01-29,1100.0
2013-01-30,1100.0
2013-01-31,1450.0
2013-02-01,1450.0
2013-02-02,1450.0
2013-02-03,1425.0
2013-02-04,1400.0
2013-02-05,1400.0
2013-02-06,1400.0
2013-02-07,1400.0
2013-02-08,1400.0
2013-02-09,1373.3333333333333
2013-02-10,1346.6666666666667
2013-02-11,1320.0
2013-02-12,1100.0
2013-02-13,900.0
2013-02-14,1050.0
2013-02-15,1050.0
2013-02-16,1050.0
2013-02-17,1000.0
2013-02-18,950.0
2013-02-19,1000.0
2013-02-20,1050.0
2013-02-21,1100.0
2013-02-22,1000.0
2013-02-23,1000.0
2013-02-24,1000.0
2013-02-25,1000.0
2013-02-26,1000.0
2013-02-27,800.0
2013-02-28,800.0
2013-03-01,800.0
2013-03-02,800.0
2013-03-03,750.0
2013-03-04,700.0
2013-03-05,800.0
2013-03-06,700.0
2013-03-07,800.0
2013-03-08,700.0
2013-03-09,733.3333333333335
2013-03-10,766.6666666666665
2013-03-11,800.0
2013-03-12,900.0
2013-03-13,900.0
2013-03-14,800.0
2013-03-15,800.0
2013-03-16,800.0
2013-03-17,825.0
2013-03-18,850.0
2013-03-19,900.0
2013-03-20,800.0
2013-03-21,800.0
2013-03-22,800.0
2013-03-23,800.0
2013-03-24,750.0
2013-03-25,700.0
2013-03-26,800.0
2013-03-27,800.0
2013-03-28,800.0
2013-03-29,800.0
2013-03-30,800.0
2013-03-31,800.0
2013-04-01,800.0
2013-04-02,820.0
2013-04-03,800.0
2013-04-04,800.0
2013-04-05,800.0
2013-04-06,800.0
2013-04-07,800.0
2013-04-08,800.0
2013-04-09,750.0
2013-04-10,700.0
2013-04-11,700.0
2013-04-12,700.0
2013-04-13,700.0
2013-04-14,700.0
2013-04-15,700.0
2013-04-16,800.0
2013-04-17,700.0
2013-04-18,700.0
2013-04-19,700.0
2013-04-20,800.0
2013-04-21,775.0
2013-04-22,750.0
2013-04-23,700.0
2013-04-24,650.0
2013-04-25,740.0
2013-04-26,700.0
2013-04-27,700.0
2013-04-28,750.0
2013-04-29,800.0
2013-04-30,700.0
2013-05-01,700.0
2013-05-02,700.0
2013-05-03,850.0
2013-05-04,850.0
2013-05-05,775.0
2013-05-06,700.0
2013-05-07,750.0
2013-05-08,800.0
2013-05-09,700.0
2013-05-10,700.0
2013-05-11,675.0
2013-05-12,650.0
2013-05-13,625.0
2013-05-14,600.0
2013-05-15,700.0
2013-05-16,500.0
2013-05-17,700.0
2013-05-18,700.0
2013-05-19,725.0
2013-05-20,750.0
2013-05-21,700.0
2013-05-22,700.0
2013-05-23,700.0
2013-05-24,700.0
2013-05-25,700.0
2013-05-26,750.0
2013-05-27,800.0
2013-05-28,800.0
2013-05-29,700.0
2013-05-30,700.0
2013-05-31,950.0
2013-06-01,800.0
2013-06-02,850.0
2013-06-03,900.0
2013-06-04,1100.0
2013-06-05,1000.0
2013-06-06,1000.0
2013-06-07,1000.0
2013-06-08,1000.0
2013-06-09,1000.0
2013-06-10,1000.0
2013-06-11,1000.0
2013-06-12,700.0
2013-06-13,800.0
2013-06-14,800.0
2013-06-15,900.0
2013-06-16,937.5
2013-06-17,975.0
2013-06-18,1050.0
2013-06-19,1100.0
2013-06-20,1100.0
2013-06-21,900.0
2013-06-22,1100.0
2013-06-23,1050.0
2013-06-24,1000.0
2013-06-25,1075.0
2013-06-26,1300.0
2013-06-27,1300.0
2013-06-28,1400.0
2013-06-29,1400.0
2013-06-30,1350.0
2013-07-01,1300.0
2013-07-02,1400.0
2013-07-03,1600.0
2013-07-04,1350.0
2013-07-05,1400.0
2013-07-06,1400.0
2013-07-07,1375.0
2013-07-08,1350.0
2013-07-09,1400.0
2013-07-10,1400.0
2013-07-11,1600.0
2013-07-12,1600.0
2013-07-13,1700.0
2013-07-14,1800.0
2013-07-15,1900.0
2013-07-16,1700.0
2013-07-17,1700.0
2013-07-18,1700.0
2013-07-19,1800.0
2013-07-20,1800.0
2013-07-21,1750.0
2013-07-22,1700.0
2013-07-23,1700.0
2013-07-24,1800.0
2013-07-25,1600.0
2013-07-26,1700.0
2013-07-27,1800.0
2013-07-28,1750.0
2013-07-29,1700.0
2013-07-30,1700.0
2013-07-31,1700.0
2013-08-01,1400.0
2013-08-02,1400.0
2013-08-03,1900.0
2013-08-04,1900.0
2013-08-05,1900.0
2013-08-06,1892.857142857143
2013-08-07,1885.7142857142856
2013-08-08,1878.571428571429
2013-08-09,1871.4285714285716
2013-08-10,1864.2857142857144
2013-08-11,1857.142857142857
2013-08-12,1850.0
2013-08-13,1842.857142857143
2013-08-14,1835.7142857142856
2013-08-15,1828.571428571429
2013-08-16,1821.4285714285716
2013-08-17,1814.2857142857144
2013-08-18,1807.142857142857
2013-08-19,1800.0
2013-08-20,1200.0
2013-08-21,1950.0
2013-08-22,1600.0
2013-08-23,1633.333333333333
2013-08-24,1666.666666666667
2013-08-25,1700.0
2013-08-26,1733.333333333333
2013-08-27,1766.666666666667
2013-08-28,1800.0
2013-08-29,1833.333333333333
2013-08-30,1866.666666666667
2013-08-31,1900.0
2013-09-01,2000.0
2013-09-02,2100.0
2013-09-03,2100.0
2013-09-04,2092.3076923076924
2013-09-05,2084.6153846153848
2013-09-06,2076.923076923077
2013-09-07,2069.230769230769
2013-09-08,2061.5384615384614
2013-09-09,2053.846153846154
2013-09-10,2046.1538461538464
2013-09-11,2038.4615384615383
2013-09-12,2030.7692307692307
2013-09-13,2023.0769230769229
2013-09-14,2015.3846153846155
2013-09-15,2007.692307692308
2013-09-16,2000.0
2013-09-17,2000.0
2013-09-18,2500.0
2013-09-19,2500.0
2013-09-20,1900.0
2013-09-21,1533.333333333333
2013-09-22,1166.6666666666665
2013-09-23,800.0
2013-09-24,800.0
2013-09-25,800.0
2013-09-26,750.0
2013-09-27,800.0
2013-09-28,850.0
2013-09-29,925.0
2013-09-30,1000.0
2013-10-01,1000.0
2013-10-02,1050.0
2013-10-03,1100.0
2013-10-04,1050.0
2013-10-05,1000.0
2013-10-06,1075.0
2013-10-07,1150.0
2013-10-08,1225.0
2013-10-09,1300.0
2013-10-10,1375.0
2013-10-11,1450.0
2013-10-12,1525.0
2013-10-13,1600.0
2013-10-14,1675.0
2013-10-15,1750.0
2013-10-16,1825.0
2013-10-17,1900.0
2013-10-18,1975.0
2013-10-19,2050.0
2013-10-20,2125.0
2013-10-21,2200.0
2013-10-22,2100.0
2013-10-23,2200.0
2013-10-24,2500.0
2013-10-25,2475.3521126760565
2013-10-26,2450.704225352113
2013-10-27,2426.0563380281687
2013-10-28,2401.408450704225
2013-10-29,2376.760563380282
2013-10-30,2352.112676056338
2013-10-31,2327.4647887323945
2013-11-01,2302.8169014084506
2013-11-02,2278.169014084507
2013-11-03,2253.521126760563
2013-11-04,2228.8732394366198
2013-11-05,2204.225352112676
2013-11-06,2179.5774647887324
2013-11-07,2154.929577464789
2013-11-08,2130.281690140845
2013-11-09,2105.6338028169016
2013-11-10,2080.9859154929572
2013-11-11,2056.3380281690147
2013-11-12,2031.6901408450706
2013-11-13,2007.0422535211271
2013-11-14,1982.394366197183
2013-11-15,1957.7464788732395
2013-11-16,1933.0985915492959
2013-11-17,1908.450704225352
2013-11-18,1883.8028169014083
2013-11-19,1859.1549295774646
2013-11-20,1834.507042253521
2013-11-21,1809.8591549295772
2013-11-22,1785.2112676056338
2013-11-23,1760.5633802816901
2013-11-24,1735.915492957747
2013-11-25,1711.2676056338028
2013-11-26,1686.6197183098593
2013-11-27,1661.9718309859156
2013-11-28,1637.323943661972
2013-11-29,1612.6760563380285
2013-11-30,1588.0281690140844
2013-12-01,1563.380281690141
2013-12-02,1538.7323943661972
2013-12-03,1514.0845070422533
2013-12-04,1489.4366197183099
2013-12-05,1464.7887323943662
2013-12-06,1440.1408450704223
2013-12-07,1415.4929577464789
2013-12-08,1390.8450704225354
2013-12-09,1366.1971830985915
2013-12-10,1341.549295774648
2013-12-11,1316.9014084507046
2013-12-12,1292.2535211267607
2013-12-13,1267.605633802817
2013-12-14,1242.9577464788733
2013-12-15,1218.3098591549294
2013-12-16,1193.661971830986
2013-12-17,1169.0140845070425
2013-12-18,1144.3661971830984
2013-12-19,1119.718309859155
2013-12-20,1095.0704225352113
2013-12-21,1070.4225352112678
2013-12-22,1045.7746478873241
2013-12-23,1021.1267605633805
2013-12-24,996.4788732394368
2013-12-25,971.8309859154933
2013-12-26,947.1830985915494
2013-12-27,922.5352112676056
2013-12-28,897.8873239436621
2013-12-29,873.2394366197183
2013-12-30,848.5915492957747
2013-12-31,823.943661971831
2014-01-01,799.2957746478875
2014-01-02,774.6478873239438
2014-01-03,750.0
2014-01-04,800.0
2014-01-05,800.0
2014-01-06,800.0
2014-01-07,500.0
2014-01-08,500.0
2014-01-09,600.0
2014-01-10,600.0
2014-01-11,600.0
2014-01-12,600.0
2014-01-13,600.0
2014-01-14,600.0
2014-01-15,600.0
2014-01-16,600.0
2014-01-17,575.0
2014-01-18,600.0
2014-01-19,600.0
2014-01-20,600.0
2014-01-21,600.0
2014-01-22,600.0
2014-01-23,500.0
2014-01-24,500.0
2014-01-25,500.0
2014-01-26,500.0
2014-01-27,500.0
2014-01-28,400.0
2014-01-29,500.0
2014-01-30,500.0
2014-01-31,500.0
2014-02-01,500.0
2014-02-02,500.0
2014-02-03,500.0
2014-02-04,500.0
2014-02-05,500.0
2014-02-06,450.0
2014-02-07,400.0
2014-02-08,400.0
2014-02-09,400.0
2014-02-10,400.0
2014-02-11,500.0
2014-02-12,400.0
2014-02-13,300.0
2014-02-14,350.0
2014-02-15,350.0
2014-02-16,375.0
2014-02-17,400.0
2014-02-18,400.0
2014-02-19,500.0
2014-02-20,400.0
2014-02-21,400.0
2014-02-22,500.0
2014-02-23,500.0
2014-02-24,500.0
2014-02-25,500.0
2014-02-26,500.0
2014-02-27,500.0
2014-02-28,500.0
2014-03-01,450.0
2014-03-02,450.0
2014-03-03,450.0
2014-03-04,500.0
2014-03-05,500.0
2014-03-06,600.0
2014-03-07,380.0
2014-03-08,375.0
2014-03-09,375.0
2014-03-10,375.0
2014-03-11,600.0
2014-03-12,500.0
2014-03-13,600.0
2014-03-14,600.0
2014-03-15,500.0
2014-03-16,450.0
2014-03-17,400.0
2014-03-18,400.0
2014-03-19,400.0
2014-03-20,400.0
2014-03-21,400.0
2014-03-22,400.0
2014-03-23,400.0
2014-03-24,400.0
2014-03-25,400.0
2014-03-26,400.0
2014-03-27,400.0
2014-03-28,400.0
2014-03-29,400.0
2014-03-30,453.33333333333326
2014-03-31,506.66666666666674
2014-04-01,560.0
2014-04-02,600.0
2014-04-03,600.0
2014-04-04,720.0
2014-04-05,700.0
2014-04-06,650.0
2014-04-07,600.0
2014-04-08,600.0
2014-04-09,650.0
2014-04-10,650.0
2014-04-11,450.0
2014-04-12,450.0
2014-04-13,450.0
2014-04-14,450.0
2014-04-15,450.0
2014-04-16,650.0
2014-04-17,650.0
2014-04-18,650.0
2014-04-19,650.0
2014-04-20,475.0
2014-04-21,300.0
2014-04-22,300.0
2014-04-23,400.0
2014-04-24,350.0
2014-04-25,350.0
2014-04-26,400.0
2014-04-27,300.0
2014-04-28,200.0
2014-04-29,300.0
2014-04-30,200.0
2014-05-01,333.33333333333337
2014-05-02,466.66666666666674
2014-05-03,600.0
2014-05-04,600.0
2014-05-05,600.0
2014-05-06,675.0
2014-05-07,700.0
2014-05-08,800.0
2014-05-09,750.0
2014-05-10,733.3333333333335
2014-05-11,716.6666666666665
2014-05-12,700.0
2014-05-13,700.0
2014-05-14,800.0
2014-05-15,800.0
2014-05-16,700.0
2014-05-17,900.0
2014-05-18,925.0
2014-05-19,950.0
2014-05-20,950.0
2014-05-21,950.0
2014-05-22,950.0
2014-05-23,950.0
2014-05-24,850.0
2014-05-25,850.0
2014-05-26,850.0
2014-05-27,900.0
2014-05-28,900.0
2014-05-29,975.0
2014-05-30,1100.0
2014-05-31,1100.0
2014-06-01,1025.0
2014-06-02,950.0
2014-06-03,1100.0
2014-06-04,1100.0
2014-06-05,1100.0
2014-06-06,1200.0
2014-06-07,1033.3333333333333
2014-06-08,866.6666666666667
2014-06-09,700.0
2014-06-10,700.0
2014-06-11,700.0
2014-06-12,1300.0
2014-06-13,1250.0
2014-06-14,1083.3333333333333
2014-06-15,916.6666666666667
2014-06-16,750.0
2014-06-17,750.0
2014-06-18,750.0
2014-06-19,700.0
2014-06-20,650.0
2014-06-21,750.0
2014-06-22,725.0
2014-06-23,700.0
2014-06-24,750.0
2014-06-25,750.0
2014-06-26,800.0
2014-06-27,800.0
2014-06-28,1000.0
2014-06-29,1050.0
2014-06-30,1100.0
2014-07-01,1200.0
2014-07-02,1350.0
2014-07-03,1500.0
2014-07-04,1500.0
2014-07-05,1300.0
2014-07-06,1450.0
2014-07-07,1600.0
2014-07-08,1700.0
2014-07-09,1700.0
2014-07-10,1500.0
2014-07-11,1500.0
2014-07-12,1533.333333333333
2014-07-13,1566.666666666667
2014-07-14,1600.0
2014-07-15,1600.0
2014-07-16,1600.0
2014-07-17,1800.0
2014-07-18,1800.0
2014-07-19,1800.0
2014-07-20,1650.0
2014-07-21,1500.0
2014-07-22,1700.0
2014-07-23,1600.0
2014-07-24,1300.0
2014-07-25,1300.0
2014-07-26,1300.0
2014-07-27,1275.0
2014-07-28,1250.0
2014-07-29,1375.0
2014-07-30,1500.0
2014-07-31,1300.0
2014-08-01,1300.0
2014-08-02,1300.0
2014-08-03,1250.0
2014-08-04,1200.0
2014-08-05,1200.0
2014-08-06,1000.0
2014-08-07,800.0
2014-08-08,800.0
2014-08-09,866.6666666666665
2014-08-10,933.3333333333335
2014-08-11,1000.0
2014-08-12,1000.0
2014-08-13,1200.0
2014-08-14,1200.0
2014-08-15,1200.0
2014-08-16,1200.0
2014-08-17,1200.0
2014-08-18,1200.0
2014-08-19,1300.0
2014-08-20,1100.0
2014-08-21,900.0
2014-08-22,1000.0
2014-08-23,966.6666666666665
2014-08-24,933.3333333333335
2014-08-25,900.0
2014-08-26,1000.0
2014-08-27,1200.0
2014-08-28,1200.0
2014-08-29,1200.0
2014-08-30,1200.0
2014-08-31,1200.0
2014-09-01,1200.0
2014-09-02,1400.0
2014-09-03,1200.0
2014-09-04,1200.0
2014-09-05,800.0
2014-09-06,1300.0
2014-09-07,1000.0
2014-09-08,700.0
2014-09-09,1200.0
2014-09-10,1300.0
2014-09-11,700.0
2014-09-12,1000.0
2014-09-13,1133.3333333333333
2014-09-14,1266.6666666666667
2014-09-15,1400.0
2014-09-16,900.0
2014-09-17,900.0
2014-09-18,900.0
2014-09-19,900.0
2014-09-20,800.0
2014-09-21,850.0
2014-09-22,900.0
2014-09-23,1000.0
2014-09-24,1100.0
2014-09-25,1200.0
2014-09-26,1100.0
2014-09-27,1000.0
2014-09-28,1050.0
2014-09-29,1100.0
2014-09-30,1150.0
2014-10-01,1200.0
2014-10-02,1250.0
2014-10-03,1300.0
2014-10-04,1350.0
2014-10-05,1400.0
2014-10-06,1450.0
2014-10-07,1500.0
2014-10-08,1500.0
2014-10-09,1500.0
2014-10-10,1300.0
2014-10-11,1300.0
2014-10-12,1300.0
2014-10-13,1300.0
2014-10-14,1300.0
2014-10-15,1400.0
2014-10-16,700.0
2014-10-17,700.0
2014-10-18,800.0
2014-10-19,800.0
2014-10-20,800.0
2014-10-21,750.0
2014-10-22,750.0
2014-10-23,750.0
2014-10-24,700.0
2014-10-25,650.0
2014-10-26,925.0
2014-10-27,1200.0
2014-10-28,1200.0
2014-10-29,700.0
2014-10-30,700.0
2014-10-31,1100.0
2014-11-01,1150.0
2014-11-02,1200.0
2014-11-03,1250.0
2014-11-04,1250.0
2014-11-05,1250.0
2014-11-06,1250.0
2014-11-07,1150.0
2014-11-08,1150.0
2014-11-09,1150.0
2014-11-10,1150.0
2014-11-11,1150.0
2014-11-12,1050.0
2014-11-13,1000.0
2014-11-14,1000.0
2014-11-15,1000.0
2014-11-16,1075.0
2014-11-17,1150.0
2014-11-18,1150.0
2014-11-19,1150.0
2014-11-20,1150.0
2014-11-21,1150.0
2014-11-22,1150.0
2014-11-23,1150.0
2014-11-24,1150.0
2014-11-25,1150.0
2014-11-26,1150.0
2014-11-27,1150.0
2014-11-28,1150.0
2014-11-29,1150.0
2014-11-30,1100.0
2014-12-01,1050.0
2014-12-02,1050.0
2014-12-03,850.0
2014-12-04,800.0
2014-12-05,800.0
2014-12-06,800.0
2014-12-07,950.0
2014-12-08,1100.0
2014-12-09,1100.0
2014-12-10,1100.0
2014-12-11,1100.0
2014-12-12,1100.0
2014-12-13,1200.0
2014-12-14,1300.0
2014-12-15,1400.0
2014-12-16,1400.0
2014-12-17,1400.0
2014-12-18,1500.0
2014-12-19,1500.0
2014-12-20,1500.0
2014-12-21,1500.0
2014-12-22,1500.0
2014-12-23,1500.0
2014-12-24,1200.0
2014-12-25,1275.0
2014-12-26,1350.0
2014-12-27,1250.0
2014-12-28,1125.0
2014-12-29,1000.0
2014-12-30,1000.0
2014-12-31,1000.0
2015-01-01,500.0
2015-01-02,500.0
2015-01-03,600.0
2015-01-04,600.0
2015-01-05,600.0
2015-01-06,600.0
2015-01-07,600.0
2015-01-08,600.0
2015-01-09,1250.0
2015-01-10,1000.0
2015-01-11,750.0
2015-01-12,500.0
2015-01-13,600.0
2015-01-14,700.0
2015-01-15,650.0
2015-01-16,600.0
2015-01-17,600.0
2015-01-18,650.0
2015-01-19,700.0
2015-01-20,800.0
2015-01-21,800.0
2015-01-22,800.0
2015-01-23,800.0
2015-01-24,800.0
2015-01-25,800.0
2015-01-26,800.0
2015-01-27,800.0
2015-01-28,850.0
2015-01-29,850.0
2015-01-30,900.0
2015-01-31,800.0
2015-02-01,775.0
2015-02-02,750.0
2015-02-03,750.0
2015-02-04,750.0
2015-02-05,750.0
2015-02-06,850.0
2015-02-07,1000.0
2015-02-08,950.0
2015-02-09,900.0
2015-02-10,1000.0
2015-02-11,1000.0
2015-02-12,900.0
2015-02-13,900.0
2015-02-14,933.3333333333335
2015-02-15,966.6666666666665
2015-02-16,1000.0
2015-02-17,900.0
2015-02-18,800.0
2015-02-19,800.0
2015-02-20,800.0
2015-02-21,900.0
2015-02-22,900.0
2015-02-23,900.0
2015-02-24,1000.0
2015-02-25,1000.0
2015-02-26,1000.0
2015-02-27,1000.0
2015-02-28,1000.0
2015-03-01,1000.0
2015-03-02,1000.0
2015-03-03,1000.0
2015-03-04,800.0
2015-03-05,800.0
2015-03-06,800.0
2015-03-07,1000.0
2015-03-08,1150.0
2015-03-09,1300.0
2015-03-10,1000.0
2015-03-11,1000.0
2015-03-12,900.0
2015-03-13,1000.0
2015-03-14,966.6666666666665
2015-03-15,933.3333333333335
2015-03-16,900.0
2015-03-17,900.0
2015-03-18,900.0
2015-03-19,900.0
2015-03-20,800.0
2015-03-21,800.0
2015-03-22,800.0
2015-03-23,800.0
2015-03-24,800.0
2015-03-25,700.0
2015-03-26,700.0
2015-03-27,700.0
2015-03-28,700.0
2015-03-29,750.0
2015-03-30,800.0
2015-03-31,850.0
2015-04-01,700.0
2015-04-02,716.6666666666665
2015-04-03,733.3333333333335
2015-04-04,750.0
2015-04-05,725.0
2015-04-06,700.0
2015-04-07,700.0
2015-04-08,700.0
2015-04-09,700.0
2015-04-10,700.0
2015-04-11,733.3333333333335
2015-04-12,766.6666666666665
2015-04-13,800.0
2015-04-14,850.0
2015-04-15,900.0
2015-04-16,800.0
2015-04-17,900.0
2015-04-18,900.0
2015-04-19,800.0
2015-04-20,700.0
2015-04-21,725.0
2015-04-22,750.0
2015-04-23,750.0
2015-04-24,900.0
2015-04-25,800.0
2015-04-26,750.0
2015-04-27,700.0
2015-04-28,700.0
2015-04-29,750.0
2015-04-30,750.0
2015-05-01,750.0
2015-05-02,750.0
2015-05-03,733.3333333333335
2015-05-04,716.6666666666665
2015-05-05,700.0
2015-05-06,700.0
2015-05-07,750.0
2015-05-08,750.0
2015-05-09,766.6666666666665
2015-05-10,783.3333333333335
2015-05-11,800.0
2015-05-12,750.0
2015-05-13,700.0
2015-05-14,700.0
2015-05-15,600.0
2015-05-16,600.0
2015-05-17,550.0
2015-05-18,500.0
2015-05-19,500.0
2015-05-20,500.0
2015-05-21,600.0
2015-05-22,600.0
2015-05-23,600.0
2015-05-24,600.0
2015-05-25,600.0
2015-05-26,500.0
2015-05-27,500.0
2015-05-28,500.0
2015-05-29,600.0
2015-05-30,800.0
2015-05-31,800.0
2015-06-01,800.0
2015-06-02,900.0
2015-06-03,1000.0
2015-06-04,1100.0
2015-06-05,1200.0
2015-06-06,1200.0
2015-06-07,1300.0
2015-06-08,1400.0
2015-06-09,1300.0
2015-06-10,1300.0
2015-06-11,1100.0
2015-06-12,1100.0
2015-06-13,1100.0
2015-06-14,1100.0
2015-06-15,1100.0
2015-06-16,1100.0
2015-06-17,1100.0
2015-06-18,1100.0
2015-06-19,1100.0
2015-06-20,1100.0
2015-06-21,1100.0
2015-06-22,1100.0
2015-06-23,1100.0
2015-06-24,1100.0
2015-06-25,1100.0
2015-06-26,1050.0
2015-06-27,1000.0
2015-06-28,1050.0
2015-06-29,1100.0
2015-06-30,1200.0
2015-07-01,1050.0
2015-07-02,1100.0
2015-07-03,1050.0
2015-07-04,1050.0
2015-07-05,1050.0
2015-07-06,1050.0
2015-07-07,1050.0
2015-07-08,1050.0
2015-07-09,1000.0
2015-07-10,1050.0
2015-07-11,1087.5
2015-07-12,1125.0
2015-07-13,1162.5
2015-07-14,1200.0
2015-07-15,1200.0
2015-07-16,1200.0
2015-07-17,1300.0
2015-07-18,1300.0
2015-07-19,1300.0
2015-07-20,1300.0
2015-07-21,1300.0
2015-07-22,1466.666666666667
2015-07-23,1633.333333333333
2015-07-24,1800.0
2015-07-25,1800.0
2015-07-26,1800.0
2015-07-27,1800.0
2015-07-28,1800.0
2015-07-29,2200.0
2015-07-30,2200.0
2015-07-31,2000.0
2015-08-01,1900.0
2015-08-02,1800.0
2015-08-03,1700.0
2015-08-04,1700.0
2015-08-05,1700.0
2015-08-06,1800.0
2015-08-07,1700.0
2015-08-08,1700.0
2015-08-09,1700.0
2015-08-10,1700.0
2015-08-11,1800.0
2015-08-12,1700.0
2015-08-13,1700.0
2015-08-14,2000.0
2015-08-15,2000.0
2015-08-16,2000.0
2015-08-17,2000.0
2015-08-18,2000.0
2015-08-19,2000.0
2015-08-20,2300.0
2015-08-21,2200.0
2015-08-22,2200.0
2015-08-23,2200.0
2015-08-24,2200.0
2015-08-25,1800.0
2015-08-26,1800.0
2015-08-27,1800.0
2015-08-28,1800.0
2015-08-29,1800.0
2015-08-30,1600.0
2015-08-31,1400.0
2015-09-01,1400.0
2015-09-02,1400.0
2015-09-03,1400.0
2015-09-04,1400.0
2015-09-05,1400.0
2015-09-06,1400.0
2015-09-07,1400.0
2015-09-08,1400.0
2015-09-09,1400.0
2015-09-10,1400.0
2015-09-11,1500.0
2015-09-12,1500.0
2015-09-13,1500.0
2015-09-14,1500.0
2015-09-15,1500.0
2015-09-16,1500.0
2015-09-17,1500.0
2015-09-18,1500.0
2015-09-19,1500.0
2015-09-20,1500.0
2015-09-21,1500.0
2015-09-22,1500.0
2015-09-23,1400.0
2015-09-24,1400.0
2015-09-25,1400.0
2015-09-26,1400.0
2015-09-27,1400.0
2015-09-28,1400.0
2015-09-29,1400.0
2015-09-30,1400.0
2015-10-01,1400.0
2015-10-02,1400.0
2015-10-03,1400.0
2015-10-04,1400.0
2015-10-05,1400.0
2015-10-06,1400.0
2015-10-07,1400.0
2015-10-08,1000.0
2015-10-09,1000.0
2015-10-10,950.0
2015-10-11,900.0
2015-10-12,850.0
2015-10-13,800.0
2015-10-14,800.0
2015-10-15,750.0
2015-10-16,750.0
2015-10-17,450.0
2015-10-18,450.0
2015-10-19,450.0
2015-10-20,450.0
2015-10-21,450.0
2015-10-22,450.0
2015-10-23,450.0
2015-10-24,450.0
2015-10-25,450.0
2015-10-26,450.0
2015-10-27,450.0
2015-10-28,450.0
2015-10-29,450.0
2015-10-30,350.0
2015-10-31,350.0
2015-11-01,350.0
2015-11-02,350.0
2015-11-03,350.0
2015-11-04,350.0
2015-11-05,350.0
2015-11-06,350.0
2015-11-07,350.0
2015-11-08,350.0
2015-11-09,350.0
2015-11-10,350.0
2015-11-11,350.0
2015-11-12,400.0
2015-11-13,450.0
2015-11-14,450.0
2015-11-15,450.0
2015-11-16,450.0
2015-11-17,450.0
2015-11-18,450.0
2015-11-19,450.0
2015-11-20,350.0
2015-11-21,350.0
2015-11-22,350.0
2015-11-23,350.0
2015-11-24,350.0
2015-11-25,350.0
2015-11-26,350.0
2015-11-27,350.0
2015-11-28,350.0
2015-11-29,350.0
2015-11-30,350.0
2015-12-01,350.0
2015-12-02,350.0
2015-12-03,350.0
2015-12-04,350.0
2015-12-05,350.0
2015-12-06,350.0
2015-12-07,350.0
2015-12-08,350.0
2015-12-09,350.0
2015-12-10,350.0
2015-12-11,350.0
2015-12-12,350.0
2015-12-13,350.0
2015-12-14,350.0
2015-12-15,350.0
2015-12-16,350.0
2015-12-17,350.0
2015-12-18,350.0
2015-12-19,350.0
2015-12-20,350.0
2015-12-21,350.0
2015-12-22,350.0
2015-12-23,350.0
2015-12-24,350.0
2015-12-25,350.0
2015-12-26,350.0
2015-12-27,350.0
2015-12-28,350.0
2015-12-29,350.0
2015-12-30,350.0
2015-12-31,350.0
2016-01-01,350.0
2016-01-02,350.0
2016-01-03,350.0
2016-01-04,350.0
2016-01-05,400.0
2016-01-06,400.0
2016-01-07,400.0
2016-01-08,350.0
2016-01-09,316.6666666666667
2016-01-10,283.3333333333333
2016-01-11,250.0
2016-01-12,250.0
2016-01-13,250.0
2016-01-14,250.0
2016-01-15,250.0
2016-01-16,250.0
2016-01-17,225.0
2016-01-18,200.0
2016-01-19,200.0
2016-01-20,250.0
2016-01-21,250.0
2016-01-22,350.0
2016-01-23,350.0
2016-01-24,350.0
2016-01-25,350.0
2016-01-26,350.0
2016-01-27,350.0
2016-01-28,350.0
2016-01-29,350.0
2016-01-30,350.0
2016-01-31,350.0
2016-02-01,350.0
2016-02-02,350.0
2016-02-03,350.0
2016-02-04,350.0
2016-02-05,350.0
2016-02-06,350.0
2016-02-07,350.0
2016-02-08,350.0
2016-02-09,350.0
2016-02-10,333.3333333333333
2016-02-11,316.6666666666667
2016-02-12,300.0
2016-02-13,300.0
2016-02-14,300.0
2016-02-15,300.0
2016-02-16,400.0
2016-02-17,350.0
2016-02-18,350.0
2016-02-19,350.0
2016-02-20,350.0
2016-02-21,350.0
2016-02-22,350.0
2016-02-23,350.0
2016-02-24,350.0
2016-02-25,350.0
2016-02-26,350.0
2016-02-27,300.0
2016-02-28,300.0
2016-02-29,300.0
2016-03-01,300.0
2016-03-02,300.0
2016-03-03,300.0
2016-03-04,350.0
2016-03-05,350.0
2016-03-06,350.0
2016-03-07,350.0
2016-03-08,350.0
2016-03-09,350.0
2016-03-10,350.0
2016-03-11,350.0
2016-03-12,316.6666666666667
2016-03-13,283.3333333333333
2016-03-14,250.0
2016-03-15,250.0
2016-03-16,250.0
2016-03-17,250.0
2016-03-18,200.0
2016-03-19,250.0
2016-03-20,250.0
2016-03-21,250.0
2016-03-22,250.0
2016-03-23,250.0
2016-03-24,250.0
2016-03-25,250.0
2016-03-26,250.0
2016-03-27,250.0
2016-03-28,250.0
2016-03-29,250.0
2016-03-30,250.0
2016-03-31,250.0
2016-04-01,250.0
2016-04-02,250.0
2016-04-03,250.0
2016-04-04,250.0
2016-04-05,250.0
2016-04-06,250.0
2016-04-07,250.0
2016-04-08,250.0
2016-04-09,250.0
2016-04-10,250.0
2016-04-11,250.0
2016-04-12,250.0
2016-04-13,250.0
2016-04-14,250.0
2016-04-15,250.0
2016-04-16,250.0
2016-04-17,250.0
2016-04-18,250.0
2016-04-19,250.0
2016-04-20,250.0
2016-04-21,250.0
2016-04-22,250.0
2016-04-23,250.0
2016-04-24,250.0
2016-04-25,250.0
2016-04-26,250.0
2016-04-27,300.0
2016-04-28,300.0
2016-04-29,300.0
2016-04-30,300.0
2016-05-01,300.0
2016-05-02,300.0
2016-05-03,275.0
2016-05-04,250.0
2016-05-05,250.0
2016-05-06,250.0
2016-05-07,250.0
2016-05-08,250.0
2016-05-09,250.0
2016-05-10,250.0
2016-05-11,250.0
2016-05-12,250.0
2016-05-13,250.0
2016-05-14,250.0
2016-05-15,250.0
2016-05-16,250.0
2016-05-17,250.0
2016-05-18,250.0
2016-05-19,250.0
2016-05-20,250.0
2016-05-21,250.0
2016-05-22,250.0
2016-05-23,250.0
2016-05-24,250.0
2016-05-25,200.0
2016-05-26,200.0
2016-05-27,200.0
2016-05-28,250.0
2016-05-29,225.0
2016-05-30,200.0
2016-05-31,250.0
2016-06-01,200.0
2016-06-02,200.0
2016-06-03,200.0
2016-06-04,200.0
2016-06-05,200.0
2016-06-06,200.0
2016-06-07,200.0
2016-06-08,250.0
2016-06-09,250.0
2016-06-10,250.0
2016-06-11,250.0
2016-06-12,250.0
2016-06-13,250.0
2016-06-14,250.0
2016-06-15,250.0
2016-06-16,250.0
2016-06-17,250.0
2016-06-18,250.0
2016-06-19,250.0
2016-06-20,250.0
2016-06-21,250.0
2016-06-22,250.0
2016-06-23,250.0
2016-06-24,250.0
2016-06-25,250.0
2016-06-26,250.0
2016-06-27,250.0
2016-06-28,250.0
2016-06-29,300.0
2016-06-30,300.0
2016-07-01,300.0
2016-07-02,300.0
2016-07-03,325.0
2016-07-04,350.0
2016-07-05,350.0
2016-07-06,350.0
2016-07-07,350.0
2016-07-08,350.0
2016-07-09,350.0
2016-07-10,350.0
2016-07-11,350.0
2016-07-12,350.0
2016-07-13,350.0
2016-07-14,300.0
2016-07-15,300.0
2016-07-16,300.0
2016-07-17,300.0
2016-07-18,300.0
2016-07-19,300.0
2016-07-20,300.0
2016-07-21,300.0
2016-07-22,350.0
2016-07-23,350.0
2016-07-24,350.0
2016-07-25,350.0
2016-07-26,350.0
2016-07-27,350.0
2016-07-28,350.0
2016-07-29,350.0
2016-07-30,350.0
2016-07-31,325.0
2016-08-01,300.0
2016-08-02,300.0
2016-08-03,300.0
2016-08-04,300.0
2016-08-05,300.0
2016-08-06,300.0
2016-08-07,300.0
2016-08-08,300.0
2016-08-09,300.0
2016-08-10,300.0
2016-08-11,300.0
2016-08-12,300.0
2016-08-13,300.0
2016-08-14,300.0
2016-08-15,300.0
2016-08-16,300.0
2016-08-17,300.0
2016-08-18,300.0
2016-08-19,250.0
2016-08-20,300.0
2016-08-21,312.5
2016-08-22,325.0
2016-08-23,300.0
2016-08-24,300.0
2016-08-25,300.0
2016-08-26,300.0
2016-08-27,350.0
2016-08-28,350.0
2016-08-29,350.0
2016-08-30,300.0
2016-08-31,300.0
2016-09-01,300.0
2016-09-02,300.0
2016-09-03,300.0
2016-09-04,316.6666666666667
2016-09-05,333.3333333333333
2016-09-06,350.0
2016-09-07,350.0
2016-09-08,350.0
2016-09-09,350.0
2016-09-10,350.0
2016-09-11,350.0
2016-09-12,350.0
2016-09-13,325.0
2016-09-14,300.0
2016-09-15,300.0
2016-09-16,300.0
2016-09-17,300.0
2016-09-18,300.0
2016-09-19,300.0
2016-09-20,300.0
2016-09-21,250.0
2016-09-22,250.0
2016-09-23,200.0
2016-09-24,200.0
2016-09-25,200.0
2016-09-26,200.0
2016-09-27,200.0
2016-09-28,200.0
2016-09-29,200.0
2016-09-30,202.94117647058826
2016-10-01,205.88235294117646
2016-10-02,208.82352941176467
2016-10-03,211.7647058823529
2016-10-04,214.70588235294116
2016-10-05,217.64705882352942
2016-10-06,220.58823529411762
2016-10-07,223.52941176470588
2016-10-08,226.4705882352941
2016-10-09,229.41176470588238
2016-10-10,232.3529411764706
2016-10-11,235.29411764705884
2016-10-12,238.2352941176471
2016-10-13,241.17647058823533
2016-10-14,244.11764705882354
2016-10-15,247.05882352941174
2016-10-16,250.0
2016-10-17,252.94117647058826
2016-10-18,255.88235294117646
2016-10-19,258.8235294117647
2016-10-20,261.7647058823529
2016-10-21,264.70588235294116
2016-10-22,267.6470588235294
2016-10-23,270.5882352941177
2016-10-24,273.52941176470586
2016-10-25,276.4705882352941
2016-10-26,279.41176470588243
2016-10-27,282.35294117647067
2016-10-28,285.29411764705884
2016-10-29,288.23529411764713
2016-10-30,291.1764705882353
2016-10-31,294.11764705882354
2016-11-01,297.0588235294117
2016-11-02,300.0
2016-11-03,300.0
2016-11-04,300.0
2016-11-05,325.0
2016-11-06,312.5
2016-11-07,300.0
2016-11-08,300.0
2016-11-09,300.0
2016-11-10,300.0
2016-11-11,300.0
2016-11-12,300.0
2016-11-13,300.0
2016-11-14,300.0
2016-11-15,300.0
2016-11-16,250.0
2016-11-17,250.0
2016-11-18,250.0
2016-11-19,250.0
2016-11-20,300.0
2016-11-21,350.0
2016-11-22,350.0
2016-11-23,350.0
2016-11-24,350.0
2016-11-25,350.0
2016-11-26,350.0
2016-11-27,350.0
2016-11-28,350.0
2016-11-29,350.0
2016-11-30,300.0
2016-12-01,250.0
2016-12-02,250.0
2016-12-03,250.0
2016-12-04,237.5
2016-12-05,225.0
2016-12-06,225.0
2016-12-07,225.0
2016-12-08,225.0
2016-12-09,250.0
2016-12-10,250.0
2016-12-11,250.0
2016-12-12,250.0
2016-12-13,250.0
2016-12-14,250.0
2016-12-15,250.0
2016-12-16,250.0
2016-12-17,350.0
2016-12-18,375.0
2016-12-19,400.0
2016-12-20,400.0
2016-12-21,350.0
2016-12-22,350.0
2016-12-23,350.0
2016-12-24,350.0
2016-12-25,400.0
2016-12-26,450.0
2016-12-27,300.0
2016-12-28,300.0
2016-12-29,300.0
2016-12-30,300.0
2016-12-31,300.0
2017-01-01,325.0
2017-01-02,350.0
2017-01-03,350.0
2017-01-04,350.0
2017-01-05,350.0
2017-01-06,350.0
2017-01-07,350.0
2017-01-08,350.0
2017-01-09,350.0
2017-01-10,350.0
2017-01-11,350.0
2017-01-12,350.0
2017-01-13,300.0
2017-01-14,300.0
2017-01-15,300.0
2017-01-16,300.0
2017-01-17,300.0
2017-01-18,300.0
2017-01-19,300.0
2017-01-20,290.0
2017-01-21,280.0
2017-01-22,270.0
2017-01-23,260.0
2017-01-24,250.0
2017-01-25,250.0
2017-01-26,250.0
2017-01-27,250.0
2017-01-28,250.0
2017-01-29,250.0
2017-01-30,250.0
2017-01-31,250.0
2017-02-01,250.0
2017-02-02,250.0
2017-02-03,250.0
2017-02-04,250.0
2017-02-05,362.5
2017-02-06,475.0
2017-02-07,475.0
2017-02-08,475.0
2017-02-09,475.0
2017-02-10,475.0
2017-02-11,475.0
2017-02-12,475.0
2017-02-13,475.0
2017-02-14,500.0
2017-02-15,500.0
2017-02-16,500.0
2017-02-17,500.0
2017-02-18,600.0
2017-02-19,600.0
2017-02-20,600.0
2017-02-21,600.0
2017-02-22,600.0
2017-02-23,600.0
2017-02-24,600.0
2017-02-25,600.0
2017-02-26,600.0
2017-02-27,600.0
2017-02-28,600.0
2017-03-01,600.0
2017-03-02,600.0
2017-03-03,600.0
2017-03-04,600.0
2017-03-05,525.0
2017-03-06,450.0
2017-03-07,500.0
2017-03-08,500.0
2017-03-09,450.0
2017-03-10,650.0
2017-03-11,650.0
2017-03-12,650.0
2017-03-13,650.0
2017-03-14,650.0
2017-03-15,650.0
2017-03-16,650.0
2017-03-17,650.0
2017-03-18,650.0
2017-03-19,650.0
2017-03-20,650.0
2017-03-21,650.0
2017-03-22,650.0
2017-03-23,650.0
2017-03-24,650.0
2017-03-25,650.0
2017-03-26,650.0
2017-03-27,650.0
2017-03-28,650.0
2017-03-29,650.0
2017-03-30,650.0
2017-03-31,700.0
2017-04-01,700.0
2017-04-02,700.0
2017-04-03,700.0
2017-04-04,700.0
2017-04-05,700.0
2017-04-06,450.0
2017-04-07,700.0
2017-04-08,691.6666666666665
2017-04-09,683.3333333333334
2017-04-10,675.0
2017-04-11,675.0
2017-04-12,650.0
2017-04-13,650.0
2017-04-14,550.0
2017-04-15,450.0
2017-04-16,512.5
2017-04-17,575.0
2017-04-18,575.0
2017-04-19,575.0
2017-04-20,575.0
2017-04-21,575.0
2017-04-22,575.0
2017-04-23,562.5
2017-04-24,550.0
2017-04-25,550.0
2017-04-26,550.0
2017-04-27,550.0
2017-04-28,550.0
2017-04-29,550.0
2017-04-30,550.0
2017-05-01,550.0
2017-05-02,550.0
2017-05-03,550.0
2017-05-04,400.0
2017-05-05,400.0
2017-05-06,550.0
2017-05-07,550.0
2017-05-08,550.0
2017-05-09,450.0
2017-05-10,450.0
2017-05-11,450.0
2017-05-12,450.0
2017-05-13,450.0
2017-05-14,450.0
2017-05-15,450.0
2017-05-16,450.0
2017-05-17,450.0
2017-05-18,550.0
2017-05-19,675.0
2017-05-20,675.0
2017-05-21,700.0
2017-05-22,725.0
2017-05-23,750.0
2017-05-24,725.0
2017-05-25,750.0
2017-05-26,750.0
2017-05-27,725.0
2017-05-28,637.5
2017-05-29,550.0
2017-05-30,600.0
2017-05-31,600.0
2017-06-01,750.0
2017-06-02,750.0
2017-06-03,750.0
2017-06-04,750.0
2017-06-05,750.0
2017-06-06,750.0
2017-06-07,750.0
2017-06-08,750.0
2017-06-09,750.0
2017-06-10,750.0
2017-06-11,750.0
2017-06-12,750.0
2017-06-13,450.0
2017-06-14,450.0
2017-06-15,750.0
2017-06-16,750.0
2017-06-17,750.0
2017-06-18,700.0
2017-06-19,650.0
2017-06-20,750.0
2017-06-21,650.0
2017-06-22,650.0
2017-06-23,650.0
2017-06-24,650.0
2017-06-25,650.0
2017-06-26,650.0
2017-06-27,650.0
2017-06-28,650.0
2017-06-29,650.0
2017-06-30,650.0
2017-07-01,700.0
2017-07-02,675.0
2017-07-03,650.0
2017-07-04,650.0
2017-07-05,650.0
2017-07-06,650.0
2017-07-07,650.0
2017-07-08,650.0
2017-07-09,650.0
2017-07-10,650.0
2017-07-11,650.0
2017-07-12,650.0
2017-07-13,650.0
2017-07-14,650.0
2017-07-15,650.0
2017-07-16,650.0
2017-07-17,650.0
2017-07-18,725.0
2017-07-19,725.0
2017-07-20,725.0
2017-07-21,725.0
2017-07-22,725.0
2017-07-23,737.5
2017-07-24,750.0
2017-07-25,800.0
2017-07-26,800.0
2017-07-27,825.0
2017-07-28,950.0
2017-07-29,1300.0
2017-07-30,1300.0
2017-07-31,1300.0
2017-08-01,1300.0
2017-08-02,1500.0
2017-08-03,1900.0
2017-08-04,1900.0
2017-08-05,1800.0
2017-08-06,1850.0
2017-08-07,1900.0
2017-08-08,1900.0
2017-08-09,2150.0
2017-08-10,2150.0
2017-08-11,2400.0
2017-08-12,2300.0
2017-08-13,2200.0
2017-08-14,2100.0
2017-08-15,2000.0
2017-08-16,1900.0
2017-08-17,1900.0
2017-08-18,1900.0
2017-08-19,1900.0
2017-08-20,1900.0
2017-08-21,1900.0
2017-08-22,2250.0
2017-08-23,2250.0
2017-08-24,2250.0
2017-08-25,2050.0
2017-08-26,1850.0
2017-08-27,1850.0
2017-08-28,1850.0
2017-08-29,1900.0
2017-08-30,1700.0
2017-08-31,1900.0
2017-09-01,1900.0
2017-09-02,1900.0
2017-09-03,1900.0
2017-09-04,1900.0
2017-09-05,1900.0
2017-09-06,1900.0
2017-09-07,1750.0
2017-09-08,1750.0
2017-09-09,1750.0
2017-09-10,1750.0
2017-09-11,1750.0
2017-09-12,1750.0
2017-09-13,1600.0
2017-09-14,1600.0
2017-09-15,1250.0
2017-09-16,1250.0
2017-09-17,1250.0
2017-09-18,1250.0
2017-09-19,1250.0
2017-09-20,1250.0
2017-09-21,1250.0
2017-09-22,1250.0
2017-09-23,1250.0
2017-09-24,1275.0
2017-09-25,1300.0
2017-09-26,1250.0
2017-09-27,1250.0
2017-09-28,1250.0
2017-09-29,1250.0
2017-09-30,1250.0
2017-10-01,1250.0
2017-10-02,1250.0
2017-10-03,1250.0
2017-10-04,1500.0
2017-10-05,1500.0
2017-10-06,1500.0
2017-10-07,1500.0
2017-10-08,1750.0
2017-10-09,2000.0
2017-10-10,2350.0
2017-10-11,2350.0
2017-10-12,2350.0
2017-10-13,2100.0
2017-10-14,2100.0
2017-10-15,2100.0
2017-10-16,2100.0
2017-10-17,1700.0
2017-10-18,2000.0
2017-10-19,2300.0
2017-10-20,2525.0
2017-10-21,2750.0
2017-10-22,2750.0
2017-10-23,2750.0
2017-10-24,2500.0
2017-10-25,2100.0
2017-10-26,2000.0
2017-10-27,1750.0
2017-10-28,2700.0
2017-10-29,2450.0
2017-10-30,2200.0
2017-10-31,2700.0
2017-11-01,2600.0
2017-11-02,2500.0
2017-11-03,3100.0
2017-11-04,2700.0
2017-11-05,2700.0
2017-11-06,2700.0
2017-11-07,2700.0
2017-11-08,2700.0
2017-11-09,2700.0
2017-11-10,2700.0
2017-11-11,2700.0
2017-11-12,2700.0
2017-11-13,2700.0
2017-11-14,2700.0
2017-11-15,2700.0
2017-11-16,2700.0
2017-11-17,2750.0
2017-11-18,2750.0
2017-11-19,2925.0
2017-11-20,3100.0
2017-11-21,3250.0
2017-11-22,3250.0
2017-11-23,3500.0
2017-11-24,3500.0
2017-11-25,3500.0
2017-11-26,3500.0
2017-11-27,3500.0
2017-11-28,3500.0
2017-11-29,3500.0
2017-11-30,3500.0
2017-12-01,2750.0
2017-12-02,2750.0
2017-12-03,2750.0
2017-12-04,2750.0
2017-12-05,2750.0
2017-12-06,3000.0
2017-12-07,3000.0
2017-12-08,2750.0
2017-12-09,3000.0
2017-12-10,3250.0
2017-12-11,3500.0
2017-12-12,3750.0
2017-12-13,3250.0
2017-12-14,2750.0
2017-12-15,2800.0
2017-12-16,2750.0
2017-12-17,2700.0
2017-12-18,2650.0
2017-12-19,2750.0
2017-12-20,2850.0
2017-12-21,2850.0
2017-12-22,2650.0
2017-12-23,2250.0
2017-12-24,2383.333333333333
2017-12-25,2516.6666666666665
2017-12-26,2650.0
2017-12-27,2650.0
2017-12-28,2650.0
2017-12-29,2800.0
2017-12-30,2750.0
2017-12-31,2875.0
2018-01-01,3000.0
2018-01-02,3000.0
2018-01-03,3250.0
2018-01-04,3250.0
2018-01-05,3250.0
2018-01-06,3250.0
2018-01-07,3250.0
2018-01-08,3250.0
2018-01-09,3250.0
2018-01-10,3000.0
2018-01-11,2600.0
2018-01-12,2400.0
2018-01-13,2487.5
2018-01-14,2575.0
2018-01-15,2662.5
2018-01-16,2750.0
2018-01-17,2750.0
2018-01-18,2750.0
2018-01-19,2750.0
2018-01-20,2250.0
2018-01-21,2425.0
2018-01-22,2600.0
2018-01-23,2600.0
2018-01-24,2600.0
2018-01-25,2450.0
2018-01-26,2300.0
2018-01-27,2150.0
2018-01-28,1875.0
2018-01-29,1600.0
2018-01-30,2150.0
2018-01-31,1600.0
2018-02-01,1600.0
2018-02-02,1600.0
2018-02-03,1650.0
2018-02-04,1900.0
2018-02-05,2150.0
2018-02-06,2200.0
2018-02-07,1850.0
2018-02-08,1800.0
2018-02-09,1800.0
2018-02-10,1816.666666666667
2018-02-11,1833.333333333333
2018-02-12,1850.0
2018-02-13,1725.0
2018-02-14,1600.0
2018-02-15,1350.0
2018-02-16,1350.0
2018-02-17,1350.0
2018-02-18,1350.0
2018-02-19,1350.0
2018-02-20,1350.0
2018-02-21,1350.0
2018-02-22,1350.0
2018-02-23,1350.0
2018-02-24,1300.0
2018-02-25,1200.0
2018-02-26,1100.0
2018-02-27,900.0
2018-02-28,700.0
2018-03-01,700.0
2018-03-02,900.0
2018-03-03,900.0
2018-03-04,1000.0
2018-03-05,1100.0
2018-03-06,1100.0
2018-03-07,1100.0
2018-03-08,1100.0
2018-03-09,900.0
2018-03-10,866.6666666666665
2018-03-11,833.3333333333335
2018-03-12,800.0
2018-03-13,700.0
2018-03-14,700.0
2018-03-15,700.0
2018-03-16,700.0
2018-03-17,700.0
2018-03-18,700.0
2018-03-19,700.0
2018-03-20,700.0
2018-03-21,700.0
2018-03-22,700.0
2018-03-23,700.0
2018-03-24,700.0
2018-03-25,700.0
2018-03-26,700.0
2018-03-27,700.0
2018-03-28,700.0
2018-03-29,700.0
2018-03-30,700.0
2018-03-31,700.0
2018-04-01,675.0
2018-04-02,650.0
2018-04-03,650.0
2018-04-04,650.0
2018-04-05,650.0
2018-04-06,650.0
2018-04-07,650.0
2018-04-08,675.0
2018-04-09,700.0
2018-04-10,700.0
2018-04-11,550.0
2018-04-12,550.0
2018-04-13,550.0
2018-04-14,550.0
2018-04-15,550.0
2018-04-16,550.0
2018-04-17,550.0
2018-04-18,550.0
2018-04-19,550.0
2018-04-20,557.1428571428571
2018-04-21,564.2857142857142
2018-04-22,571.4285714285714
2018-04-23,578.5714285714286
2018-04-24,585.7142857142858
2018-04-25,592.8571428571429
2018-04-26,600.0
2018-04-27,600.0
2018-04-28,600.0
2018-04-29,600.0
2018-04-30,600.0
2018-05-01,600.0
2018-05-02,600.0
2018-05-03,600.0
2018-05-04,600.0
2018-05-05,600.0
2018-05-06,600.0
2018-05-07,600.0
2018-05-08,600.0
2018-05-09,600.0
2018-05-10,600.0
2018-05-11,600.0
2018-05-12,600.0
2018-05-13,600.0
2018-05-14,600.0
2018-05-15,600.0
2018-05-16,600.0
2018-05-17,600.0
2018-05-18,500.0
2018-05-19,500.0
2018-05-20,500.0
2018-05-21,500.0
2018-05-22,500.0
2018-05-23,500.0
2018-05-24,500.0
2018-05-25,500.0
2018-05-26,500.0
2018-05-27,550.0
2018-05-28,600.0
2018-05-29,700.0
2018-05-30,800.0
2018-05-31,900.0
2018-06-01,900.0
2018-06-02,800.0
2018-06-03,800.0
2018-06-04,800.0
2018-06-05,800.0
2018-06-06,800.0
2018-06-07,600.0
2018-06-08,600.0
2018-06-09,633.3333333333334
2018-06-10,666.6666666666666
2018-06-11,700.0
2018-06-12,750.0
2018-06-13,750.0
2018-06-14,750.0
2018-06-15,750.0
2018-06-16,783.3333333333335
2018-06-17,816.6666666666665
2018-06-18,850.0
2018-06-19,850.0
2018-06-20,850.0
2018-06-21,850.0
2018-06-22,850.0
2018-06-23,850.0
2018-06-24,875.0
2018-06-25,900.0
2018-06-26,900.0
2018-06-27,900.0
2018-06-28,900.0
2018-06-29,900.0
2018-06-30,1000.0
2018-07-01,1075.0
2018-07-02,1150.0
2018-07-03,1150.0
2018-07-04,900.0
2018-07-05,900.0
2018-07-06,900.0
2018-07-07,900.0
2018-07-08,900.0
2018-07-09,900.0
2018-07-10,900.0
2018-07-11,900.0
2018-07-12,900.0
2018-07-13,900.0
2018-07-14,900.0
2018-07-15,900.0
2018-07-16,900.0
2018-07-17,900.0
2018-07-18,900.0
2018-07-19,1100.0
2018-07-20,1100.0
2018-07-21,1100.0
2018-07-22,1100.0
2018-07-23,1100.0
2018-07-24,1100.0
2018-07-25,1100.0
2018-07-26,1100.0
2018-07-27,1100.0
2018-07-28,1100.0
2018-07-29,1100.0
2018-07-30,1100.0
2018-07-31,1100.0
2018-08-01,1100.0
2018-08-02,1100.0
2018-08-03,1100.0
2018-08-04,1100.0
2018-08-05,1100.0
2018-08-06,1100.0
2018-08-07,1100.0
2018-08-08,1100.0
2018-08-09,900.0
2018-08-10,1100.0
2018-08-11,1100.0
2018-08-12,1100.0
2018-08-13,1100.0
2018-08-14,1200.0
2018-08-15,1200.0
2018-08-16,1200.0
2018-08-17,1175.0
2018-08-18,1150.0
2018-08-19,1150.0
2018-08-20,1150.0
2018-08-21,1150.0
2018-08-22,1075.0
2018-08-23,1000.0
2018-08-24,950.0
2018-08-25,900.0
2018-08-26,900.0
2018-08-27,900.0
2018-08-28,900.0
2018-08-29,900.0
2018-08-30,900.0
2018-08-31,1000.0
2018-09-01,1000.0
2018-09-02,1000.0
2018-09-03,1000.0
2018-09-04,1000.0
2018-09-05,1000.0
2018-09-06,1000.0
2018-09-07,900.0
2018-09-08,900.0
2018-09-09,900.0
2018-09-10,900.0
2018-09-11,900.0
2018-09-12,900.0
2018-09-13,900.0
2018-09-14,900.0
2018-09-15,900.0
2018-09-16,900.0
2018-09-17,900.0
2018-09-18,900.0
2018-09-19,900.0
2018-09-20,900.0
2018-09-21,875.0
2018-09-22,850.0
2018-09-23,850.0
2018-09-24,850.0
2018-09-25,850.0
2018-09-26,850.0
2018-09-27,850.0
2018-09-28,850.0
2018-09-29,850.0
2018-09-30,850.0
2018-10-01,850.0
2018-10-02,850.0
2018-10-03,850.0
2018-10-04,850.0
2018-10-05,850.0
2018-10-06,850.0
2018-10-07,850.0
2018-10-08,850.0
2018-10-09,850.0
2018-10-10,850.0
2018-10-11,850.0
2018-10-12,850.0
2018-10-13,950.0
2018-10-14,1050.0
2018-10-15,1150.0
2018-10-16,1250.0
2018-10-17,1250.0
2018-10-18,1250.0
2018-10-19,1250.0
2018-10-20,1250.0
2018-10-21,1250.0
2018-10-22,1250.0
2018-10-23,1250.0
2018-10-24,1233.3333333333333
2018-10-25,1216.6666666666667
2018-10-26,1200.0
2018-10-27,1200.0
2018-10-28,1225.0
2018-10-29,1250.0
2018-10-30,1250.0
2018-10-31,1250.0
2018-11-01,1250.0
2018-11-02,1250.0
2018-11-03,1250.0
2018-11-04,1250.0
2018-11-05,1250.0
2018-11-06,1250.0
2018-11-07,1250.0
2018-11-08,1250.0
2018-11-09,1250.0
2018-11-10,1240.0
2018-11-11,1230.0
2018-11-12,1220.0
2018-11-13,1210.0
2018-11-14,1200.0
2018-11-15,1200.0
2018-11-16,1200.0
2018-11-17,1200.0
2018-11-18,1000.0
2018-11-19,800.0
2018-11-20,800.0
2018-11-21,775.0
2018-11-22,750.0
2018-11-23,750.0
2018-11-24,750.0
2018-11-25,750.0
2018-11-26,750.0
2018-11-27,750.0
2018-11-28,750.0
2018-11-29,750.0
2018-11-30,750.0
2018-12-01,750.0
2018-12-02,750.0
2018-12-03,750.0
2018-12-04,750.0
2018-12-05,750.0
2018-12-06,600.0
2018-12-07,600.0
2018-12-08,600.0
2018-12-09,600.0
2018-12-10,600.0
2018-12-11,600.0
2018-12-12,600.0
2018-12-13,600.0
2018-12-14,600.0
2018-12-15,600.0
2018-12-16,600.0
2018-12-17,600.0
2018-12-18,600.0
2018-12-19,600.0
2018-12-20,600.0
2018-12-21,600.0
2018-12-22,650.0
2018-12-23,650.0
2018-12-24,650.0
2018-12-25,575.0
2018-12-26,500.0
2018-12-27,700.0
2018-12-28,700.0
2018-12-29,700.0
2018-12-30,700.0
2018-12-31,700.0
2019-01-01,700.0
2019-01-02,700.0
2019-01-03,700.0
2019-01-04,700.0
2019-01-05,700.0
2019-01-06,700.0
2019-01-07,700.0
2019-01-08,750.0
2019-01-09,350.0
2019-01-10,350.0
2019-01-11,350.0
2019-01-12,400.0
2019-01-13,450.0
2019-01-14,500.0
2019-01-15,500.0
2019-01-16,500.0
2019-01-17,500.0
2019-01-18,550.0
2019-01-19,550.0
2019-01-20,550.0
2019-01-21,550.0
2019-01-22,712.5
2019-01-23,875.0
2019-01-24,450.0
2019-01-25,450.0
2019-01-26,416.66666666666674
2019-01-27,383.33333333333326
2019-01-28,350.0
2019-01-29,350.0
2019-01-30,350.0
2019-01-31,350.0
2019-02-01,350.0
2019-02-02,350.0
2019-02-03,425.0
2019-02-04,500.0
2019-02-05,500.0
2019-02-06,500.0
2019-02-07,450.0
2019-02-08,450.0
2019-02-09,450.0
2019-02-10,450.0
2019-02-11,450.0
2019-02-12,450.0
2019-02-13,450.0
2019-02-14,450.0
2019-02-15,450.0
2019-02-16,450.0
2019-02-17,450.0
2019-02-18,450.0
2019-02-19,600.0
2019-02-20,600.0
2019-02-21,600.0
2019-02-22,600.0
2019-02-23,450.0
2019-02-24,450.0
2019-02-25,450.0
2019-02-26,450.0
2019-02-27,450.0
2019-02-28,450.0
2019-03-01,450.0
2019-03-02,450.0
2019-03-03,500.0
2019-03-04,550.0
2019-03-05,600.0
2019-03-06,600.0
2019-03-07,600.0
2019-03-08,600.0
2019-03-09,616.6666666666666
2019-03-10,633.3333333333334
2019-03-11,650.0
2019-03-12,650.0
2019-03-13,700.0
2019-03-14,700.0
2019-03-15,700.0
2019-03-16,650.0
2019-03-17,650.0
2019-03-18,650.0
2019-03-19,650.0
2019-03-20,650.0
2019-03-21,650.0
2019-03-22,650.0
2019-03-23,650.0
2019-03-24,675.0
2019-03-25,700.0
2019-03-26,700.0
2019-03-27,700.0
2019-03-28,700.0
2019-03-29,700.0
2019-03-30,700.0
2019-03-31,700.0
2019-04-01,700.0
2019-04-02,750.0
2019-04-03,750.0
2019-04-04,750.0
2019-04-05,750.0
2019-04-06,750.0
2019-04-07,750.0
2019-04-08,750.0
2019-04-09,750.0
2019-04-10,750.0
2019-04-11,750.0
2019-04-12,750.0
2019-04-13,700.0
2019-04-14,650.0
2019-04-15,600.0
2019-04-16,600.0
2019-04-17,600.0
2019-04-18,600.0
2019-04-19,600.0
2019-04-20,600.0
2019-04-21,650.0
2019-04-22,700.0
2019-04-23,800.0
2019-04-24,800.0
2019-04-25,800.0
2019-04-26,800.0
2019-04-27,800.0
2019-04-28,800.0
2019-04-29,800.0
2019-04-30,800.0
2019-05-01,750.0
2019-05-02,700.0
2019-05-03,700.0
2019-05-04,700.0
2019-05-05,650.0
2019-05-06,600.0
2019-05-07,600.0
2019-05-08,600.0
2019-05-09,700.0
2019-05-10,700.0
2019-05-11,716.6666666666665
2019-05-12,733.3333333333335
2019-05-13,750.0
2019-05-14,750.0
2019-05-15,750.0
2019-05-16,750.0
2019-05-17,750.0
2019-05-18,750.0
2019-05-19,750.0
2019-05-20,750.0
2019-05-21,900.0
2019-05-22,900.0
2019-05-23,900.0
2019-05-24,900.0
2019-05-25,900.0
2019-05-26,975.0
2019-05-27,1050.0
2019-05-28,1050.0
2019-05-29,1050.0
2019-05-30,1050.0
2019-05-31,1100.0
2019-06-01,1100.0
2019-06-02,1100.0
2019-06-03,1100.0
2019-06-04,1100.0
2019-06-05,1100.0
2019-06-06,1100.0
2019-06-07,1150.0
2019-06-08,1133.3333333333333
2019-06-09,1116.6666666666667
2019-06-10,1100.0
2019-06-11,1100.0
2019-06-12,1100.0
2019-06-13,1150.0
2019-06-14,1150.0
2019-06-15,1100.0
2019-06-16,1125.0
2019-06-17,1150.0
2019-06-18,1150.0
2019-06-19,1150.0
2019-06-20,1100.0
2019-06-21,1100.0
2019-06-22,1100.0
2019-06-23,1100.0
2019-06-24,1100.0
2019-06-25,1100.0
2019-06-26,1100.0
2019-06-27,1100.0
2019-06-28,1100.0
2019-06-29,1100.0
2019-06-30,1100.0
2019-07-01,1100.0
2019-07-02,1100.0
2019-07-03,1100.0
2019-07-04,1100.0
2019-07-05,1100.0
2019-07-06,1100.0
2019-07-07,1100.0
2019-07-08,1100.0
2019-07-09,1100.0
2019-07-10,1100.0
2019-07-11,1100.0
2019-07-12,1100.0
2019-07-13,1100.0
2019-07-14,1100.0
2019-07-15,1100.0
2019-07-16,1100.0
2019-07-17,1100.0
2019-07-18,1100.0
2019-07-19,1100.0
2019-07-20,1100.0
2019-07-21,1100.0
2019-07-22,1100.0
2019-07-23,1100.0
2019-07-24,1100.0
2019-07-25,1100.0
2019-07-26,1100.0
2019-07-27,1116.6666666666667
2019-07-28,1133.3333333333333
2019-07-29,1150.0
2019-07-30,1150.0
2019-07-31,1150.0
2019-08-01,1150.0
2019-08-02,1400.0
2019-08-03,1400.0
2019-08-04,1375.0
2019-08-05,1350.0
2019-08-06,1350.0
2019-08-07,1350.0
2019-08-08,1350.0
2019-08-09,1350.0
2019-08-10,1350.0
2019-08-11,1350.0
2019-08-12,1350.0
2019-08-13,1350.0
2019-08-14,1350.0
2019-08-15,1500.0
2019-08-16,1650.0
2019-08-17,1650.0
2019-08-18,1650.0
2019-08-19,1650.0
2019-08-20,1750.0
2019-08-21,1750.0
2019-08-22,1750.0
2019-08-23,1750.0
2019-08-24,1800.0
2019-08-25,1850.0
2019-08-26,1900.0
2019-08-27,1900.0
2019-08-28,1900.0
2019-08-29,1800.0
2019-08-30,1800.0
2019-08-31,1800.0
2019-09-01,1933.333333333333
2019-09-02,2066.6666666666665
2019-09-03,2200.0
2019-09-04,2200.0
2019-09-05,2200.0
2019-09-06,1750.0
2019-09-07,1750.0
2019-09-08,2000.0
2019-09-09,2250.0
2019-09-10,2250.0
2019-09-11,2250.0
2019-09-12,2250.0
2019-09-13,2600.0
2019-09-14,2650.0
2019-09-15,2700.0
2019-09-16,2750.0
2019-09-17,2600.0
2019-09-18,2600.0
2019-09-19,3100.0
2019-09-20,3500.0
2019-09-21,3500.0
2019-09-22,3375.0
2019-09-23,3250.0
2019-09-24,3250.0
2019-09-25,2900.0
2019-09-26,2700.0
2019-09-27,2750.0
2019-09-28,2666.6666666666665
2019-09-29,2583.333333333333
2019-09-30,2500.0
2019-10-01,2500.0
2019-10-02,2500.0
2019-10-03,2500.0
2019-10-04,2000.0
2019-10-05,2000.0
2019-10-06,2212.5
2019-10-07,2425.0
2019-10-08,2637.5
2019-10-09,2850.0
2019-10-10,2800.0
2019-10-11,2800.0
2019-10-12,2725.0
2019-10-13,2650.0
2019-10-14,2575.0
2019-10-15,2500.0
2019-10-16,1800.0
2019-10-17,1850.0
2019-10-18,1850.0
2019-10-19,1850.0
2019-10-20,2175.0
2019-10-21,2500.0
2019-10-22,2500.0
2019-10-23,2850.0
2019-10-24,2850.0
2019-10-25,2850.0
2019-10-26,2900.0
2019-10-27,2950.0
2019-10-28,3000.0
2019-10-29,3125.0
2019-10-30,3250.0
2019-10-31,3250.0
2019-11-01,3875.0
2019-11-02,4500.0
2019-11-03,4500.0
2019-11-04,4500.0
2019-11-05,4500.0
2019-11-06,3500.0
2019-11-07,4000.0
2019-11-08,4000.0
2019-11-09,4166.666666666667
2019-11-10,4333.333333333333
2019-11-11,4500.0
2019-11-12,4500.0
2019-11-13,4500.0
2019-11-14,4550.0
2019-11-15,4525.0
2019-11-16,4500.0
2019-11-17,4500.0
2019-11-18,4500.0
2019-11-19,5000.0
2019-11-20,5000.0
2019-11-21,5000.0
2019-11-22,5000.0
2019-11-23,5333.333333333333
2019-11-24,5666.666666666668
2019-11-25,6000.0
2019-11-26,7000.0
2019-11-27,6250.0
2019-11-28,5000.0
2019-11-29,5000.0
2019-11-30,5000.0
2019-12-01,6000.0
2019-12-02,7000.0
2019-12-03,9000.0
2019-12-04,11000.0
2019-12-05,11000.0
2019-12-06,11000.0
2019-12-07,11000.0
2019-12-08,8750.0
2019-12-09,6500.0
2019-12-10,6500.0
2019-12-11,6500.0
2019-12-12,6500.0
2019-12-13,7000.0
2019-12-14,7666.666666666668
2019-12-15,8333.333333333334
2019-12-16,9000.0
2019-12-17,9000.0
2019-12-18,9000.0
2019-12-19,8000.0
2019-12-20,7500.0
2019-12-21,7500.0
2019-12-22,7500.0
2019-12-23,7500.0
2019-12-24,7500.0
2019-12-25,7500.0
2019-12-26,7500.0
2019-12-27,7500.0
2019-12-28,6666.666666666668
2019-12-29,5833.333333333332
2019-12-30,5000.0
2019-12-31,4500.0
2020-01-01,3500.0
2020-01-02,3500.0
2020-01-03,3000.0
2020-01-04,3500.0
2020-01-05,3500.0
2020-01-06,3500.0
2020-01-07,3750.0
2020-01-08,4000.0
2020-01-09,4000.0
2020-01-10,4000.0
2020-01-11,3616.666666666666
2020-01-12,3233.333333333333
2020-01-13,2850.0
2020-01-14,3500.0
2020-01-15,3500.0
2020-01-16,3500.0
2020-01-17,3500.0
2020-01-18,3500.0
2020-01-19,3800.0
2020-01-20,4100.0
2020-01-21,4100.0
2020-01-22,4000.0
2020-01-23,3750.0
2020-01-24,3250.0
2020-01-25,3100.0
2020-01-26,2950.0
2020-01-27,2800.0
2020-01-28,2500.0
2020-01-29,2500.0
2020-01-30,2500.0
2020-01-31,2500.0
2020-02-01,2500.0
2020-02-02,2500.0
2020-02-03,2500.0
2020-02-04,2500.0
2020-02-05,2250.0
2020-02-06,1400.0
2020-02-07,1350.0
2020-02-08,1533.333333333333
2020-02-09,1716.666666666667
2020-02-10,1900.0
2020-02-11,1900.0
2020-02-12,1900.0
2020-02-13,1900.0
2020-02-14,1900.0
2020-02-15,1975.0
2020-02-16,2062.5
2020-02-17,2150.0
2020-02-18,2150.0
2020-02-19,2150.0
2020-02-20,2100.0
2020-02-21,2050.0
2020-02-22,2000.0
2020-02-23,1950.0
2020-02-24,1900.0
2020-02-25,1900.0
2020-02-26,1600.0
2020-02-27,1800.0
2020-02-28,1800.0
2020-02-29,1700.0
2020-03-01,1700.0
2020-03-02,1700.0
2020-03-03,1700.0
2020-03-04,1400.0
2020-03-05,1350.0
2020-03-06,1350.0
2020-03-07,1350.0
2020-03-08,1375.0
2020-03-09,1400.0
2020-03-10,1600.0
2020-03-11,1850.0
2020-03-12,1850.0
2020-03-13,1850.0
2020-03-14,1700.0
2020-03-15,1550.0
2020-03-16,1400.0
2020-03-17,1300.0
2020-03-18,1100.0
2020-03-19,1100.0
2020-03-20,1100.0
2020-03-21,1100.0
2020-03-22,1350.0
2020-03-23,1600.0
2020-03-24,1600.0
2020-03-25,1600.0
2020-03-26,1600.0
2020-03-27,1600.0
2020-03-28,1600.0
2020-03-29,1600.0
2020-03-30,1600.0
2020-03-31,1600.0
2020-04-01,1200.0
2020-04-02,1300.0
2020-04-03,1100.0
2020-04-04,1150.0
2020-04-05,1233.3333333333333
2020-04-06,1316.6666666666667
2020-04-07,1400.0
2020-04-08,1150.0
2020-04-09,700.0
2020-04-10,775.0
2020-04-11,850.0
2020-04-12,925.0
2020-04-13,1000.0
2020-04-14,950.0
2020-04-15,900.0
2020-04-16,950.0
2020-04-17,700.0
2020-04-18,850.0
2020-04-19,850.0
2020-04-20,850.0
2020-04-21,850.0
2020-04-22,900.0
2020-04-23,900.0
2020-04-24,900.0
2020-04-25,900.0
2020-04-26,900.0
2020-04-27,900.0
2020-04-28,900.0
2020-04-29,900.0
2020-04-30,850.0
2020-05-01,875.0
2020-05-02,900.0
2020-05-03,875.0
2020-05-04,850.0
2020-05-05,850.0
2020-05-06,650.0
2020-05-07,650.0
2020-05-08,550.0
2020-05-09,583.3333333333334
2020-05-10,616.6666666666666
2020-05-11,650.0
2020-05-12,700.0
2020-05-13,700.0
2020-05-14,700.0
2020-05-15,650.0
2020-05-16,650.0
2020-05-17,675.0
2020-05-18,700.0
2020-05-19,700.0
2020-05-20,715.3846153846154
2020-05-21,730.7692307692308
2020-05-22,746.1538461538463
2020-05-23,761.5384615384614
2020-05-24,776.9230769230769
2020-05-25,792.3076923076923
2020-05-26,807.6923076923077
2020-05-27,823.0769230769231
2020-05-28,838.4615384615386
2020-05-29,853.8461538461537
2020-05-30,869.2307692307692
2020-05-31,884.6153846153846
2020-06-01,900.0
2020-06-02,900.0
2020-06-03,900.0
2020-06-04,850.0
2020-06-05,850.0
2020-06-06,850.0
2020-06-07,850.0
2020-06-08,850.0
2020-06-09,850.0
2020-06-10,850.0
2020-06-11,850.0
2020-06-12,850.0
2020-06-13,850.0
2020-06-14,850.0
2020-06-15,850.0
2020-06-16,900.0
2020-06-17,900.0
2020-06-18,900.0
2020-06-19,900.0
2020-06-20,900.0
2020-06-21,900.0
2020-06-22,900.0
2020-06-23,900.0
2020-06-24,750.0
2020-06-25,750.0
2020-06-26,750.0
2020-06-27,750.0
2020-06-28,750.0
2020-06-29,750.0
2020-06-30,750.0
2020-07-01,750.0
2020-07-02,750.0
2020-07-03,750.0
2020-07-04,750.0
2020-07-05,750.0
2020-07-06,750.0
2020-07-07,750.0
2020-07-08,750.0
2020-07-09,750.0
2020-07-10,750.0
2020-07-11,750.0
2020-07-12,750.0
2020-07-13,750.0
2020-07-14,750.0
2020-07-15,750.0
2020-07-16,750.0
2020-07-17,750.0
2020-07-18,750.0
2020-07-19,750.0
2020-07-20,750.0
2020-07-21,750.0
2020-07-22,750.0
2020-07-23,750.0
2020-07-24,750.0
2020-07-25,750.0
2020-07-26,750.0
2020-07-27,750.0
2020-07-28,750.0
2020-07-29,750.0
