2018-07-01,1019,4,NR,Local,1150,1400,1200
2018-07-01,1299,93,NR,Hybrid,1120,1280,1140
2018-07-02,1575,1,NR,Local,1000,1050,1025
2018-07-03,1375,1,NR,Hybrid,1226,1401,1305
2018-07-03,1575,1,NR,Local,1010,1050,1020
2018-07-04,109,15,NR,Hybrid,1700,2000,1850
2018-07-04,1575,1,NR,Local,1020,1051,1030
2018-07-07,109,4,NR,Hybrid,1700,2000,1850
2018-07-07,1299,3,NR,Hybrid,1150,1150,1150
2018-07-07,1575,1,NR,Local,1020,1075,1050
2018-07-08,1019,2,NR,Local,1000,1200,1075
2018-07-08,1299,47,NR,Hybrid,1150,1250,1250
2018-07-09,109,32,NR,Hybrid,1700,2000,1850
2018-07-09,1375,1,NR,Hybrid,1228,1354,1281
2018-07-10,1028,17,NR,Hybrid,980,980,980
2018-07-10,109,17,NR,Hybrid,1700,2000,1850
2018-07-10,1375,1,NR,Hybrid,1186,1465,1309
2018-07-10,1575,3,NR,Local,1000,1050,1030
2018-07-11,1299,21,NR,Hybrid,1200,1200,1200
2018-07-11,1375,4,NR,Hybrid,1360,1360,1360
2018-07-11,1575,1,NR,Local,1000,1100,1050
2018-07-12,1375,2,NR,Hybrid,1360,1360,1360
2018-07-12,1575,1,NR,Local,1000,1100,1050
2018-07-12,968,8,NR,Hybrid,1075,1075,1075
2018-07-13,109,22,NR,Hybrid,1700,2000,1850
2018-07-14,968,1,NR,Hybrid,1075,1075,1075
2018-07-15,1019,5,NR,Hybrid,1000,1250,1100
2018-07-16,109,2,NR,Hybrid,1700,2000,1850
2018-07-16,1375,2,NR,Hybrid,1240,1290,1275
2018-07-16,489,5,NR,Hybrid,1000,1200,1100
2018-07-17,1299,41,NR,Hybrid,1100,1210,1200
2018-07-17,1375,4,NR,Hybrid,1274,1378,1326
2018-07-17,1575,1,NR,Local,1000,1125,1075
2018-07-18,109,12,NR,Hybrid,1700,2000,1850
2018-07-18,1299,93,NR,Hybrid,1130,1210,1200
2018-07-18,1375,44,NR,Hybrid,1200,1325,1263
2018-07-19,109,3,NR,Hybrid,1700,2000,1850
2018-07-19,1299,5,NR,Hybrid,1250,1250,1250
2018-07-20,1375,2,NR,Hybrid,1100,1818,1353
2018-07-20,489,2,NR,Hybrid,1000,1150,1075
2018-07-21,1375,1,NR,Hybrid,1245,1405,1286
2018-07-21,1575,1,NR,Local,1000,1125,1050
2018-07-22,1019,4,NR,Local,1050,1250,1150
2018-07-22,1299,30,NR,Hybrid,1140,1250,1200
2018-07-23,1375,20,NR,Hybrid,1218,1415,1332
2018-07-23,1575,1,NR,Local,1050,1120,1100
2018-07-23,968,1,NR,Hybrid,1079,1079,1079
2018-07-24,1028,13,NR,Hybrid,1310,1330,1330
2018-07-24,109,8,NR,Hybrid,1700,2000,1850
2018-07-24,1375,1,NR,Hybrid,1378,1417,1412
2018-07-25,1299,2,NR,Hybrid,1200,1200,1200
2018-07-25,1375,2.3,NR,Hybrid,1300,1333,1303
2018-07-25,1575,1,NR,Local,1000,1120,1050
2018-07-26,109,10,NR,Hybrid,1700,2000,1850
2018-07-27,1375,1,NR,Hybrid,1327,1346,1337
2018-07-28,109,1,NR,Hybrid,1700,2000,1850
2018-07-29,1019,9,NR,Local,1000,1350,1270
2018-07-30,109,3,NR,Hybrid,1700,2000,1850
2018-07-30,1299,20,NR,Hybrid,1180,1180,1180
2018-07-30,1375,5,NR,Hybrid,1255,1368,1304
2018-07-30,1575,1,NR,Local,1000,1150,1100
2018-07-31,109,2,NR,Hybrid,1700,2000,1850
2018-07-31,1299,20,NR,Hybrid,1180,1180,1180
2018-07-31,1375,2,NR,Hybrid,1270,1462,1348
2018-08-01,1019,10,NR,Local,1200,1300,1250
2018-08-01,109,15,NR,Hybrid,1700,2000,1850
2018-08-01,1299,25,NR,Hybrid,1150,1150,1150
2018-08-01,1375,2,NR,Hybrid,1290,1340,1324
2018-08-02,1375,8,NR,Hybrid,1268,1508,1421
2018-08-02,1575,1,NR,Local,1000,1101,1050
2018-08-03,1019,6,NR,Local,1130,1130,1130
2018-08-03,109,13,NR,Hybrid,1700,2000,1850
2018-08-03,1375,2,NR,Hybrid,1266,1457,1344
2018-08-04,1019,18,NR,Local,1080,1080,1080
2018-08-04,109,13,NR,Hybrid,1700,2000,1850
2018-08-04,1299,25,NR,Hybrid,1150,1150,1150
2018-08-04,1375,3,NR,Hybrid,1262,1426,1354
2018-08-04,1575,1,NR,Local,1050,1101,1050
2018-08-05,1019,2,NR,Local,1000,1250,1150
2018-08-05,1299,45,NR,Hybrid,1230,1230,1230
2018-08-06,1299,10,NR,Hybrid,1230,1230,1230
2018-08-06,1375,26,NR, ,0,0,0
2018-08-06,1575,1,NR,Local,1000,1100,1050
2018-08-07,109,10,NR,Hybrid,1700,2000,1850
2018-08-07,1375,2,NR,Hybrid,1211,1526,1348
2018-08-08,1375,6,NR,Hybrid,1101,1422,1319
2018-08-08,1575,1,NR,Local,1000,1125,1050
2018-08-09,109,5,NR,Hybrid,1700,2000,1850
2018-08-09,1299,22,NR,Hybrid,1200,1200,1200
2018-08-09,1375,2,NR,Hybrid,1334,1511,1392
2018-08-09,489,9,NR,Hybrid,1100,1200,1150
2018-08-10,1019,21,NR,Local,1000,1100,1075
2018-08-10,109,20,NR,Hybrid,1700,2000,1850
2018-08-10,1375,4,NR,Hybrid,1169,1459,1317
2018-08-12,1019,2,NR,Local,1450,1650,1500
2018-08-12,1299,45,NR,Hybrid,1150,1150,1150
2018-08-13,109,4,NR,Hybrid,1700,2000,1850
2018-08-13,1375,7,NR,Hybrid,1167,1420,1353
2018-08-14,109,2,NR,Hybrid,1700,2000,1850
2018-08-14,1375,1,NR,Hybrid,1127,1407,1311
2018-08-14,1575,1,NR,Local,1080,1130,1100
2018-08-16,109,1,NR,Hybrid,1700,2000,1850
2018-08-16,1299,62,NR,Hybrid,1230,1375,1350
2018-08-16,1375,3,NR,Hybrid,1440,1440,1440
2018-08-18,1019,21,NR,Local,1000,1150,1100
2018-08-18,109,5,NR,Hybrid,1700,2000,1850
2018-08-18,1299,106,NR,Hybrid,1350,1350,1350
2018-08-18,1375,4,NR,Hybrid,1200,1866,1225
2018-08-18,1575,1,NR,Local,1100,1300,1150
2018-08-19,1019,4,NR,Local,1000,1250,1100
2018-08-20,1375,4,NR,Hybrid,1246,1522,1335
2018-08-21,109,5,NR,Hybrid,1700,2000,1850
2018-08-21,1375,3,NR,Hybrid,1066,1386,1323
2018-08-21,1575,1,NR,Local,1100,1150,1111
2018-08-23,109,7,NR,Hybrid,1700,2000,1850
2018-08-23,1299,41,NR,Hybrid,1250,1300,1300
2018-08-23,1375,5,NR,Hybrid,1191,1507,1360
2018-08-23,1575,1,NR,Local,1100,1150,1100
2018-08-24,117,1,NR,Local,1222,1222,1222
2018-08-24,1375,22,NR,Hybrid,1249,1781,1418
2018-08-24,489,14,NR,Hybrid,1100,1200,1150
2018-08-25,1028,18,NR,Hybrid,1200,1550,1550
2018-08-25,109,14,NR,Hybrid,1700,2000,1850
2018-08-25,1299,16,NR,Hybrid,1160,1160,1160
2018-08-25,1375,4,NR,Hybrid,1187,1519,1353
2018-08-26,1019,1,NR,Hybrid,1050,1200,1150
2018-08-27,1375,9,NR,Hybrid,1070,1573,1372
2018-08-28,109,8,NR,Hybrid,1700,2000,1850
2018-08-28,1299,22,NR,Hybrid,1280,1300,1300
2018-08-28,1375,39,NR,Hybrid,889,1602,1368
2018-08-28,1575,1,NR,Local,1100,1160,1130
2018-08-29,1019,11,NR,Local,1050,1150,1100
2018-08-29,1375,4,NR,Hybrid,1181,1539,1373
2018-08-30,109,18,NR,Hybrid,2000,2500,2250
2018-08-30,1375,2,NR,Hybrid,1274,1488,1366
2018-08-30,489,1,NR,Hybrid,1100,1200,1150
2018-08-31,115,2,NR,Other,1270,1270,1270
2018-08-31,1375,3,NR,Hybrid,1069,1501,1314
2018-08-31,822,10,NR,Other,1100,1100,1100
2018-09-01,109,5,NR,Hybrid,2000,2500,2250
2018-09-01,1299,160,NR,Hybrid,1400,1400,1400
2018-09-01,1375,5,NR,Hybrid,1192,1469,1346
2018-09-01,968,1,NR,Hybrid,1085,1085,1085
2018-09-02,1019,3,NR,Hybrid,1000,1200,1100
2018-09-03,109,3,NR,Hybrid,2000,2500,2250
2018-09-03,1375,3.7,NR,Hybrid,1251,1489,1390
2018-09-04,109,17,NR,Hybrid,2000,2500,2250
2018-09-04,1375,13,NR,Hybrid,1169,1556,1415
2018-09-04,1575,1,NR,Local,1050,1150,1120
2018-09-04,968,2,NR,Hybrid,1100,1150,1115
2018-09-05,109,5,NR,Hybrid,2000,2500,2250
2018-09-05,1299,32,NR,Hybrid,1280,1280,1280
2018-09-05,1375,2.3,NR,Hybrid,909,1533,1369
2018-09-06,109,2,NR,Hybrid,2000,2500,2250
2018-09-06,1299,36,NR,Hybrid,1275,1275,1275
2018-09-06,1375,5,NR,Hybrid,1263,1571,1441
2018-09-06,489,1,NR,Hybrid,1100,1200,1150
2018-09-07,109,8,NR,Hybrid,2000,2500,2250
2018-09-07,1375,3,NR,Hybrid,1160,1481,1416
2018-09-07,1575,1,NR,Local,1125,1160,1130
2018-09-09,1019,8,NR,Local,1050,1200,1150
2018-09-09,1299,28,NR,Hybrid,1300,1300,1300
2018-09-10,1299,42,NR,Hybrid,1250,1250,1250
2018-09-11,109,8,NR,Hybrid,2000,2500,2250
2018-09-11,1299,56,NR,Hybrid,1200,1380,1300
2018-09-11,1375,2,NR,Hybrid,1327,1449,1410
2018-09-11,489,2,NR,Hybrid,1150,1250,1200
2018-09-11,968,5,NR,Hybrid,1100,1236,1206
2018-09-12,1019,20,NR,Local,1110,1110,1110
2018-09-12,109,1,NR,Hybrid,2000,2500,2250
2018-09-12,1375,2,NR,Hybrid,1334,1533,1407
2018-09-12,489,18,NR,Hybrid,1200,1300,1250
2018-09-12,968,5,NR,Hybrid,1211,1256,1245
2018-09-14,1019,63,NR,Local,1100,1100,1100
2018-09-14,109,4,NR,Hybrid,2000,2500,2250
2018-09-14,1375,2,NR,Hybrid,1277,1507,1416
2018-09-14,968,16,NR,Hybrid,1170,1339,1264
2018-09-15,1375,2,NR,Hybrid,1316,1602,1453
2018-09-15,968,10,NR,Hybrid,1130,1361,1282
2018-09-16,1019,13,NR,Local,1100,1350,1200
2018-09-16,1299,139,NR,Hybrid,1250,1360,1300
2018-09-17,1019,10,NR,Local,1100,1400,1250
2018-09-17,109,2,NR,Hybrid,2000,2500,2250
2018-09-17,1299,21,NR,Hybrid,1225,1225,1225
2018-09-17,1375,5,NR,Hybrid,1307,1517,1409
2018-09-18,109,19,NR,Hybrid,2000,2500,2250
2018-09-18,1299,55,NR,Hybrid,1250,1370,1300
2018-09-18,1375,1,NR,Hybrid,1437,1457,1445
2018-09-18,1575,1,NR,Local,1100,1200,1150
2018-09-18,968,25,NR,Hybrid,1100,1351,1278
2018-09-19,1019,30,NR,Local,1000,1150,1130
2018-09-19,1299,30,NR,Hybrid,1280,1300,1300
2018-09-19,1375,12,NR,Hybrid,1313,1525,1473
2018-09-19,968,23,NR,Hybrid,1195,1361,1280
2018-09-20,109,11,NR,Hybrid,2000,2500,2250
2018-09-20,1299,21,NR,Hybrid,1280,1280,1280
2018-09-20,1375,15,NR,Hybrid,1550,1550,1550
2018-09-20,968,9,NR,Hybrid,1329,1370,1351
2018-09-22,109,12,NR,Hybrid,2000,2500,2250
2018-09-22,115,3,NR,Other,1280,1280,1280
2018-09-22,1299,82,NR,Hybrid,1250,12350,1300
2018-09-22,1575,1,NR,Local,1100,1220,1150
2018-09-22,489,14,NR,Hybrid,1200,1400,1300
2018-09-22,968,10,NR,Hybrid,1170,1399,1350
2018-09-23,1019,34,NR,Hybrid,1150,1300,1250
2018-09-23,1299,237,NR,Hybrid,1230,1400,1320
2018-09-24,1019,19,NR,Local,1200,1600,1400
2018-09-24,109,6,NR,Hybrid,2000,2500,2250
2018-09-24,489,1,NR,Hybrid,1200,1400,1300
2018-09-24,968,32,NR,Hybrid,1150,1415,1314
2018-09-25,1028,51,NR,Hybrid,1200,1200,1200
2018-09-25,109,12,NR,Hybrid,2000,2500,2250
2018-09-25,1299,49,NR,Hybrid,1250,1300,1300
2018-09-25,968,28,NR,Hybrid,1150,1440,1403
2018-09-26,109,6,NR,Hybrid,2000,2500,2250
2018-09-26,1299,131,NR,Hybrid,1210,1350,1300
2018-09-26,1375,3.5,NR,Hybrid,1476,1529,1478
2018-09-26,1575,1,NR,Local,1100,1200,1100
2018-09-26,489,3,NR,Hybrid,1200,1350,1294
2018-09-26,968,35,NR,Hybrid,1150,1465,1399
2018-09-27,109,17,NR,Hybrid,2000,2500,2250
2018-09-27,1299,78,NR,Hybrid,1250,1300,1300
2018-09-27,1375,1,NR,Hybrid,1344,1493,1429
2018-09-27,1575,1,NR,Local,1100,1200,1150
2018-09-27,968,16,NR,Hybrid,1356,1525,1446
2018-09-28,109,3,NR,Hybrid,2000,2500,2250
2018-09-28,1375,3,NR,Hybrid,1212,1516,1387
2018-09-28,489,17,NR,Hybrid,1300,1400,1350
2018-09-28,968,16,NR,Hybrid,1440,1540,1528
2018-09-29,1299,120,NR,Hybrid,1300,1300,1300
2018-09-29,1575,1,NR,Local,1250,1450,1300
2018-09-29,968,31,NR,Hybrid,1410,1576,1499
2018-09-30,1019,32,NR,Local,1250,1500,1450
2018-09-30,1299,166,NR,Hybrid,1300,1350,1330
2018-10-01,109,12,NR,Hybrid,2000,2500,2250
2018-10-01,1375,5,NR,Hybrid,1381,1518,1434
2018-10-01,1575,1,NR,Local,1100,1185,1125
2018-10-01,489,26,NR,Hybrid,1200,1500,1400
2018-10-01,822,3,NR,Other,1400,1400,1400
2018-10-01,968,21,NR,Hybrid,1250,1525,1502
2018-10-03,1019,39,NR,Local,1450,1500,1470
2018-10-03,109,4,NR,Hybrid,2000,2500,2250
2018-10-03,1299,53,NR,Hybrid,1250,1350,1300
2018-10-03,1375,1.5,NR,Hybrid,1352,1527,1420
2018-10-03,1575,1,NR,Local,1100,1300,1200
2018-10-03,489,1,NR,Hybrid,1475,1475,1475
2018-10-03,968,14,NR,Hybrid,1221,1586,1465
2018-10-04,1299,53,NR,Hybrid,1300,1430,1400
2018-10-04,1575,3,NR,Local,1100,1400,1200
2018-10-04,968,12,NR,Hybrid,1400,1605,1486
2018-10-05,109,12,NR,Hybrid,2000,2500,2250
2018-10-05,1375,1,NR,Hybrid,1308,1444,1384
2018-10-05,1575,1,NR,Local,1100,1200,1120
2018-10-05,968,21,NR,Hybrid,1415,1639,1584
2018-10-06,1019,5,NR,Local,1350,1620,1550
2018-10-06,109,7,NR,Hybrid,2000,2500,2250
2018-10-06,1375,6,NR,Hybrid,1381,1451,1433
2018-10-06,1575,1,NR,Local,1150,1300,1200
2018-10-06,968,19,NR,Hybrid,1215,1619,1567
2018-10-07,1019,29,NR,Local,1200,1500,1425
2018-10-07,1299,48,NR,Hybrid,1300,1370,1350
2018-10-08,1575,2,NR,Local,1140,1400,1250
2018-10-09,1028,10,NR,Hybrid,1250,1250,1250
2018-10-09,109,29,NR,Hybrid,2000,2500,2250
2018-10-09,1299,34,NR,Hybrid,1350,1360,1360
2018-10-09,489,32,NR,Hybrid,1400,1600,1500
2018-10-10,1299,108,NR,Hybrid,1300,1350,1320
2018-10-10,1375,0.9,NR,Hybrid,1391,1581,1496
2018-10-10,489,7,NR,Hybrid,1400,1600,1500
2018-10-10,968,49,NR,Hybrid,1400,1645,1584
2018-10-11,1019,9,NR,Hybrid,1200,1200,1200
2018-10-11,1028,5,NR,Hybrid,1410,1410,1410
2018-10-11,1299,168,NR,Hybrid,1320,1400,1350
2018-10-11,1375,1.5,NR,Hybrid,1347,1551,1464
2018-10-11,1575,2,NR,Local,1150,1450,1300
2018-10-11,489,9,NR,Hybrid,1400,1600,1500
2018-10-11,968,29,NR,Hybrid,1261,1649,1569
2018-10-12,109,4,NR,Hybrid,2000,2500,2250
2018-10-12,1375,1.3,NR,Hybrid,1432,1562,1490
2018-10-12,1575,4,NR,Local,1150,1550,1300
2018-10-12,489,2,NR,Hybrid,1400,1600,1500
2018-10-12,822,1,NR,Other,1200,1200,1200
2018-10-12,968,24,NR,Hybrid,1215,1669,1614
2018-10-13,1019,3,NR,Hybrid,1300,1550,1400
2018-10-13,1575,4,NR,Local,1150,1550,1300
2018-10-13,968,23,NR,Hybrid,1509,1701,1636
2018-10-14,1019,24,NR,Local,1300,1600,1500
2018-10-14,1299,17,NR,Hybrid,1450,1450,1450
2018-10-15,1019,21,NR,Local,1400,1600,1500
2018-10-15,109,14,NR,Hybrid,2000,2500,2250
2018-10-15,1299,25,NR,Hybrid,1490,1490,1490
2018-10-15,1375,3,NR,Hybrid,1369,1588,1508
2018-10-15,1575,3,NR,Local,1200,1450,1300
2018-10-15,489,12,NR,Hybrid,1400,1600,1500
2018-10-15,968,27,NR,Hybrid,1321,1739,1659
2018-10-16,1299,115,NR,Hybrid,1350,1440,1400
2018-10-16,1375,3,NR,Hybrid,1458,1611,1541
2018-10-16,1575,5,NR,Local,1200,1450,1350
2018-10-16,489,2,NR,Hybrid,1400,1550,1500
2018-10-16,968,27,NR,Hybrid,1425,1752,1676
2018-10-17,1299,10,NR,Hybrid,1400,1400,1400
2018-10-17,1375,16,NR,Hybrid,1480,1613,1495
2018-10-17,1575,1,NR,Local,1200,1500,1400
2018-10-17,489,17,NR,Hybrid,1400,1550,1500
2018-10-17,968,5,NR,Hybrid,1401,1755,1678
2018-10-19,968,73,NR,Hybrid,1301,1811,1724
2018-10-20,1019,10,NR,Local,1500,1500,1500
2018-10-20,109,10,NR,Hybrid,2000,2500,2250
2018-10-20,1299,70,NR,Hybrid,1350,1400,1400
2018-10-20,1375,0.1,NR,Hybrid,1666,1666,1666
2018-10-20,1575,3,NR,Local,1300,1500,1450
2018-10-20,489,52,NR,Hybrid,1400,1800,1600
2018-10-20,968,21,NR,Hybrid,1601,1820,1698
2018-10-21,1019,35,NR,Local,1275,1400,1325
2018-10-21,1299,114,NR,Hybrid,1350,1520,1400
2018-10-22,1028,15,NR,Hybrid,1180,1205,1200
2018-10-22,109,6,NR,Hybrid,2000,2500,2250
2018-10-22,1299,22,NR,Hybrid,1310,1320,1320
2018-10-22,1375,18,NR,Hybrid,1511,1704,1608
2018-10-22,1575,4,NR,Local,1350,1700,1500
2018-10-22,489,10,NR,Hybrid,1600,1600,1600
2018-10-22,968,25,NR,Hybrid,1675,1861,1804
2018-10-23,109,6,NR,Hybrid,2000,2500,2250
2018-10-23,1299,63,NR,Hybrid,1400,1500,1450
2018-10-23,1375,2,NR,Hybrid,1568,1736,1701
2018-10-23,1575,7,NR,Local,1350,1550,1400
2018-10-23,489,3,NR,Hybrid,1701,1701,1701
2018-10-23,968,10,NR,Hybrid,1000,1924,1852
2018-10-25,1019,21,NR,Local,1300,1700,1550
2018-10-25,109,6,NR,Hybrid,2000,2500,2250
2018-10-25,1299,44,NR,Hybrid,1300,1400,1350
2018-10-25,1375,6,NR,Hybrid,1660,1775,1665
2018-10-25,1575,4,NR,Local,1300,1600,1400
2018-10-25,489,52,NR,Hybrid,1700,1900,1800
2018-10-25,968,38,NR,Hybrid,1823,1956,1930
2018-10-26,109,9,NR,Hybrid,2000,2500,2250
2018-10-26,1375,23.3,NR,Hybrid,1600,2008,1618
2018-10-26,1575,5,NR,Local,1350,1700,1500
2018-10-26,822,1,NR,Other,1280,1280,1280
2018-10-26,968,21,NR,Hybrid,1331,2005,1849
2018-10-27,1299,141,NR,Hybrid,1450,1550,1500
2018-10-27,1375,2,NR,Hybrid,1737,1888,1812
2018-10-27,1575,5,NR,Local,1300,1700,1600
2018-10-27,489,18,NR,Hybrid,1700,1900,1800
2018-10-27,968,18,NR,Hybrid,1501,2029,1902
2018-10-28,1019,2,NR,Local,1400,1650,1570
2018-10-28,1299,39,NR,Hybrid,1450,1600,1600
2018-10-29,109,57,NR,Hybrid,2000,2500,2250
2018-10-29,1299,7,NR,Hybrid,1600,1600,1600
2018-10-29,1375,2,NR,Hybrid,1511,1920,1820
2018-10-29,1575,4,NR,Local,1350,1650,1450
2018-10-29,1581,2,NR,Hybrid,1100,1100,1100
2018-10-29,489,10,NR,Hybrid,1700,1900,1800
2018-10-29,968,101,NR,Hybrid,1351,2076,1950
2018-10-30,109,2,NR,Hybrid,2000,2500,2250
2018-10-30,1299,268,NR,Hybrid,1300,1500,1450
2018-10-30,1375,2,NR,Hybrid,1815,1949,1884
2018-10-30,1575,8,NR,Local,1350,1700,1500
2018-10-30,489,8,NR,Hybrid,1700,1900,1800
2018-10-30,968,33,NR,Hybrid,1321,2086,1920
2018-10-31,1019,37,NR,Local,1350,1600,1450
2018-10-31,109,12,NR,Hybrid,2000,2500,2250
2018-10-31,1299,135,NR,Hybrid,1450,1630,1520
2018-10-31,1375,7,NR,Hybrid,1735,2389,1872
2018-10-31,1575,5,NR,Local,1300,1800,1600
2018-10-31,489,1,NR,Hybrid,1875,1900,1889
2018-10-31,968,17,NR,Hybrid,1351,2051,1784
2018-11-02,489,19,NR,Hybrid,1800,1900,1850
2018-11-02,489,19,NR,Hybrid,1800,1900,1850
2018-11-02,968,55,NR,Hybrid,1259,2069,1935
2018-11-02,968,55,NR,Hybrid,1259,2069,1935
2018-11-03,109,27,NR,Hybrid,2000,2500,2250
2018-11-03,109,27,NR,Hybrid,2000,2500,2250
2018-11-03,968,47,NR,Hybrid,1849,1965,1874
2018-11-03,968,47,NR,Hybrid,1849,1965,1874
2018-11-04,1019,4,NR,Local,1450,1700,1550
2018-11-04,1019,4,NR,Local,1450,1700,1550
2018-11-04,1299,102,NR,Hybrid,1300,1700,1650
2018-11-04,1299,102,NR,Hybrid,1300,1700,1650
2018-11-05,1019,2,NR,Local,1400,1650,1550
2018-11-05,1019,2,NR,Local,1400,1650,1550
2018-11-05,109,15,NR,Hybrid,2000,2500,2250
2018-11-05,109,15,NR,Hybrid,2000,2500,2250
2018-11-05,1299,192,NR,Hybrid,1500,1600,1550
2018-11-05,1299,192,NR,Hybrid,1500,1600,1550
2018-11-05,1375,12,NR,Hybrid,1416,1889,1751
2018-11-05,1375,12,NR,Hybrid,1416,1889,1751
2018-11-05,489,1,NR,Hybrid,1700,1900,1800
2018-11-05,489,1,NR,Hybrid,1700,1900,1800
2018-11-07,1019,30,NR,Hybrid,1600,1750,1600
2018-11-07,1019,30,NR,Hybrid,1600,1750,1600
2018-11-07,109,34,NR,Hybrid,2000,2500,2250
2018-11-07,109,34,NR,Hybrid,2000,2500,2250
2018-11-08,1575,14,NR,Local,1700,2050,1900
2018-11-08,1575,14,NR,Local,1700,2050,1900
2018-11-08,968,73,NR,Hybrid,1301,1900,1736
2018-11-08,968,73,NR,Hybrid,1301,1900,1736
2018-11-09,1019,12,NR,Local,1500,1720,1600
2018-11-09,1019,12,NR,Local,1500,1720,1600
2018-11-09,109,13,NR,Hybrid,2000,2500,2250
2018-11-09,109,13,NR,Hybrid,2000,2500,2250
2018-11-09,1375,1,NR,Hybrid,1641,1827,1754
2018-11-09,1375,1,NR,Hybrid,1641,1827,1754
2018-11-09,1575,6,NR,Local,1500,2001,1700
2018-11-09,1575,6,NR,Local,1500,2001,1700
2018-11-09,968,15,NR,Hybrid,1500,1902,1713
2018-11-09,968,15,NR,Hybrid,1500,1902,1713
2018-11-10,1575,8,NR,Local,1700,2000,1900
2018-11-10,1575,8,NR,Local,1700,2000,1900
2018-11-10,968,9,NR,Hybrid,1455,1741,1598
2018-11-10,968,9,NR,Hybrid,1455,1741,1598
2018-11-11,1019,5,NR,Local,1300,1600,1500
2018-11-11,1019,5,NR,Local,1300,1600,1500
2018-11-11,1299,50,NR,Hybrid,1450,1500,1500
2018-11-11,1299,50,NR,Hybrid,1450,1500,1500
2018-11-12,1375,7,NR,Hybrid,1656,1881,1804
2018-11-12,1375,7,NR,Hybrid,1656,1881,1804
2018-11-13,109,8,NR,Hybrid,2000,2500,2250
2018-11-13,109,8,NR,Hybrid,2000,2500,2250
2018-11-13,1375,22,NR,Hybrid,1633,1906,1806
2018-11-13,1375,22,NR,Hybrid,1633,1906,1806
2018-11-13,1575,15,NR,Local,1700,2100,1950
2018-11-13,1575,15,NR,Local,1700,2100,1950
2018-11-13,489,1,NR,Hybrid,1700,1900,1800
2018-11-13,489,1,NR,Hybrid,1700,1900,1800
2018-11-13,822,2,NR,Other,1350,1350,1350
2018-11-13,822,2,NR,Other,1350,1350,1350
2018-11-13,968,27,NR,Hybrid,1000,1811,1694
2018-11-13,968,27,NR,Hybrid,1000,1811,1694
2018-11-14,109,3,NR,Hybrid,2000,2500,2250
2018-11-14,109,3,NR,Hybrid,2000,2500,2250
2018-11-14,1299,110,NR,Hybrid,1400,1700,1600
2018-11-14,1299,110,NR,Hybrid,1400,1700,1600
2018-11-14,1375,4,NR,Hybrid,1685,1889,1843
2018-11-14,1375,4,NR,Hybrid,1685,1889,1843
2018-11-14,1575,10,NR,Local,1800,2200,2000
2018-11-14,1575,10,NR,Local,1800,2200,2000
2018-11-14,489,1,NR,Hybrid,1600,1900,1800
2018-11-14,489,1,NR,Hybrid,1600,1900,1800
2018-11-14,968,17,NR,Hybrid,1609,1815,1714
2018-11-14,968,17,NR,Hybrid,1609,1815,1714
2018-11-15,1299,268,NR,Hybrid,1300,1600,1500
2018-11-15,1299,268,NR,Hybrid,1300,1600,1500
2018-11-15,1375,23,NR,Hybrid,1610,1869,1785
2018-11-15,1375,23,NR,Hybrid,1610,1869,1785
2018-11-15,1575,5,NR,Local,1700,2100,2000
2018-11-15,1575,5,NR,Local,1700,2100,2000
2018-11-15,968,8,NR,Hybrid,1200,1812,1520
2018-11-15,968,8,NR,Hybrid,1200,1812,1520
2018-11-16,109,6,NR,Hybrid,2000,2500,2250
2018-11-16,109,6,NR,Hybrid,2000,2500,2250
2018-11-16,1375,4,NR,Hybrid,1682,1878,1799
2018-11-16,1375,4,NR,Hybrid,1682,1878,1799
2018-11-16,1575,8,NR,Local,1700,2100,1800
2018-11-16,1575,8,NR,Local,1700,2100,1800
2018-11-16,489,4,NR,Hybrid,1700,1900,1800
2018-11-16,489,4,NR,Hybrid,1700,1900,1800
2018-11-16,968,7,NR,Hybrid,1301,1800,1442
2018-11-16,968,7,NR,Hybrid,1301,1800,1442
2018-11-17,1019,43,NR,Local,1400,1600,1500
2018-11-17,1019,43,NR,Local,1400,1600,1500
2018-11-17,109,8,NR,Hybrid,2000,2500,2250
2018-11-17,109,8,NR,Hybrid,2000,2500,2250
2018-11-17,1299,3,NR,Hybrid,1700,1700,1700
2018-11-17,1299,3,NR,Hybrid,1700,1700,1700
2018-11-17,1375,2,NR,Hybrid,1580,1917,1797
2018-11-17,1375,2,NR,Hybrid,1580,1917,1797
2018-11-17,1575,10,NR,Local,1700,2100,1950
2018-11-17,1575,10,NR,Local,1700,2100,1950
2018-11-17,489,10,NR,Hybrid,1700,1900,1800
2018-11-17,489,10,NR,Hybrid,1700,1900,1800
2018-11-17,968,7,NR,Hybrid,1300,1721,1408
2018-11-17,968,7,NR,Hybrid,1300,1721,1408
2018-11-18,1019,6,NR,Local,1400,1750,1600
2018-11-18,1019,6,NR,Local,1400,1750,1600
2018-11-18,1299,53,NR,Hybrid,1600,1800,1780
2018-11-18,1299,53,NR,Hybrid,1600,1800,1780
2018-11-19,109,6,NR,Hybrid,2000,2500,2250
2018-11-19,109,6,NR,Hybrid,2000,2500,2250
2018-11-19,1139,20,NR,Hybrid,1500,1800,1650
2018-11-19,1139,20,NR,Hybrid,1500,1800,1650
2018-11-19,1299,38,NR,Hybrid,1400,1625,1625
2018-11-19,1299,38,NR,Hybrid,1400,1625,1625
2018-11-19,1375,12,NR,Hybrid,1610,1950,1897
2018-11-19,1375,12,NR,Hybrid,1610,1950,1897
2018-11-19,1575,5,NR,Local,1700,2200,2000
2018-11-19,1575,5,NR,Local,1700,2200,2000
2018-11-19,489,1,NR,Hybrid,1800,1900,1850
2018-11-19,489,1,NR,Hybrid,1800,1900,1850
2018-11-19,968,40,NR,Hybrid,1305,1761,1623
2018-11-19,968,40,NR,Hybrid,1305,1761,1623
2018-11-20,1299,40,NR,Hybrid,1650,1800,1800
2018-11-20,1299,40,NR,Hybrid,1650,1800,1800
2018-11-20,1375,5,NR,Hybrid,1581,2876,1824
2018-11-20,1375,5,NR,Hybrid,1581,2876,1824
2018-11-20,1575,8,NR,Local,1700,2100,2000
2018-11-20,1575,8,NR,Local,1700,2100,2000
2018-11-20,968,10,NR,Hybrid,1201,1770,1563
2018-11-20,968,10,NR,Hybrid,1201,1770,1563
2018-11-22,109,2,NR,Hybrid,2000,2500,2250
2018-11-22,109,2,NR,Hybrid,2000,2500,2250
2018-11-22,1139,25,NR,Hybrid,1500,1850,1650
2018-11-22,1139,25,NR,Hybrid,1500,1850,1650
2018-11-22,1299,40,NR,Hybrid,1450,1800,1800
2018-11-22,1299,40,NR,Hybrid,1450,1800,1800
2018-11-22,1375,5,NR,Hybrid,1696,2025,1831
2018-11-22,1375,5,NR,Hybrid,1696,2025,1831
2018-11-22,1575,7,NR,Local,1700,2100,1900
2018-11-22,1575,7,NR,Local,1700,2100,1900
2018-11-22,968,13,NR,Hybrid,1301,1765,1624
2018-11-22,968,13,NR,Hybrid,1301,1765,1624
2018-11-23,109,22,NR,Hybrid,2000,2500,2250
2018-11-23,109,22,NR,Hybrid,2000,2500,2250
2018-11-23,1375,22,NR,Hybrid,1734,1915,1804
2018-11-23,1375,22,NR,Hybrid,1734,1915,1804
2018-11-23,1575,3,NR,Local,1700,2100,1900
2018-11-23,1575,3,NR,Local,1700,2100,1900
2018-11-23,968,3,NR,Hybrid,1300,1501,1332
2018-11-23,968,3,NR,Hybrid,1300,1501,1332
2018-11-24,109,18,NR,Hybrid,2000,2500,2250
2018-11-24,109,18,NR,Hybrid,2000,2500,2250
2018-11-24,1299,17,NR,Hybrid,1700,1700,1700
2018-11-24,1299,17,NR,Hybrid,1700,1700,1700
2018-11-24,1375,1,NR,Hybrid,1759,1889,1802
2018-11-24,1375,1,NR,Hybrid,1759,1889,1802
2018-11-24,1575,4,NR,Local,1750,2050,1900
2018-11-24,1575,4,NR,Local,1750,2050,1900
2018-11-24,489,10,NR,Hybrid,1600,1900,1800
2018-11-24,489,10,NR,Hybrid,1600,1900,1800
2018-11-24,968,3,NR,Hybrid,1509,1515,1511
2018-11-24,968,3,NR,Hybrid,1509,1515,1511
2018-11-25,1019,3,NR,Local,1500,1750,1650
2018-11-25,1019,3,NR,Local,1500,1750,1650
2018-11-25,1299,6,NR,Hybrid,1650,1650,1650
2018-11-25,1299,6,NR,Hybrid,1650,1650,1650
2018-11-27,109,18,NR,Hybrid,2000,2500,2250
2018-11-27,109,18,NR,Hybrid,2000,2500,2250
2018-11-27,1299,49,NR,Hybrid,1400,1500,1500
2018-11-27,1299,49,NR,Hybrid,1400,1500,1500
2018-11-27,1375,7,NR,Hybrid,1650,2739,1895
2018-11-27,1375,7,NR,Hybrid,1650,2739,1895
2018-11-27,1575,8,NR,Local,1650,2000,1900
2018-11-27,1575,8,NR,Local,1650,2000,1900
2018-11-27,968,11,NR,Hybrid,1411,1815,1649
2018-11-27,968,11,NR,Hybrid,1411,1815,1649
2018-11-28,109,5,NR,Hybrid,2000,2500,2250
2018-11-28,109,5,NR,Hybrid,2000,2500,2250
2018-11-28,1375,3,NR,Hybrid,787,2688,1863
2018-11-28,1375,3,NR,Hybrid,787,2688,1863
2018-11-28,1575,3,NR,Local,1700,1900,1775
2018-11-28,1575,3,NR,Local,1700,1900,1775
2018-11-28,489,8,NR,Hybrid,1700,1900,1800
2018-11-28,489,8,NR,Hybrid,1700,1900,1800
2018-11-28,968,14,NR,Hybrid,1509,1811,1576
2018-11-28,968,14,NR,Hybrid,1509,1811,1576
2018-11-29,109,6,NR,Hybrid,2000,2500,2250
2018-11-29,109,6,NR,Hybrid,2000,2500,2250
2018-11-29,1299,64,NR,Hybrid,1600,1750,1700
2018-11-29,1299,64,NR,Hybrid,1600,1750,1700
2018-11-29,1375,7,NR,Hybrid,1732,1972,1828
2018-11-29,1375,7,NR,Hybrid,1732,1972,1828
2018-11-29,1575,3,NR,Local,1750,1900,1750
2018-11-29,1575,3,NR,Local,1750,1900,1750
2018-11-29,489,18,NR,Hybrid,1700,1900,1800
2018-11-29,489,18,NR,Hybrid,1700,1900,1800
2018-11-29,968,3,NR,Hybrid,1501,1721,1539
2018-11-29,968,3,NR,Hybrid,1501,1721,1539
2018-11-30,109,18,NR,Hybrid,2000,2500,2250
2018-11-30,109,18,NR,Hybrid,2000,2500,2250
2018-11-30,1375,4.1,NR,Hybrid,1660,1961,1803
2018-11-30,1375,4.1,NR,Hybrid,1660,1961,1803
2018-11-30,1575,4,NR,Local,1750,2100,1900
2018-11-30,1575,4,NR,Local,1750,2100,1900
2018-12-01,109,3,NR,Hybrid,2000,2500,2250
2018-12-01,1375,1,NR,Hybrid,1711,1919,1847
2018-12-01,1575,4,NR,Local,1700,2000,1850
2018-12-01,489,2,NR,Hybrid,1700,1900,1800
2018-12-01,968,8,NR,Hybrid,1541,1721,1579
2018-12-02,1019,10,NR,Local,1580,1650,1600
2018-12-02,1299,32,NR,Hybrid,1700,1700,1700
2018-12-03,109,39,NR,Hybrid,2000,2500,2250
2018-12-03,1299,18,NR,Hybrid,1600,1600,1600
2018-12-03,1375,2.6,NR,Hybrid,1660,2786,1836
2018-12-03,1575,2,NR,Local,1700,1900,1800
2018-12-03,968,7,NR,Hybrid,1451,1669,1634
2018-12-04,109,8,NR,Hybrid,2000,2500,2250
2018-12-04,1375,21.9,NR,Hybrid,1727,2710,1777
2018-12-04,1575,3,NR,Local,1700,1850,1800
2018-12-04,968,5,NR,Hybrid,1451,1659,1614
2018-12-05,1375,3,NR,Hybrid,1711,1926,1803
2018-12-05,1575,5,NR,Local,1650,1900,1800
2018-12-05,968,1,NR,Hybrid,1589,1709,1649
2018-12-06,1299,10,NR,Hybrid,1800,1800,1800
2018-12-06,1375,3,NR,Hybrid,1611,1951,1810
2018-12-06,1575,3,NR,Local,1550,2000,1800
2018-12-06,968,3,NR,Hybrid,1581,1662,1612
2018-12-07,109,16,NR,Hybrid,2000,2500,2250
2018-12-07,489,30,NR,Hybrid,1600,1800,1700
2018-12-08,1575,3,NR,Local,1650,2000,1800
2018-12-08,968,5,NR,Hybrid,1500,1718,1710
2018-12-09,1019,8,NR,Local,1550,1800,1680
2018-12-09,1299,33,NR,Hybrid,1500,1800,1800
2018-12-10,1299,26,NR,Hybrid,1800,1800,1800
2018-12-10,1375,7,NR,Hybrid,1456,2819,1776
2018-12-10,1575,3,NR,Local,1600,2000,1700
2018-12-10,489,3,NR,Hybrid,1500,1700,1600
2018-12-10,968,5,NR,Hybrid,1300,1731,1638
2018-12-11,109,11,NR,Hybrid,2000,2500,2250
2018-12-11,1375,15,NR,Hybrid,1680,1920,1801
2018-12-11,1575,1,NR,Local,1600,1950,1700
2018-12-11,968,3,NR,Hybrid,1563,1722,1648
2018-12-12,109,6,NR,Hybrid,2000,2500,2250
2018-12-12,1299,8,NR,Hybrid,1500,1500,1500
2018-12-12,1375,4,NR,Hybrid,1668,2321,1780
2018-12-12,1575,4,NR,Local,1650,2000,1800
2018-12-12,968,4,NR,Hybrid,1551,1731,1644
2018-12-13,109,19,NR,Hybrid,2000,2500,2250
2018-12-13,1299,47,NR,Hybrid,1780,1800,1800
2018-12-13,1375,5,NR,Hybrid,1717,1869,1817
2018-12-13,1575,1,NR,Local,1600,2000,1800
2018-12-13,968,1,NR,Hybrid,1666,1719,1709
2018-12-14,109,22,NR,Hybrid,2000,2500,2250
2018-12-14,1375,5,NR,Hybrid,1589,1921,1757
2018-12-14,1575,1,NR,Local,1700,1900,1850
2018-12-14,968,2,NR,Hybrid,1660,1741,1728
2018-12-15,109,7,NR,Hybrid,2000,2500,2250
2018-12-15,1375,2,NR,Hybrid,1214,1957,1645
2018-12-15,1575,2,NR,Local,1625,1950,1750
2018-12-15,968,1,NR,Hybrid,1725,1739,1734
2018-12-16,1019,9,NR,Local,1600,1850,1750
2018-12-16,1299,60,NR,Hybrid,1600,1700,1650
2018-12-17,109,4,NR,Hybrid,2000,2400,2200
2018-12-17,1375,2,NR,Hybrid,883,1869,1701
2018-12-17,1575,2,NR,Local,1500,1950,1700
2018-12-17,968,7,NR,Hybrid,1551,1746,1706
2018-12-18,109,32,NR,Hybrid,2000,2400,2200
2018-12-18,1299,25,NR,Hybrid,1650,1650,1650
2018-12-18,1575,1,NR,Local,1650,1800,1700
2018-12-18,968,1,NR,Hybrid,1666,1706,1683
2018-12-19,109,8,NR,Hybrid,2000,2400,2200
2018-12-19,1375,5,NR,Hybrid,1560,1980,1742
2018-12-19,1575,2,NR,Local,1600,1900,1700
2018-12-19,968,4,NR,Hybrid,1555,1745,1713
2018-12-20,1019,13,NR,Local,1750,1750,1750
2018-12-20,109,3,NR,Hybrid,2000,2400,2200
2018-12-20,1299,25,NR,Hybrid,1600,1600,1600
2018-12-20,1375,1,NR,Hybrid,1589,1962,1789
2018-12-20,1575,1,NR,Local,1700,2000,1800
2018-12-20,489,1,NR,Hybrid,1600,1850,1700
2018-12-20,968,1,NR,Hybrid,1555,1735,1680
2018-12-21,109,3,NR,Hybrid,2000,2400,2200
2018-12-21,1375,3,NR,Hybrid,1630,2130,1782
2018-12-21,1575,1,NR,Local,1700,1950,1750
2018-12-21,968,4,NR,Hybrid,1660,1751,1718
2018-12-22,109,6,NR,Hybrid,2000,2400,2200
2018-12-22,1299,34,NR,Hybrid,1390,1400,1400
2018-12-22,1575,1,NR,Local,1640,2000,1800
2018-12-22,968,2,NR,Hybrid,176,1760,1760
2018-12-23,1019,18,NR,Local,1600,1800,1700
2018-12-24,109,8,NR,Hybrid,2000,2400,2200
2018-12-24,1375,2,NR,Hybrid,1646,1851,1741
2018-12-24,1575,2,NR,Local,1600,1900,1700
2018-12-24,968,3,NR,Hybrid,1685,1801,1719
2018-12-26,109,8,NR,Hybrid,2000,2400,2200
2018-12-26,1299,15,NR,Hybrid,1600,1600,1600
2018-12-26,1375,4,NR,Hybrid,1457,1926,1763
2018-12-26,1575,2,NR,Local,1700,1800,1750
2018-12-26,489,1,NR,Hybrid,1700,1800,1750
2018-12-26,968,11,NR,Hybrid,1555,1806,1731
2018-12-27,109,1,NR,Hybrid,2000,2400,2200
2018-12-27,1299,23,NR,Hybrid,1600,1800,1660
2018-12-27,1375,2,NR,Hybrid,1739,1840,1785
2018-12-27,1575,3,NR,Local,1600,1950,1800
2018-12-28,1375,5,NR,Hybrid,1631,2666,1775
2018-12-28,1575,1,NR,Local,1600,1900,1650
2018-12-28,968,2,NR,Hybrid,1525,1725,1561
2018-12-29,1299,51,NR,Hybrid,1600,1700,1700
2018-12-29,1375,1,NR,Hybrid,1636,1940,1790
2018-12-29,1575,2,NR,Local,1600,1850,1700
2018-12-29,489,1,NR,Hybrid,1600,1900,1700
2018-12-29,968,1,NR,Hybrid,1740,1752,1749
2018-12-30,1019,16,NR,Local,1600,1850,1700
2018-12-31,1375,5,NR,Hybrid,1652,2958,1796
2018-12-31,968,16,NR,Hybrid,1300,1715,1328
2019-01-01,109,3,NR,Hybrid,2000,2400,2200
2019-01-01,1299,224,NR,Hybrid,1600,1850,1700
2019-01-01,968,1,NR,Hybrid,1425,1583,1487
2019-01-02,109,3,NR,Hybrid,2000,2400,2200
2019-01-02,1375,4,NR,Hybrid,1509,1987,1741
2019-01-02,489,3,NR,Hybrid,1600,1800,1700
2019-01-02,968,2,NR,Hybrid,1501,1725,1661
2019-01-03,109,14,NR,Hybrid,2000,2400,2200
2019-01-03,1299,7,NR,Hybrid,1800,1800,1800
2019-01-03,1375,15,NR,Hybrid,888,1900,1874
2019-01-03,968,1,NR,Hybrid,1528,1719,1612
2019-01-04,1375,5,NR,Hybrid,1229,1970,1728
2019-01-05,109,25,NR,Hybrid,2000,2400,2200
2019-01-06,1019,6,NR,Local,1600,1800,1700
2019-01-07,1375,23,NR,Hybrid,1667,1951,1796
2019-01-07,968,5,NR,Hybrid,1500,1611,1579
2019-01-08,1299,9,NR,Hybrid,1600,1600,1600
2019-01-08,1575,2,NR,Local,1600,1800,1700
2019-01-09,109,32,NR,Hybrid,2000,2400,2200
2019-01-09,1375,23.4,NR,Hybrid,1667,1956,1756
2019-01-09,1575,2,NR,Local,1600,1950,1700
2019-01-10,109,12,NR,Hybrid,2000,2400,2200
2019-01-10,1299,3,NR,Hybrid,1800,1800,1800
2019-01-10,1375,7,NR,Hybrid,1460,1986,1574
2019-01-10,1575,2,NR,Local,1650,1750,1700
2019-01-10,968,1,NR,Hybrid,1550,1752,1672
2019-01-11,1375,5,NR,Hybrid,1319,2040,1771
2019-01-11,1575,1,NR,Local,1600,1800,1700
2019-01-11,968,2,NR,Hybrid,1555,1801,1727
2019-01-12,1575,2,NR,Local,1600,1900,1700
2019-01-12,968,1,NR,Hybrid,1560,1560,1560
2019-01-13,1019,6,NR,Local,1600,1880,1770
2019-01-14,109,13,NR,Hybrid,2000,2400,2200
2019-01-14,1375,1.2,NR,Hybrid,1612,1929,1775
2019-01-14,489,3,NR,Hybrid,1700,1900,1800
2019-01-16,109,4,NR,Hybrid,2000,2400,2200
2019-01-16,1375,1,NR,Hybrid,1751,1951,1837
2019-01-16,489,1,NR,Hybrid,1750,1750,1750
2019-01-16,968,1,NR,Hybrid,1581,1724,1613
2019-01-17,109,16,NR,Hybrid,2000,2400,2200
2019-01-17,1375,0.2,NR,Hybrid,1839,1839,1839
2019-01-17,1575,1,NR,Local,1500,1800,1650
2019-01-17,489,16,NR,Hybrid,1700,1800,1750
2019-01-17,968,1,NR,Hybrid,1570,1583,1578
2019-01-18,1019,8,NR,Local,1821,1821,1821
2019-01-18,109,3,NR,Hybrid,2000,2400,2200
2019-01-18,1375,3,NR,Hybrid,1627,1869,1765
2019-01-18,1575,1,NR,Local,1600,1800,1750
2019-01-18,968,2,NR,Hybrid,1500,1719,1642
2019-01-19,109,9,NR,Hybrid,2000,2400,2200
2019-01-19,1375,1,NR,Hybrid,1767,1780,1772
2019-01-19,1575,1,NR,Local,1500,1790,1600
2019-01-19,968,2,NR,Hybrid,1560,1765,1626
2019-01-20,1019,5,NR,Local,1600,1800,1675
2019-01-21,109,22,NR,Hybrid,2000,2400,2200
2019-01-21,1375,2,NR,Hybrid,1426,1902,1732
2019-01-21,1575,1,NR,Local,1500,1800,1650
2019-01-21,968,1,NR,Hybrid,1711,1711,1711
2019-01-23,1019,2,NR,Local,1650,1800,1750
2019-01-23,109,8,NR,Hybrid,2000,2400,2200
2019-01-23,1299,181,NR,Hybrid,1650,1900,1700
2019-01-23,1375,3,NR,Hybrid,1731,1941,1883
2019-01-23,1575,1,NR,Local,1600,1800,1750
2019-01-23,489,6,NR,Hybrid,1600,1800,1700
2019-01-23,968,2,NR,Hybrid,1656,1740,1685
2019-01-24,109,12,NR,Hybrid,2000,2400,2200
2019-01-24,1299,3,NR,Hybrid,1730,1730,1730
2019-01-24,1375,1,NR,Hybrid,1610,1610,1610
2019-01-24,1575,1,NR,Local,1650,1871,1700
2019-01-24,968,2,NR,Hybrid,1670,1750,1714
2019-01-25,109,26,NR,Hybrid,2000,2400,2200
2019-01-25,1375,1,NR,Hybrid,1786,1946,1896
2019-01-25,1575,1,NR,Local,1650,2000,1800
2019-01-25,489,15,NR,Hybrid,1600,1800,1700
2019-01-27,1019,3,NR,Local,1700,1900,1800
2019-01-27,1299,25,NR,Hybrid,1700,1700,1700
2019-01-28,1575,1,NR,Local,1500,1900,1700
2019-01-29,109,16,NR,Hybrid,2000,2400,2200
2019-01-29,1375,1,NR,Hybrid,1660,2053,1916
2019-01-29,1575,2,NR,Local,1700,2000,1850
2019-01-30,1375,0.2,NR,Hybrid,1915,1915,1915
2019-01-30,1575,1,NR,Local,1650,1850,1700
2019-01-30,968,1,NR,Hybrid,1560,1756,1715
2019-01-31,109,1,NR,Hybrid,1800,2400,2100
2019-01-31,1375,0.3,NR,Hybrid,1886,1886,1886
2019-01-31,1575,1,NR,Local,1700,1850,1750
2019-04-01,1019,20,NR,Local,1910,2000,1950
2019-04-01,109,2,NR,Hybrid,2200,2500,2350
2019-04-01,1299,17,NR,Hybrid,1500,2100,2100
2019-04-01,1375,2,NR,Hybrid,1920,2127,2088
2019-04-02,109,15,NR,Hybrid,2200,2500,2350
2019-04-02,1375,2,NR,Hybrid,1841,2188,2122
2019-04-02,968,1,NR,Hybrid,1600,1600,1600
2019-04-03,1028,5,NR,Hybrid,1980,1980,1980
2019-04-03,109,8,NR,Hybrid,2200,2500,2350
2019-04-03,1375,2,NR,Hybrid,2083,2200,2172
2019-04-04,109,5,NR,Hybrid,2200,2500,2350
2019-04-04,1299,25,NR,Hybrid,1900,1900,1900
2019-04-04,1375,4,NR,Hybrid,2136,2242,2189
2019-04-04,1575,1,NR,Local,1690,1850,1800
2019-04-05,1028,10,NR,Hybrid,2000,2000,2000
2019-04-05,109,7,NR,Hybrid,2200,2500,2350
2019-04-06,968,1,NR,Hybrid,1750,2006,1858
2019-04-07,1019,1,NR,Local,2000,2000,2000
2019-04-08,1028,12,NR,Hybrid,1950,1950,1950
2019-04-08,109,8,NR,Hybrid,2200,2500,2350
2019-04-08,1375,26,NR,Hybrid,1598,2714,2215
2019-04-08,1575,1,NR,Local,1700,1750,1700
2019-04-09,1375,4,NR,Hybrid,1982,2275,2235
2019-04-10,1375,34,NR,Hybrid,2200,2301,2230
2019-04-10,1575,1,NR,Local,1700,1900,1800
2019-04-10,968,1,NR,Hybrid,1900,1900,1900
2019-04-11,109,12,NR,Hybrid,2200,2500,2350
2019-04-11,1375,3,NR,Hybrid,1869,2316,2265
2019-04-11,1575,1,NR,Local,1751,1751,1751
2019-04-12,109,9,NR,Hybrid,2200,2500,2350
2019-04-12,1375,2,NR,Hybrid,2051,2340,2275
2019-04-15,1028,1,NR,Hybrid,1980,1980,1980
2019-04-15,109,23,NR,Hybrid,2200,2500,2350
2019-04-15,1375,46,NR,Hybrid,1678,2414,2222
2019-04-16,109,27,NR,Hybrid,2200,2500,2350
2019-04-16,1375,35,NR,Hybrid,2077,2268,2228
2019-04-18,1375,29,NR,Hybrid,2214,2315,2219
2019-04-20,109,36,NR,Hybrid,2200,2500,2350
2019-04-20,1375,44,NR,Hybrid,2128,2358,2257
2019-04-21,1019,2,NR,Hybrid,1850,2000,1875
2019-04-22,1028,10,NR,Hybrid,2000,2000,2000
2019-04-22,109,6,NR,Hybrid,2200,2500,2350
2019-04-22,1375,9,NR,Hybrid,1942,2354,2258
2019-04-23,109,25,NR,Hybrid,2200,2500,2350
2019-04-24,1028,25,NR,Hybrid,2300,2300,2300
2019-04-24,109,7,NR,Hybrid,2400,2600,2500
2019-04-24,1375,40,NR,Hybrid,2080,3262,2322
2019-04-25,109,1,NR,Hybrid,2400,2600,2500
2019-04-25,1299,21,NR,Hybrid,2000,2100,2100
2019-04-25,1375,44,NR,Hybrid,2050,2338,2272
2019-04-26,109,6,NR,Hybrid,2400,2600,2500
2019-04-26,1375,8,NR,Hybrid,2090,2314,2254
2019-04-27,1028,39,NR,Hybrid,2100,2240,2240
2019-04-27,1375,28,NR,Hybrid,2160,2266,2185
2019-04-28,1019,2,NR,Local,2000,2150,2100
2019-04-29,109,4,NR,Hybrid,2400,2600,2500
2019-04-29,1375,12,NR,Hybrid,1878,3362,2214
2019-04-30,109,3,NR,Hybrid,2400,2600,2600
2019-04-30,1375,33,NR,Hybrid,1618,2213,2133
2019-05-02,1028,11,NR,Hybrid,1900,2100,2100
2019-05-02,109,5,NR,Hybrid,2400,2600,2500
2019-05-02,1299,8,NR,Hybrid,2200,2200,2200
2019-05-02,1375,50,NR,Hybrid,1866,2223,2146
2019-05-03,1028,29,NR,Hybrid,2180,2340,2180
2019-05-03,109,13,NR,Hybrid,2400,2600,2500
2019-05-03,1375,10,NR,Hybrid,990,2222,2107
2019-05-04,1028,5,NR,Hybrid,2200,2200,2200
2019-05-05,1299,23,NR,Hybrid,1800,2050,1900
2019-05-06,1019,2,NR,Local,2200,2200,2200
2019-05-06,109,20,NR,Hybrid,2400,2600,2500
2019-05-06,1375,56,NR,Hybrid,1789,2222,2096
2019-05-08,1028,6,NR,Hybrid,1950,1950,1950
2019-05-08,109,24,NR,Hybrid,2400,2600,2500
2019-05-08,1375,8,NR,Hybrid,1864,2230,2100
2019-05-09,109,8,NR,Hybrid,2400,2600,2500
2019-05-09,117,1,NR,Local,1930,1930,1930
2019-05-09,1375,10,NR,Hybrid,1831,2182,2122
2019-05-10,1028,4,NR,Hybrid,2000,2000,2000
2019-05-10,1375,4,NR,Hybrid,2092,2233,2189
2019-05-12,1019,2,NR,Local,1910,1910,1910
2019-05-13,109,11,NR,Hybrid,2400,2600,2500
2019-05-13,1299,31,NR,Hybrid,2000,2200,2200
2019-05-13,1375,34,NR,Hybrid,1568,2301,2157
2019-05-14,109,3,NR,Hybrid,2400,2600,2500
2019-05-14,1375,5,NR,Hybrid,2012,2259,2162
2019-05-15,1375,45,NR,Hybrid,2012,2236,2135
2019-05-16,109,3,NR,Hybrid,2400,2600,2500
2019-05-16,1375,1,NR,Hybrid,2181,2234,2204
2019-05-17,1375,6,NR,Hybrid,2222,2300,2289
2019-05-18,1375,41,NR,Hybrid,2050,2300,2172
2019-05-20,109,5,NR,Hybrid,2400,2600,2500
2019-05-20,1375,9,NR,Hybrid,2090,2300,2275
2019-05-21,109,1,NR,Hybrid,2400,2600,2500
2019-05-21,1375,22,NR,Hybrid,2128,2327,2230
2019-05-22,1299,32,NR,Hybrid,2000,2000,2000
2019-05-22,1375,1,NR,Hybrid,2233,2360,2322
2019-05-23,1299,1,NR,Hybrid,2100,2100,2100
2019-05-23,1375,19,NR,Hybrid,2322,2401,2399
2019-05-24,109,3,NR,Hybrid,2400,2600,2500
2019-05-24,1375,10,NR,Hybrid,2250,2372,2273
2019-05-25,1139,5,NR,Hybrid,1500,1900,1750
2019-05-25,1375,1,NR,Hybrid,2242,2423,2377
2019-05-25,1575,1,NR,Local,1850,2000,1900
2019-05-26,1019,1,NR,Hybrid,1850,2000,1875
2019-05-27,109,5,NR,Hybrid,2400,2600,2500
2019-05-27,1375,27,NR,Hybrid,2046,2422,2312
2019-05-28,109,5,NR,Hybrid,2400,2600,2500
2019-05-28,1375,3,NR,Hybrid,1840,2429,2330
2019-05-29,109,1,NR,Hybrid,2400,2600,2500
2019-05-29,1375,23,NR,Hybrid,2262,3239,2316
2019-05-31,109,15,NR,Hybrid,2400,2600,2500
2019-05-31,1375,3,NR,Hybrid,2289,2456,2400
2019-06-01,1299,25,NR,Hybrid,2050,2050,2050
2019-06-01,1375,3,NR,Hybrid,2419,2449,2438
2019-06-04,109,14,NR,Hybrid,2400,2600,2500
2019-06-04,1375,19,NR,Hybrid,2010,2450,2318
2019-06-04,968,1,NR,Hybrid,1800,1800,1800
2019-06-06,109,8,NR,Hybrid,2400,2600,2500
2019-06-06,1375,1,NR,Hybrid,2305,2475,2384
2019-06-07,109,15,NR,Hybrid,2400,2600,2500
2019-06-07,1375,1,NR,Hybrid,2200,2361,2305
2019-06-09,1019,1,NR,Hybrid,1850,2000,1875
2019-06-10,1375,9,NR,Hybrid,2280,2424,2298
2019-06-11,109,15,NR,Hybrid,2400,2600,2500
2019-06-11,1375,8,NR,Hybrid,2226,2368,2363
2019-06-12,109,7,NR,Hybrid,2400,2600,2500
2019-06-14,109,2,NR,Hybrid,2400,2800,2600
2019-06-14,1375,1,NR,Hybrid,2323,2424,2371
2019-06-16,1019,2,NR,Local,2200,2200,2200
2019-06-18,109,2,NR,Hybrid,2400,2800,2600
2019-06-19,109,15,NR,Hybrid,2400,2800,2600
2019-06-19,1375,56,NR,Hybrid,2135,2135,2135
2019-06-20,109,3,NR,Hybrid,2400,2800,2600
2019-06-20,489,1,NR,Hybrid,2000,2200,2100
2019-06-21,1375,1,NR,Hybrid,2254,2501,2398
2019-06-24,109,33,NR,Hybrid,2400,2800,2600
2019-07-15,109,1,NR,Hybrid,2600,3000,2800
2019-07-15,1375,1,NR,Hybrid,2410,2637,2595
2019-07-16,109,35,NR,Hybrid,2600,3000,2800
2019-07-17,109,13,NR,Hybrid,2600,3000,2800
2019-07-19,109,3,NR,Hybrid,2600,3000,2800
2019-07-19,1375,1,NR,Hybrid,2482,2610,2543
2019-07-20,109,7,NR,Hybrid,2600,3000,2800
2019-07-21,1019,1,NR,Local,2000,2400,2300
2019-07-22,1375,1,NR,Hybrid,2318,2701,2476
2019-07-22,968,1,NR,Hybrid,1565,1701,1629
2019-07-23,109,5,NR,Hybrid,2600,3000,2800
2019-07-23,822,9,NR,Other,1700,1700,1700
2019-07-23,968,1,NR,Hybrid,1811,1811,1811
2019-07-24,109,16,NR,Hybrid,2600,3000,2800
2019-07-26,109,36,NR,Hybrid,2600,3000,2800
2019-07-26,1375,0.2,NR,Hybrid,2527,2550,2542
2019-07-29,1019,1,NR,Local,2500,2650,2600
2019-07-29,109,8,NR,Hybrid,2600,3000,2800
2019-07-31,109,18,NR,Hybrid,2600,3000,2800
2019-08-01,1036,24,NR,Local,2200,2200,2200
2019-08-01,109,4,NR,Hybrid,2600,3000,2800
2019-08-02,109,4,NR,Hybrid,2600,3000,2800
2019-08-02,1375,0.4,NR,Hybrid,1786,2248,2102
2019-08-03,1375,1,NR,Hybrid,2262,2647,2370
2019-08-04,1019,2,NR,Local,2100,2500,2300
2019-08-05,109,1,NR,Hybrid,2600,3000,2800
2019-08-05,1375,1,NR,Hybrid,2282,2648,2435
2019-08-06,1375,1,NR,Hybrid,2060,2564,2332
2019-08-07,1375,1,NR,Hybrid,1842,2368,2084
2019-08-08,109,19,NR,Hybrid,2600,3000,2800
2019-08-08,1375,1,NR,Hybrid,1901,2381,2226
2019-08-09,1375,3,NR,Hybrid,1789,2426,2097
2019-08-13,109,2,NR,Hybrid,2600,3000,2800
2019-08-13,1375,9,NR,Hybrid,1809,2460,2138
2019-08-14,109,8,NR,Hybrid,2600,3000,2800
2019-08-14,1375,8,NR,Hybrid,1734,2310,2160
2019-08-16,1375,7,NR,Hybrid,1990,2351,2154
2019-08-17,109,19,NR,Hybrid,2600,3000,2800
2019-08-17,1375,5,NR,Hybrid,1768,2326,2125
2019-08-18,1019,2,NR,Local,2100,2300,2200
2019-08-18,1299,22,NR,Hybrid,2200,2200,2200
2019-08-19,109,9,NR,Hybrid,2600,3000,2800
2019-08-19,1375,8,NR,Hybrid,1727,2462,2203
2019-08-20,1375,12,NR,Hybrid,2133,2416,2203
2019-08-21,1375,4,NR,Hybrid,2062,2659,2257
2019-08-22,109,18,NR,Hybrid,2600,3000,2800
2019-08-22,1375,4,NR,Hybrid,1787,2450,2276
2019-08-23,1375,2,NR,Hybrid,2141,2646,2297
2019-08-25,1019,3,NR,Local,1800,2200,2000
2019-08-26,1375,7,NR,Hybrid,1968,2622,2281
2019-08-27,1299,4,NR,Hybrid,2050,2050,2050
2019-08-27,1375,4,NR,Hybrid,2157,2341,2281
2019-08-28,109,8,NR,Hybrid,2600,3000,2800
2019-08-28,1375,7,NR,Hybrid,1982,2370,2233
2019-08-29,109,12,NR,Hybrid,2600,3000,2800
2019-08-29,1375,8,NR,Hybrid,1800,2410,2269
2019-08-30,109,6,NR,Hybrid,2600,3000,2800
2019-08-31,109,25,NR,Hybrid,2600,3000,2800
2019-08-31,1375,12,NR,Hybrid,1818,2730,2283
2019-09-01,1019,3,NR,Local,1800,2200,2000
2019-09-01,1299,50,NR,Hybrid,2200,2350,2300
2019-09-03,1375,7,NR,Hybrid,1746,2466,2285
2019-09-04,1028,26,NR,Hybrid,2260,2260,2260
2019-09-04,1375,6,NR,Hybrid,2178,2550,2283
2019-09-05,109,3,NR,Hybrid,2600,3000,2800
2019-09-05,1375,24,NR,Hybrid,2200,2439,2258
2019-09-06,109,2,NR,Hybrid,2600,3000,2800
2019-09-06,1375,5,NR,Hybrid,1869,2345,2277
2019-09-07,109,12,NR,Hybrid,2600,3000,2800
2019-09-07,1375,3,NR,Hybrid,2236,2429,2323
2019-09-08,1019,1,NR,Local,2200,2200,2200
2019-09-08,1299,11,NR,Hybrid,2100,2100,2100
2019-09-09,109,2,NR,Hybrid,2600,3000,2800
2019-09-09,1375,5,NR,Hybrid,2106,2809,2319
2019-09-09,822,15,NR,Other,1600,1600,1600
2019-09-09,968,3,NR,Hybrid,2006,2006,2006
2019-09-11,109,15,NR,Hybrid,2600,3000,2800
2019-09-11,1375,0.3,NR,Hybrid,2311,2323,2315
2019-09-12,1299,5,NR,Hybrid,2100,2100,2100
2019-09-12,1375,3,NR,Hybrid,2188,2389,2332
2019-09-12,968,3,NR,Hybrid,1853,1853,1853
2019-09-13,109,14,NR,Hybrid,2600,3000,2800
2019-09-13,1375,1,NR,Hybrid,2212,2507,2326
2019-09-13,968,7,NR,Hybrid,1801,2128,2000
2019-09-14,1019,2,NR,Local,2095,2095,2095
2019-09-14,1575,1,NR,Local,2025,2150,2050
2019-09-14,968,6,NR,Hybrid,1956,2025,1969
2019-09-15,1019,2,NR,Local,1800,2200,2050
2019-09-15,1299,23,NR,Hybrid,2100,2310,2310
2019-09-16,1299,39,NR,Hybrid,2100,2200,2200
2019-09-16,1375,1,NR,Hybrid,2187,2729,2338
2019-09-16,968,30,NR,Hybrid,1800,2016,1971
2019-09-17,109,37,NR,Hybrid,2600,3000,2800
2019-09-17,1299,48,NR,Hybrid,2200,2200,2200
2019-09-17,1375,2,NR,Hybrid,2212,2246,2214
2019-09-17,968,29,NR,Hybrid,1800,2071,2003
2019-09-18,1299,47,NR,Hybrid,2100,2180,2170
2019-09-18,1375,1,NR,Hybrid,2180,2407,2335
2019-09-18,968,35,NR,Hybrid,1900,2075,2025
2019-09-19,1019,3,NR,Local,2200,2200,2200
2019-09-19,109,30,NR,Hybrid,2600,3000,2800
2019-09-19,968,20,NR,Hybrid,1811,2081,2020
2019-09-20,1019,12,NR,Local,2070,2070,2070
2019-09-20,1375,8,NR,Hybrid,2320,2429,2331
2019-09-20,489,1,NR,Hybrid,1800,2100,2000
2019-09-20,968,27,NR,Hybrid,1966,2086,2045
2019-09-21,109,18,NR,Hybrid,2600,3000,2800
2019-09-21,1299,21,NR,Hybrid,2100,2100,2100
2019-09-21,1375,2,NR,Hybrid,2248,2516,2460
2019-09-21,968,31,NR,Hybrid,1975,2090,2050
2019-09-22,1019,9,NR,Hybrid,1900,2250,2100
2019-09-22,1299,153,NR,Hybrid,2000,2350,2200
2019-09-23,1028,6,NR,Hybrid,2150,2150,2150
2019-09-23,109,10,NR,Hybrid,2600,3000,2800
2019-09-23,117,2,NR,Local,2252,2252,2252
2019-09-23,1375,1,NR,Hybrid,1700,2527,2284
2019-09-23,968,41,NR,Hybrid,1805,2001,1959
2019-09-24,109,13,NR,Hybrid,2600,3000,2800
2019-09-24,1299,50,NR,Hybrid,1800,2200,2150
2019-09-24,1375,1,NR,Hybrid,2020,2367,2297
2019-09-24,1575,1,NR,Local,2000,2100,2000
2019-09-24,489,7,NR,Hybrid,1600,2000,1800
2019-09-24,968,28,NR,Hybrid,1806,1806,1806
2019-09-25,1299,50,NR,Hybrid,2050,2170,2100
2019-09-25,1375,1,NR,Hybrid,2108,2409,2194
2019-09-25,968,37,NR,Hybrid,1701,1900,1864
2019-09-26,1019,47,NR,Local,1995,2090,2040
2019-09-26,1375,0.6,NR,Hybrid,2152,2270,2185
2019-09-26,968,32,NR,Hybrid,1821,1960,1857
2019-09-27,1019,25,NR,Local,2000,2000,2000
2019-09-27,109,5,NR,Hybrid,2600,3000,2800
2019-09-27,117,2,NR,Local,1639,1669,1669
2019-09-27,1375,2,NR,Hybrid,1901,2209,2070
2019-09-27,968,30,NR,Hybrid,1751,2000,1897
2019-09-29,1019,6,NR,Local,1800,1900,1850
2019-09-29,1299,61,NR,Hybrid,1900,2125,2080
2019-09-30,1019,11,NR,Local,1800,1800,1800
2019-09-30,109,7,NR,Hybrid,2600,3000,2800
2019-09-30,117,4,NR,Local,1516,1826,1826
2019-09-30,1299,11,NR,Hybrid,1900,1950,1950
2019-09-30,1375,2,NR,Hybrid,1901,2222,2086
2019-09-30,1575,1,NR,Local,1711,1900,1875
2019-09-30,489,2,NR,Hybrid,1800,2000,1900
2019-09-30,968,71,NR,Hybrid,1705,1922,1839
2019-10-01,1299,186,NR,Hybrid,1800,2300,2100
2019-10-01,1575,2,NR,Local,1700,1881,1800
2019-10-01,968,38,NR,Hybrid,1776,1937,1792
2019-10-03,109,8,NR,Hybrid,2600,3000,2800
2019-10-03,1299,55,NR,Hybrid,1800,1900,1850
2019-10-03,1375,1.8,NR,Hybrid,1808,2101,2061
2019-10-03,1575,3,NR,Local,1700,1700,1700
2019-10-03,968,45,NR,Hybrid,1701,1920,1747
2019-10-04,1019,72,NR,Local,1650,1710,1690
2019-10-04,109,22,NR,Hybrid,2600,3000,2800
2019-10-04,117,2,NR,Local,1650,1806,1806
2019-10-04,1375,4,NR,Hybrid,1842,2219,2133
2019-10-04,1575,1,NR,Local,1800,1800,1800
2019-10-04,968,98,NR,Hybrid,1671,1907,1772
2019-10-05,1019,15,NR,Local,1645,1645,1645
2019-10-05,109,9,NR,Hybrid,2600,3000,2800
2019-10-05,1299,153,NR,Hybrid,1700,1800,1750
2019-10-05,1375,2,NR,Hybrid,1860,2109,1968
2019-10-05,1575,1,NR,Local,1700,1700,1700
2019-10-05,968,36,NR,Hybrid,1657,1886,1741
2019-10-06,1019,10,NR,Local,1650,2200,1850
2019-10-06,1299,142,NR,Hybrid,1700,1800,1730
2019-10-08,968,137,NR,Hybrid,1607,1867,1774
2019-10-09,109,13,NR,Hybrid,2600,3000,2800
2019-10-09,1299,69,NR,Hybrid,1560,1660,1650
2019-10-09,1375,1,NR,Hybrid,1701,2129,1862
2019-10-09,1575,1,NR,Local,1480,1700,1600
2019-10-09,968,26,NR,Hybrid,1507,1896,1738
2019-10-10,1019,1,NR,Local,1500,1500,1500
2019-10-10,117,2,NR,Local,1526,1546,1546
2019-10-10,1299,432,NR,Hybrid,1560,1700,1600
2019-10-10,1375,10,NR,Hybrid,1595,2129,1989
2019-10-10,1575,1,NR,Local,1625,1625,1625
2019-10-10,968,17,NR,Hybrid,1651,1916,1750
2019-10-11,109,35,NR,Hybrid,2600,3000,2800
2019-10-11,1375,13,NR,Hybrid,1457,1865,1702
2019-10-11,968,30,NR,Hybrid,1651,1906,1795
2019-10-12,1575,2,NR,Local,1625,1751,1655
2019-10-12,463,1,NR,Hybrid,1137,1502,1199
2019-10-12,968,45,NR,Hybrid,1656,1916,1772
2019-10-13,1019,12,NR,Local,1600,1800,1700
2019-10-14,1019,15,NR,Local,1532,1532,1532
2019-10-14,109,19,NR,Hybrid,2600,3000,2800
2019-10-14,117,1,NR,Local,1450,1450,1450
2019-10-14,1299,256,NR,Hybrid,1560,1650,1600
2019-10-14,1375,1,NR,Hybrid,1730,1907,1813
2019-10-14,1575,1,NR,Local,1400,1680,1500
2019-10-14,489,44,NR,Hybrid,1600,1800,1700
2019-10-14,968,109,NR,Hybrid,1661,1914,1730
2019-10-15,109,3,NR,Hybrid,2800,3100,2950
2019-10-15,1299,364,NR,Hybrid,1550,1700,1650
2019-10-15,1375,2,NR,Hybrid,1630,1914,1761
2019-10-15,1575,1,NR,Local,1300,1550,1500
2019-10-15,463,2,NR,Hybrid,601,931,844
2019-10-15,489,26,NR,Hybrid,1811,1811,1811
2019-10-15,968,49,NR,Hybrid,1653,3888,1769
2019-10-16,1019,23,NR,Local,1775,1900,1800
2019-10-16,109,33,NR,Hybrid,2800,3100,2950
2019-10-16,1299,326,NR,Hybrid,1560,1700,1650
2019-10-16,1375,3,NR,Hybrid,1709,1920,1842
2019-10-16,1575,1,NR,Local,1100,1500,1400
2019-10-16,489,18,NR,Hybrid,1600,1800,1700
2019-10-16,968,54,NR,Hybrid,1681,1915,1781
2019-10-17,109,4,NR,Hybrid,2800,3100,2950
2019-10-17,117,6,NR,Local,1450,1600,1600
2019-10-17,1299,259,NR,Hybrid,1550,1710,1650
2019-10-17,1375,13,NR,Hybrid,1654,1890,1859
2019-10-17,489,21,NR,Hybrid,1850,1900,1875
2019-10-17,968,43,NR,Hybrid,1681,1920,1798
2019-10-18,1019,40,NR,Local,1500,1900,1775
2019-10-18,109,8,NR,Hybrid,2800,3100,2950
2019-10-18,1375,0.4,NR,Hybrid,1758,1851,1811
2019-10-18,1575,2,NR,Local,1500,1701,1501
2019-10-18,489,10,NR,Hybrid,1800,1900,1850
2019-10-18,968,45,NR,Hybrid,1701,1929,1812
2019-10-19,1019,25,NR,Local,1650,1650,1650
2019-10-19,109,2,NR,Hybrid,2800,3100,2950
2019-10-19,1103,143,NR,Hybrid,2040,2050,2050
2019-10-19,1299,323,NR,Hybrid,1600,1750,1700
2019-10-19,1375,32,NR,Hybrid,1663,1908,1740
2019-10-19,1575,1,NR,Local,1400,1600,1490
2019-10-19,968,37,NR,Hybrid,1701,1941,1824
2019-10-20,1019,8,NR,Local,1600,2100,1900
2019-10-20,1299,290,NR,Hybrid,1600,1750,1700
2019-10-21,109,15,NR,Hybrid,2800,3100,2950
2019-10-21,1103,132,NR,Hybrid,1800,2050,1900
2019-10-21,1299,140,NR,Hybrid,1550,1750,1690
2019-10-21,1375,18,NR,Hybrid,1730,1930,1817
2019-10-21,1575,3,NR,Local,1400,1600,1500
2019-10-21,489,34,NR,Hybrid,1600,1800,1700
2019-10-21,968,39,NR,Hybrid,1736,1961,1862
2019-10-22,1103,134,NR,Hybrid,1800,1832,1800
2019-10-22,117,6,NR,Local,1401,1655,1655
2019-10-22,1299,197,NR,Hybrid,1600,1750,1700
2019-10-22,1375,3,NR,Hybrid,1781,1940,1821
2019-10-22,1575,1,NR,Local,1400,1600,1500
2019-10-22,489,16,NR,Hybrid,1600,1800,1700
2019-10-22,968,6,NR,Hybrid,1706,1959,1778
2019-10-23,1019,25,NR,Local,1500,1800,1750
2019-10-23,1103,148,NR,Hybrid,1810,1835,1816
2019-10-23,117,3,NR,Local,1420,1530,1530
2019-10-23,1299,127,NR,Hybrid,1670,1750,1700
2019-10-23,1375,2,NR,Hybrid,1762,1938,1821
2019-10-23,489,11,NR,Hybrid,1600,1800,1700
2019-10-23,968,4,NR,Hybrid,1776,1955,1851
2019-10-24,1019,23,NR,Local,1450,1650,1580
2019-10-24,109,8,NR,Hybrid,2800,3100,2950
2019-10-24,1103,135,NR,Hybrid,1817,1850,1845
2019-10-24,117,1,NR,Local,1560,1560,1560
2019-10-24,1299,81,NR,Hybrid,1700,1800,1750
2019-10-24,1375,2,NR,Hybrid,1776,1989,1846
2019-10-24,489,9,NR,Hybrid,1600,1800,1700
2019-10-24,968,5,NR,Hybrid,1715,1950,1797
2019-10-25,1019,12,NR,Local,1650,2050,1900
2019-10-25,109,1,NR,Hybrid,2800,3100,2950
2019-10-25,1103,128,NR,Hybrid,1827,1863,1848
2019-10-25,117,3,NR,Local,1520,1714,1714
2019-10-25,1375,15,NR,Hybrid,1751,2800,1930
2019-10-25,489,14,NR,Hybrid,1600,1800,1700
2019-10-26,1019,25,NR,Local,1600,1700,1650
2019-10-27,1019,3,NR,Local,1800,1900,1850
2019-10-28,1028,10,NR,Hybrid,1820,1820,1820
2019-10-28,109,39,NR,Hybrid,2800,3100,2950
2019-10-28,1103,135,NR,Hybrid,1818,1840,1837
2019-10-28,1575,2,NR,Local,1500,1701,1651
2019-10-29,1575,1,NR,Local,1550,1601,1600
2019-10-29,968,211,NR,Hybrid,1766,2065,1907
2019-10-30,1019,9,NR,Local,1770,1770,1770
2019-10-30,109,2,NR,Hybrid,2800,3100,2950
2019-10-30,1103,108,NR,Hybrid,1820,1856,1853
2019-10-30,117,1,NR,Local,1550,1650,1650
2019-10-30,1299,469,NR,Hybrid,1600,1750,1700
2019-10-30,1375,21,NR,Hybrid,1690,1881,1792
2019-10-30,1575,2,NR,Local,1501,1690,1651
2019-10-30,489,18,NR,Hybrid,1600,1900,1750
2019-10-30,968,24,NR,Hybrid,1706,2035,1764
2019-10-31,1019,20,NR,Local,1600,1700,1650
2019-10-31,109,4,NR,Hybrid,2800,3100,2950
2019-10-31,1103,67,NR,Hybrid,1804,1857,1807
2019-10-31,117,9,NR,Local,999,1532,1359
2019-10-31,1299,428,NR,Hybrid,1600,1750,1700
2019-10-31,1375,44,NR,Hybrid,1611,1911,1800
2019-10-31,1575,5,NR,Local,1600,1700,1650
2019-10-31,489,39,NR,Hybrid,1600,1800,1700
2019-10-31,968,7,NR,Hybrid,1685,2071,1768
2019-11-02,1019,30,NR,Hybrid,1600,1750,1700
2019-11-02,109,13,NR,Hybrid,2800,3100,2950
2019-11-02,1139,3,NR,Hybrid,1200,1500,1350
2019-11-02,117,8,NR,Local,1560,1565,1565
2019-11-02,1299,668,NR,Hybrid,1650,1750,1700
2019-11-02,1375,6,NR,Hybrid,1662,2303,1760
2019-11-02,1575,4,NR,Local,1500,1740,1700
2019-11-02,489,39,NR,Hybrid,1700,1950,1800
2019-11-02,968,44,NR,Hybrid,1711,2095,1823
2019-11-03,1019,15,NR,Local,1600,1800,1700
2019-11-03,1299,187,NR,Hybrid,1700,1800,1750
2019-11-04,1019,10,NR,Local,1600,1700,1650
2019-11-04,1028,32,NR,Hybrid,1750,2000,2000
2019-11-04,109,2,NR,Hybrid,2800,3100,2950
2019-11-04,117,5,NR,Local,1551,1611,1611
2019-11-04,1299,14,NR,Hybrid,1700,1700,1700
2019-11-04,1375,13,NR,Hybrid,1622,1900,1783
2019-11-04,1575,4,NR,Local,1650,1661,1660
2019-11-04,489,23,NR,Hybrid,1600,1900,1800
2019-11-04,968,62,NR,Hybrid,1706,2102,1887
2019-11-05,109,27,NR,Hybrid,2800,3100,2950
2019-11-05,1103,128,NR,Hybrid,1801,1812,1806
2019-11-05,117,4,NR,Local,1560,1585,1585
2019-11-05,1299,407,NR,Hybrid,1600,1750,1700
2019-11-05,1375,43,NR,Hybrid,1202,1915,1709
2019-11-05,1575,6,NR,Local,1200,1650,1550
2019-11-05,968,18,NR,Hybrid,1610,2169,1992
2019-11-06,1019,33,NR,Local,1600,2050,1800
2019-11-06,109,8,NR,Hybrid,2800,3100,2950
2019-11-06,1103,53,NR,Hybrid,1813,1817,1815
2019-11-06,117,3,NR,Local,1562,1601,1601
2019-11-06,1299,91,NR,Hybrid,1700,1800,1750
2019-11-06,1375,11.3,NR,Hybrid,1527,1969,1679
2019-11-06,1575,11,NR,Local,1400,1650,1600
2019-11-06,489,25,NR,Hybrid,1600,1900,1800
2019-11-06,968,25,NR,Hybrid,1701,2205,1936
2019-11-07,1019,23,NR,Local,1600,1900,1700
2019-11-07,1028,38,NR,Hybrid,1900,2000,2000
2019-11-07,109,4,NR,Hybrid,2800,3100,2950
2019-11-07,1103,128,NR,Hybrid,1832,1843,1837
2019-11-07,1299,217,NR,Hybrid,1600,1750,1700
2019-11-07,1375,22,NR,Hybrid,1615,1850,1691
2019-11-07,1575,6,NR,Local,1350,1550,1500
2019-11-07,489,20,NR,Hybrid,1600,1900,1800
2019-11-07,968,18,NR,Hybrid,1550,2189,1769
2019-11-08,109,3,NR,Hybrid,2800,3100,2950
2019-11-08,1103,128,NR,Hybrid,1844,1855,1850
2019-11-08,1375,26,NR,Hybrid,1351,1949,1675
2019-11-08,1575,5,NR,Local,1200,1600,1500
2019-11-08,489,1,NR,Hybrid,1600,1900,1800
2019-11-08,968,34,NR,Hybrid,1651,2181,1828
2019-11-09,1019,32,NR,Local,1600,2100,2000
2019-11-09,117,2,NR,Local,1644,1644,1644
2019-11-09,1575,6,NR,Local,1200,1550,1450
2019-11-10,1019,16,NR,Local,1600,1800,1700
2019-11-11,1028,14,NR,Hybrid,2100,2100,2100
2019-11-11,109,4,NR,Hybrid,2800,3100,2950
2019-11-11,1103,129,NR,Hybrid,1856,1867,1861
2019-11-11,1299,233,NR,Hybrid,1600,1700,1680
2019-11-11,1375,67,NR,Hybrid,1522,2037,1714
2019-11-11,1575,10,NR,Local,1400,1700,1600
2019-11-11,489,50,NR,Hybrid,1600,1800,1700
2019-11-11,968,67,NR,Hybrid,1500,2251,1848
2019-11-12,1028,25,NR,Hybrid,1850,1850,1850
2019-11-12,109,7,NR,Hybrid,2800,3100,2950
2019-11-12,1375,21,NR,Hybrid,1507,1929,1664
2019-11-12,1575,3,NR,Local,1200,1550,1400
2019-11-12,489,24,NR,Hybrid,1600,1800,1700
2019-11-12,968,35,NR,Hybrid,1450,2200,1815
2019-11-13,1195,205,NR,Jawari,1800,1800,1800
2019-11-13,1299,366,NR,Hybrid,1600,1750,1700
2019-11-13,1375,36,NR,Hybrid,1615,1909,1674
2019-11-13,1575,6,NR,Local,1200,1650,1400
2019-11-13,968,11,NR,Hybrid,1511,2151,1711
2019-11-14,1019,12,NR,Local,1770,2050,1900
2019-11-14,109,4,NR,Hybrid,2800,3100,2950
2019-11-14,1299,75,NR,Hybrid,1600,1800,1750
2019-11-14,1375,23,NR,Hybrid,1590,1818,1646
2019-11-14,1575,6,NR,Local,1200,1500,1400
2019-11-14,489,12,NR,Hybrid,1600,1800,1700
2019-11-14,968,5,NR,Hybrid,1561,2216,1772
2019-11-16,1028,30,NR,Hybrid,2050,2100,2100
2019-11-16,109,24,NR,Hybrid,2800,3100,2950
2019-11-16,117,2,NR,Local,1606,1606,1606
2019-11-16,1299,17,NR,Hybrid,1600,1600,1600
2019-11-16,1375,11,NR,Hybrid,1586,1887,1680
2019-11-16,1575,12,NR,Local,1200,1500,1450
2019-11-16,489,53,NR,Hybrid,1600,1800,1700
2019-11-16,968,63,NR,Hybrid,1517,2208,1794
2019-11-17,1019,6,NR,Local,1800,1900,1850
2019-11-18,1019,89,NR,Local,1570,2100,1770
2019-11-18,109,2,NR,Hybrid,2800,3100,2950
2019-11-18,1299,41,NR,Hybrid,1600,1700,1700
2019-11-18,1375,14,NR,Hybrid,1436,2134,1672
2019-11-18,1575,8,NR,Local,1300,1700,1550
2019-11-18,489,30,NR,Hybrid,1600,1800,1700
2019-11-18,968,43,NR,Hybrid,1505,2221,1746
2019-11-19,109,14,NR,Hybrid,2800,3100,2950
2019-11-19,1299,30,NR,Hybrid,1600,1600,1600
2019-11-19,1375,52,NR,Hybrid,1202,2129,1648
2019-11-19,1575,6,NR,Local,1480,1550,1500
2019-11-19,489,12,NR,Hybrid,1600,1800,1700
2019-11-19,968,30,NR,Hybrid,1550,2216,1795
2019-11-20,109,1,NR,Hybrid,2800,3100,2950
2019-11-20,117,3,NR,Local,1612,1612,1612
2019-11-20,1299,31,NR,Hybrid,1800,1800,1800
2019-11-20,1375,16,NR,Hybrid,1606,1949,1716
2019-11-20,1575,4,NR,Local,1300,1650,1450
2019-11-20,489,42,NR,Hybrid,1600,1800,1700
2019-11-20,968,44,NR,Hybrid,1401,2225,1746
2019-11-21,1019,21,NR,Local,1500,2100,1900
2019-11-21,1028,12,NR,Hybrid,1550,1550,1550
2019-11-21,109,20,NR,Hybrid,2800,3100,2950
2019-11-21,1299,21,NR,Hybrid,1600,1600,1600
2019-11-21,1375,16.4,NR,Hybrid,1544,2004,1736
2019-11-21,1575,7,NR,Local,1100,1550,1450
2019-11-21,968,29,NR,Hybrid,1551,2102,1717
2019-11-22,109,6,NR,Hybrid,2800,3100,2950
2019-11-22,1139,4,NR,Hybrid,1300,1600,1450
2019-11-22,1375,11,NR,Hybrid,1582,2029,1707
2019-11-22,1575,8,NR,Local,1450,1580,1500
2019-11-22,489,12,NR,Hybrid,1600,1800,1700
2019-11-22,968,46,NR,Hybrid,1550,2100,1733
2019-11-23,1575,5,NR,Local,1500,1549,1501
2019-11-24,1019,8,NR,Local,1600,1900,1800
2019-11-25,1019,23,NR,Local,1650,1700,1680
2019-11-25,109,29,NR,Hybrid,2800,3100,2950
2019-11-25,117,3,NR,Local,1601,1601,1601
2019-11-25,1375,13,NR,Hybrid,1450,1980,1747
2019-11-25,1575,6,NR,Local,1400,1700,1550
2019-11-25,489,20,NR,Hybrid,1600,1900,1800
2019-11-25,968,94,NR,Hybrid,1501,2050,1665
2019-11-26,1299,47,NR,Hybrid,1525,1650,1600
2019-11-27,1019,10,NR,Local,1500,1500,1500
2019-11-27,1028,42,NR,Hybrid,1240,1565,1565
2019-11-27,1299,5,NR,Hybrid,1600,1600,1600
2019-11-27,1375,44,NR,Hybrid,1621,2024,1715
2019-11-27,1575,9,NR,Local,1220,1560,1500
2019-11-27,489,12,NR,Hybrid,1600,1900,1800
2019-11-27,968,52,NR,Hybrid,1401,2051,1645
2019-11-28,1028,41,NR,Hybrid,1620,1780,1780
2019-11-28,1375,20,NR,Hybrid,1512,2323,1733
2019-11-28,1575,9,NR,Local,1350,1750,1400
2019-11-28,489,3,NR,Hybrid,1600,1900,1800
2019-11-28,968,49,NR,Hybrid,1570,2021,1651
2019-11-29,109,10,NR,Hybrid,2400,2800,2600
2019-11-29,1375,13.3,NR,Hybrid,1652,1985,1727
2019-11-29,1575,11,NR,Local,1400,1600,1580
2019-11-29,489,12,NR,Hybrid,1600,1900,1800
2019-11-29,968,21,NR,Hybrid,1591,2000,1658
2019-11-30,109,15,NR,Hybrid,2400,2800,2600
2019-11-30,1375,21.8,NR,Hybrid,1640,2211,1694
2019-11-30,1575,12,NR,Local,1300,1800,1600
2019-11-30,968,15,NR,Hybrid,1611,2055,1712
2020-01-01,109,4,NR,Hybrid,2200,2500,2350
2020-01-01,1299,59,NR,Hybrid,1800,1950,1900
2020-01-01,1375,1,NR,Hybrid,1733,1792,1765
2020-01-01,1575,4,NR,Local,1650,1900,1800
2020-01-01,489,20,NR,Hybrid,1600,1900,1800
2020-01-01,968,13,NR,Hybrid,1712,1945,1800
2020-01-02,1019,38,NR,Local,1800,2000,1900
2020-01-02,109,8,NR,Hybrid,2200,2500,2350
2020-01-02,1375,7,NR,Hybrid,1768,2319,1885
2020-01-02,1575,4,NR,Local,1650,1850,1700
2020-01-02,489,11,NR,Hybrid,1600,2000,1800
2020-01-02,968,7,NR,Hybrid,1600,1952,1756
2020-01-03,1019,46,NR,Local,1600,1850,1750
2020-01-03,117,2,NR,Local,1760,1775,1775
2020-01-03,1375,9,NR,Hybrid,1741,2079,1835
2020-01-03,1575,6,NR,Local,1700,1820,1750
2020-01-03,968,6,NR,Hybrid,1730,1900,1751
2020-01-04,1019,37,NR,Local,1800,2100,2000
2020-01-04,109,16,NR,Hybrid,2200,2500,2350
2020-01-04,1299,33,NR,Hybrid,1800,1800,1800
2020-01-04,1375,29,NR,Hybrid,1689,2250,1828
2020-01-04,1575,8,NR,Local,1650,1820,1750
2020-01-04,489,17,NR,Hybrid,1600,2000,1800
2020-01-04,968,4,NR,Hybrid,1725,1855,1793
2020-01-05,1019,4,NR,Local,1800,1900,1850
2020-01-05,1299,30,NR,Hybrid,1800,1800,1800
2020-01-06,1028,25,NR,Hybrid,1800,1800,1800
2020-01-06,109,9,NR,Hybrid,2200,2500,2350
2020-01-06,117,2,NR,Local,1470,1662,1662
2020-01-06,1375,14,NR,Hybrid,1691,2227,1852
2020-01-06,1575,1,NR,Local,1740,1770,1750
2020-01-06,489,24,NR,Hybrid,1600,2000,1800
2020-01-06,968,24,NR,Hybrid,1700,1991,1794
2020-01-07,109,18,NR,Hybrid,2200,2500,2350
2020-01-07,1299,35,NR,Hybrid,1800,1950,1900
2020-01-07,1375,14,NR,Hybrid,1717,2356,1854
2020-01-07,1575,6,NR,Local,1721,1750,1725
2020-01-07,968,8,NR,Hybrid,1755,1991,1818
2020-01-08,109,18,NR,Hybrid,2200,2500,2350
2020-01-08,1299,37,NR,Hybrid,1700,1800,1800
2020-01-08,1375,0.2,NR,Hybrid,1900,1900,1900
2020-01-08,489,12,NR,Hybrid,1600,1900,1800
2020-01-08,968,3,NR,Hybrid,1721,1855,1742
2020-01-09,1019,17,NR,Local,2100,2100,2100
2020-01-09,1028,22,NR,Hybrid,1750,1750,1750
2020-01-09,109,6,NR,Hybrid,2200,2500,2350
2020-01-09,1299,42,NR,Hybrid,1700,2000,1850
2020-01-09,1375,3,NR,Hybrid,1649,2140,1928
2020-01-09,1575,5,NR,Local,1701,1740,1730
2020-01-09,489,10,NR,Hybrid,1600,1900,1800
2020-01-09,968,7,NR,Hybrid,1659,1991,1780
2020-01-10,109,6,NR,Hybrid,2200,2500,2350
2020-01-10,1375,5,NR,Hybrid,1656,2165,1899
2020-01-10,1575,3,NR,Local,1700,1740,1721
2020-01-10,968,4,NR,Hybrid,1703,1905,1735
2020-01-11,1575,3,NR,Local,1700,1740,1720
2020-01-11,968,9,NR,Hybrid,1725,1968,1770
2020-01-12,1019,6,NR,Local,1680,1850,1800
2020-01-12,1299,9,NR,Hybrid,1850,1850,1850
2020-01-13,1028,62,NR,Hybrid,1750,2900,2169
2020-01-13,109,23,NR,Hybrid,2200,2500,2350
2020-01-13,117,5,NR,Local,1600,1809,1809
2020-01-13,1375,8,NR,Hybrid,1664,2071,1877
2020-01-13,1575,7,NR,Local,1700,1720,1710
2020-01-13,489,1,NR,Hybrid,1600,1800,1700
2020-01-13,968,13,NR,Hybrid,1600,1980,1734
2020-01-14,1028,31,NR,Hybrid,1700,1760,1720
2020-01-14,109,7,NR,Hybrid,2200,2500,2350
2020-01-14,1299,21,NR,Hybrid,1800,1850,1850
2020-01-14,1375,2,NR,Hybrid,1671,2129,1831
2020-01-14,1575,1,NR,Local,1660,1700,1680
2020-01-14,968,2,NR,Hybrid,1701,1900,1763
2020-01-16,1019,41,NR,Local,1700,1800,1730
2020-01-16,109,8,NR,Hybrid,2200,2500,2350
2020-01-16,1299,70,NR,Hybrid,1800,1880,1850
2020-01-16,1375,3,NR,Hybrid,1234,2052,1770
2020-01-16,968,3,NR,Hybrid,1706,1816,1719
2020-01-17,109,11,NR,Hybrid,2200,2500,2350
2020-01-17,1375,6,NR,Hybrid,1617,1923,1772
2020-01-17,1575,2,NR,Local,1600,1700,1670
2020-01-17,968,4,NR,Hybrid,1710,1855,1743
2020-01-18,1019,24,NR,Local,2210,2210,2210
2020-01-18,1575,4,NR,Local,1600,1625,1601
2020-01-18,489,7,NR,Hybrid,1600,1900,1800
2020-01-18,968,1,NR,Hybrid,1711,1860,1780
2020-01-19,1019,3,NR,Local,1700,1800,1780
2020-01-19,1299,103,NR,Hybrid,1800,1900,1850
2020-01-20,1375,9,NR,Hybrid,1574,2121,1785
2020-01-20,1575,3,NR,Local,1500,1705,1650
2020-01-20,489,10,NR,Hybrid,1600,1900,1800
2020-01-20,968,7,NR,Hybrid,1711,1880,1732
2020-01-21,109,17,NR,Hybrid,2200,2500,2350
2020-01-21,1375,2.7,NR,Hybrid,1713,2000,1823
2020-01-21,1575,1,NR,Local,1600,1700,1650
2020-01-21,489,19,NR,Hybrid,1600,1900,1800
2020-01-21,968,1,NR,Hybrid,1710,1780,1738
2020-01-22,1019,45,NR,Local,1600,1750,1700
2020-01-22,109,11,NR,Hybrid,2200,2600,2400
2020-01-22,1375,3,NR,Hybrid,1624,2207,1845
2020-01-22,1575,3,NR,Local,1500,1700,1620
2020-01-22,489,28,NR,Hybrid,1600,1900,1800
2020-01-22,968,10,NR,Hybrid,1611,1855,1625
2020-01-23,109,12,NR,Hybrid,2200,2600,2400
2020-01-23,1375,1,NR,Hybrid,1789,1912,1861
2020-01-23,1575,2,NR,Local,1600,1720,1650
2020-01-23,968,1,NR,Hybrid,1615,1805,1756
2020-01-24,1028,4,NR,Hybrid,2150,2150,2150
2020-01-24,109,1,NR,Hybrid,2200,2600,2400
2020-01-24,1375,11,NR,Hybrid,1790,1790,1790
2020-01-25,1375,1,NR,Hybrid,1783,2021,1900
2020-01-25,1575,2,NR,Local,1520,1740,1650
2020-01-26,1019,1,NR,Local,1900,1900,1900
2020-01-27,109,17,NR,Hybrid,2200,2600,2400
2020-01-27,1375,3,NR,Hybrid,1783,1973,1888
2020-01-27,1575,1,NR,Local,1700,1721,1720
2020-01-27,489,13,NR,Hybrid,1600,1750,1700
2020-01-27,968,6,NR,Hybrid,1611,1860,1702
2020-01-28,1375,6,NR,Hybrid,1617,2019,1838
2020-01-28,1575,1,NR,Local,1700,1731,1726
2020-01-28,968,6,NR,Hybrid,1202,1880,1697
2020-01-29,1028,13,NR,Hybrid,1670,1700,1700
2020-01-29,1375,1,NR,Hybrid,1784,2027,1953
2020-01-29,1575,1,NR,Local,1700,1730,1701
2020-01-29,968,7,NR,Hybrid,1635,1800,1677
2020-01-30,1019,46,NR,Local,1520,1700,1610
2020-01-30,109,4,NR,Hybrid,2200,2600,2400
2020-01-30,1375,1,NR,Hybrid,1881,2157,2027
2020-01-30,1575,3,NR,Local,1700,1745,1740
2020-01-31,1028,30,NR,Hybrid,1780,1780,1780
2020-01-31,109,2,NR,Hybrid,2200,2600,2400
2020-01-31,1198,5,NR,Local,1700,1800,1750
2020-01-31,1375,4,NR,Hybrid,1456,2008,1858
2020-01-31,1575,1,NR,Local,1600,1760,1700
2020-01-31,968,5,NR,Hybrid,1641,1855,1732
2020-02-01,109,4,NR,Hybrid,2000,2400,2200
2020-02-01,1375,1,NR,Hybrid,1808,1969,1859
2020-02-01,1575,1,NR,Local,1711,1750,1735
2020-02-01,489,26,NR,Hybrid,1600,1800,1700
2020-02-01,968,6,NR,Hybrid,1651,1855,1720
2020-02-02,1019,1,NR,Local,1700,1700,1700
2020-02-02,1299,18,NR,Hybrid,1600,1600,1600
2020-02-03,109,23,NR,Hybrid,2000,2400,2200
2020-02-03,1375,1,NR,Hybrid,1789,1912,1844
2020-02-03,1575,3,NR,Local,1650,1750,1700
2020-02-03,968,7,NR,Hybrid,1605,1886,1699
2020-02-04,109,9,NR,Hybrid,2000,2400,2200
2020-02-04,1375,1,NR,Hybrid,1829,1927,1860
2020-02-04,1575,2,NR,Local,1700,1750,1731
2020-02-04,968,4,NR,Hybrid,1551,1855,1676
2020-02-05,109,16,NR,Hybrid,2000,2400,2200
2020-02-05,1375,10,NR,Hybrid,1760,1946,1763
2020-02-05,1575,2,NR,Local,1600,1750,1700
2020-02-05,489,26,NR,Hybrid,1600,1800,1700
2020-02-05,968,5,NR,Hybrid,1550,1805,1767
2020-02-06,109,3,NR,Hybrid,2000,2400,2200
2020-02-06,1375,1,NR,Hybrid,1234,2012,1763
2020-02-06,1575,2,NR,Local,1500,1720,1650
2020-02-06,968,4,NR,Hybrid,1700,1805,1740
2020-02-07,109,3,NR,Hybrid,2000,2400,2200
2020-02-07,1375,3,NR,Hybrid,1659,2157,1882
2020-02-07,1575,2,NR,Local,1600,1720,1680
2020-02-07,968,3,NR,Hybrid,1611,1611,1611
2020-02-08,1575,2,NR,Local,1500,1720,1650
2020-02-08,968,1,NR,Hybrid,1625,1825,1737
2020-02-09,1019,2,NR,Local,1800,1800,1800
2020-02-09,1299,77,NR,Hybrid,1800,1900,1850
2020-02-10,109,21,NR,Hybrid,2000,2400,2200
2020-02-10,1375,2.8,NR,Hybrid,1760,1760,1760
2020-02-10,1575,1,NR,Local,1550,1700,1650
2020-02-10,489,13,NR,Hybrid,1800,2000,1900
2020-02-10,968,11,NR,Hybrid,1521,1939,1630
2020-02-11,1375,2,NR,Hybrid,1757,2100,1876
2020-02-11,1575,3,NR,Local,1500,1700,1600
2020-02-11,968,2,NR,Hybrid,1551,1915,1576
2020-02-12,1019,9,NR,Local,1500,1500,1500
2020-02-12,109,20,NR,Hybrid,2000,2400,2200
2020-02-12,1299,3,NR,Hybrid,1700,1700,1700
2020-02-12,1375,1,NR,Hybrid,1760,2249,1930
2020-02-12,1575,1,NR,Local,1612,1702,1691
2020-02-12,968,6,NR,Hybrid,1551,1800,1659
2020-02-13,109,13,NR,Hybrid,2000,2400,2200
2020-02-13,1299,50,NR,Hybrid,1800,1850,1850
2020-02-13,1375,1,NR,Hybrid,1903,2121,2042
2020-02-13,1575,1,NR,Local,1500,1700,1600
2020-02-13,968,2,NR,Hybrid,1551,1575,1557
2020-02-14,1019,49,NR,Local,1500,1600,1580
2020-02-14,109,3,NR,Hybrid,2000,2400,2200
2020-02-14,1375,3,NR,Hybrid,1609,2113,1846
2020-02-14,1575,1,NR,Local,1500,1600,1580
2020-02-14,968,2,NR,Hybrid,1585,1750,1613
2020-02-15,1299,11,NR,Hybrid,1600,1700,1700
2020-02-15,1375,1,NR,Hybrid,1722,1870,1795
2020-02-15,1575,4,NR,Local,1400,1600,1500
2020-02-15,968,2,NR,Hybrid,1581,1756,1636
2020-02-16,1019,4,NR,Local,1800,1900,1850
2020-02-16,1299,13,NR,Hybrid,1900,1900,1900
2020-02-17,1375,1,NR,Hybrid,1617,2132,1804
2020-02-17,1575,1,NR,Local,1400,1600,1500
2020-02-17,968,5,NR,Hybrid,1600,1800,1686
2020-02-18,109,6,NR,Hybrid,2000,2400,2200
2020-02-18,1375,1,NR,Hybrid,1644,1949,1808
2020-02-18,1575,1,NR,Local,1400,1600,1500
2020-02-18,489,12,NR,Hybrid,1400,1600,1500
2020-02-18,968,3,NR,Hybrid,1605,1725,1626
2020-02-19,1028,26,NR,Hybrid,1600,1600,1600
2020-02-19,1299,25,NR,Hybrid,1750,1750,1750
2020-02-19,1375,0.2,NR,Hybrid,1345,1720,1533
2020-02-19,1575,1,NR,Local,1350,1600,1500
2020-02-19,968,18,NR,Hybrid,1551,1755,1667
2020-02-20,109,20,NR,Hybrid,2000,2400,2200
2020-02-20,1375,1,NR,Hybrid,1626,2165,1795
2020-02-20,1575,1,NR,Local,1300,1550,1500
2020-02-20,968,3,NR,Hybrid,1551,1800,1653
2020-02-22,1139,1,NR,Hybrid,1000,1500,1250
2020-02-23,1019,4,NR,Local,1800,1900,1850
2020-02-24,109,18,NR,Hybrid,2000,2400,2200
2020-02-24,1375,1,NR,Hybrid,1604,2061,1772
2020-02-24,1575,2,NR,Local,1450,1500,1481
2020-02-24,968,6,NR,Hybrid,1525,1755,1612
2020-02-25,1375,3,NR,Hybrid,1690,2009,1952
2020-02-25,968,3,NR,Hybrid,1520,1661,1596
2020-02-26,109,30,NR,Hybrid,2000,2400,2200
2020-02-26,1375,16,NR,Hybrid,1583,2134,1815
2020-02-26,1575,2,NR,Local,1381,1401,1400
2020-02-26,489,20,NR,Hybrid,1400,1550,1500
2020-02-27,109,9,NR,Hybrid,2000,2400,2200
2020-02-27,1299,3,NR,Hybrid,1650,1650,1650
2020-02-27,1575,1,NR,Local,1350,1491,1425
2020-02-27,968,1,NR,Hybrid,1501,1671,1521
2020-02-28,1019,20,NR,Local,1600,1700,1670
2020-02-28,109,3,NR,Hybrid,2000,2400,2200
2020-02-28,1375,1.4,NR, ,0,0,0
2020-02-28,968,2,NR,Hybrid,1535,1805,1657
2020-02-29,1375,0.2,NR,Hybrid,1619,1766,1692
2020-02-29,1575,3,NR,Local,1400,1445,1441
2020-02-29,489,12,NR,Hybrid,1400,1600,1500
2020-02-29,968,10,NR,Hybrid,1578,1578,1578
2020-03-01,1019,1,NR,Local,1800,1800,1800
2020-03-01,1299,80,NR,Hybrid,1800,1805,1805
2020-03-02,109,2,NR,Hybrid,2000,2400,2200
2020-03-02,1375,1,NR,Hybrid,1591,2090,1928
2020-03-02,968,3,NR,Hybrid,1500,1755,1537
2020-03-03,109,12,NR,Hybrid,2000,2400,2200
2020-03-03,968,2,NR,Hybrid,1515,1760,1538
2020-03-04,1019,6,NR,Local,1550,1650,1650
2020-03-04,109,16,NR,Hybrid,2000,2400,2200
2020-03-04,1299,16,NR,Hybrid,1600,1600,1600
2020-03-04,1375,1,NR,Hybrid,1536,2121,1826
2020-03-04,1575,1,NR,Local,1300,1450,1350
2020-03-04,968,1,NR,Hybrid,1501,1650,1623
2020-03-05,109,3,NR,Hybrid,2000,2400,2200
2020-03-05,1375,1,NR,Hybrid,1666,2173,1903
2020-03-05,489,5,NR,Hybrid,1400,1600,1500
2020-03-06,1019,19,NR,Local,1515,1700,1600
2020-03-06,1028,25,NR,Hybrid,1770,1785,1780
2020-03-06,1375,2,NR,Hybrid,1234,1930,1585
2020-03-06,968,1,NR,Hybrid,1450,1451,1451
2020-03-07,1028,21,NR,Hybrid,1900,1900,1900
2020-03-07,109,25,NR,Hybrid,2000,2400,2200
2020-03-07,1375,1,NR,Hybrid,1336,2000,1785
2020-03-07,1575,1,NR,Local,1100,1350,1301
2020-03-07,968,2,NR,Hybrid,1565,1805,1597
2020-03-08,1019,2,NR,Local,1600,1900,1790
2020-03-09,1375,1,NR,Hybrid,1583,2040,1854
2020-03-10,109,1,NR,Hybrid,2000,2400,2200
2020-03-10,1375,1.1,NR,Hybrid,1617,2036,1812
2020-03-11,1375,1,NR,Hybrid,786,2066,1822
2020-03-12,1375,17,NR,Hybrid,1611,2110,2045
2020-03-13,1019,150,NR,Hybrid,1460,1460,1460
2020-03-13,109,5,NR,Hybrid,2000,2400,2200
2020-03-13,117,3,NR,Local,1722,1722,1722
2020-03-13,1375,2,NR,Hybrid,1184,2139,1902
2020-03-13,968,11,NR,Hybrid,1200,1711,1564
2020-03-14,968,9,NR,Hybrid,1200,1600,1475
2020-03-15,1019,3,NR,Local,1800,1900,1850
2020-03-15,1299,40,NR,Hybrid,1500,1500,1500
2020-03-16,109,11,NR,Hybrid,2000,2400,2200
2020-03-16,1375,8,NR,Hybrid,1023,2826,2095
2020-03-16,968,3,NR,Hybrid,1200,1655,1373
2020-03-17,109,3,NR,Hybrid,2000,2400,2200
2020-03-17,1375,7,NR,Hybrid,1041,2100,1925
2020-03-17,489,2,NR,Hybrid,1400,1600,1500
2020-03-17,968,2,NR,Hybrid,1250,1706,1456
2020-03-18,1019,5,NR,Local,1460,1550,1500
2020-03-18,109,10,NR,Hybrid,2000,2400,2200
2020-03-18,117,1,NR,Local,1320,1751,1751
2020-03-18,1375,2,NR,Hybrid,786,1989,1558
2020-03-19,109,15,NR,Hybrid,2000,2400,2200
2020-03-19,1375,7.4,NR,Hybrid,1609,1990,1860
2020-03-19,968,1,NR,Hybrid,1505,1605,1570
2020-03-20,1019,10,NR,Local,1300,1400,1350
2020-03-20,1375,3,NR,Hybrid,1259,2017,1756
2020-03-21,109,2,NR,Hybrid,2000,2400,2200
2020-03-21,1375,5,NR,Hybrid,1500,1942,1627
2020-03-21,968,6,NR,Hybrid,1401,1401,1401
2020-03-23,109,5,NR,Hybrid,2000,2400,2200
2020-03-23,1375,2,NR,Hybrid,1352,1959,1816
2020-03-24,109,13,NR,Hybrid,2000,2400,2200
2020-03-26,1019,5,NR,Local,1400,1550,1500
2020-03-30,109,15,NR,Hybrid,2000,2400,2200
