2018-02-03,1421,3,NR,Other,2000,2500,2200
2018-02-03,1421,3,NR,Other,2000,2500,2200
2018-02-06,1421,3.5,NR,Other,1500,2000,1800
2018-02-06,1421,3.5,NR,Other,1500,2000,1800
2018-02-10,1421,4,NR,Other,1000,1500,1200
2018-02-10,1421,4,NR,Other,1000,1500,1200
2018-02-13,1421,5,NR,Other,1000,1400,1200
2018-02-13,1421,5,NR,Other,1000,1400,1200
2018-02-17,1421,3,NR,Other,1200,1500,1400
2018-02-17,1421,3,NR,Other,1200,1500,1400
2018-02-20,1421,4,NR,Other,1000,1400,1200
2018-02-20,1421,4,NR,Other,1000,1400,1200
2018-02-24,1421,4,NR,Other,800,1200,1000
2018-02-24,1421,4,NR,Other,800,1200,1000
2018-02-27,1421,3,NR,Other,1000,1500,1200
2018-02-27,1421,3,NR,Other,1000,1500,1200
2018-03-03,1421,2,NR,Other,1500,2000,1800
2018-03-03,1421,2,NR,Other,1500,2000,1800
2018-03-06,1421,3,NR,Other,1500,2000,1800
2018-03-06,1421,3,NR,Other,1500,2000,1800
2018-03-10,1421,3,NR,Other,1200,1800,1500
2018-03-10,1421,3,NR,Other,1200,1800,1500
2018-03-13,1421,2,NR,Other,1200,1800,1500
2018-03-13,1421,2,NR,Other,1200,1800,1500
2018-03-17,1421,0.8,NR,Other,1500,2000,1800
2018-03-17,1421,0.8,NR,Other,1500,2000,1800
2018-03-20,1421,1,NR,Other,2000,2500,2200
2018-03-20,1421,1,NR,Other,2000,2500,2200
2018-03-27,1421,0.5,NR,Other,2000,2500,2200
2018-03-27,1421,0.5,NR,Other,2000,2500,2200
2018-06-26,1421,0.7,NR, ,0,0,0
2018-06-26,1421,0.7,NR, ,0,0,0
2018-09-18,1421,1.5,NR, ,0,0,0
2018-09-18,1421,1.5,NR, ,0,0,0
2018-09-25,1421,0.1,NR, ,0,0,0
2018-09-25,1421,0.1,NR, ,0,0,0
2018-09-26,1421,0.2,NR, ,0,0,0
2018-09-26,1421,0.2,NR, ,0,0,0
2018-09-27,1421,0.3,NR, ,0,0,0
2018-09-27,1421,0.3,NR, ,0,0,0
2018-09-28,1421,0.2,NR, ,0,0,0
2018-09-28,1421,0.2,NR, ,0,0,0
2018-09-29,1421,0.5,NR, ,0,0,0
2018-09-29,1421,0.5,NR, ,0,0,0
2018-09-30,1421,0.3,NR, ,0,0,0
2018-09-30,1421,0.3,NR, ,0,0,0
2018-10-01,1421,0.3,NR,Other,6000,7000,6500
2018-10-01,1421,0.3,NR,Other,6000,7000,6500
2018-10-02,1421,0.8,NR,Other,6000,7000,6500
2018-10-02,1421,0.8,NR,Other,6000,7000,6500
2018-10-03,1421,0.3,NR,Other,6000,7000,6500
2018-10-03,1421,0.3,NR,Other,6000,7000,6500
2018-10-04,1421,0.4,NR,Other,6000,7500,7000
2018-10-04,1421,0.4,NR,Other,6000,7500,7000
2018-10-05,1421,0.5,NR,Other,7000,8000,7500
2018-10-05,1421,0.5,NR,Other,7000,8000,7500
2018-10-06,1421,1,NR,Other,7000,8000,7500
2018-10-06,1421,1,NR,Other,7000,8000,7500
2018-10-08,1421,0.5,NR,Other,7000,9000,8000
2018-10-08,1421,0.5,NR,Other,7000,9000,8000
2018-10-09,1421,1.5,NR,Other,7000,8000,7500
2018-10-09,1421,1.5,NR,Other,7000,8000,7500
2018-10-11,1421,0.5,NR,Other,5000,6000,5500
2018-10-11,1421,0.5,NR,Other,5000,6000,5500
2018-10-12,1421,0.4,NR,Other,6000,7000,6500
2018-10-12,1421,0.4,NR,Other,6000,7000,6500
2018-10-13,1421,0.8,NR,Other,6000,7000,6500
2018-10-13,1421,0.8,NR,Other,6000,7000,6500
2018-10-14,1421,0.4,NR,Other,7000,8000,7500
2018-10-14,1421,0.4,NR,Other,7000,8000,7500
2018-10-15,1421,0.5,NR,Other,7500,8500,8000
2018-10-15,1421,0.5,NR,Other,7500,8500,8000
2018-10-16,1421,1.5,NR,Other,6500,7500,7000
2018-10-16,1421,1.5,NR,Other,6500,7500,7000
2018-10-17,1421,0.3,NR,Other,7000,8000,7500
2018-10-17,1421,0.3,NR,Other,7000,8000,7500
2018-10-18,1421,0.5,NR,Other,6000,7000,6500
2018-10-18,1421,0.5,NR,Other,6000,7000,6500
2018-10-19,1421,0.4,NR,Other,4000,5000,4500
2018-10-19,1421,0.4,NR,Other,4000,5000,4500
2018-10-20,1421,0.8,NR,Other,5000,6000,5500
2018-10-20,1421,0.8,NR,Other,5000,6000,5500
2018-10-21,1421,0.6,NR,Other,4500,6000,5000
2018-10-21,1421,0.6,NR,Other,4500,6000,5000
2018-10-22,1421,0.4,NR,Other,4000,5000,4500
2018-10-22,1421,0.4,NR,Other,4000,5000,4500
2018-10-23,1421,2,NR,Other,5000,6000,5500
2018-10-23,1421,2,NR,Other,5000,6000,5500
2018-10-24,1421,0.6,NR,Other,4000,5000,4500
2018-10-24,1421,0.6,NR,Other,4000,5000,4500
2018-10-25,1421,0.4,NR,Other,5000,6000,5500
2018-10-25,1421,0.4,NR,Other,5000,6000,5500
2018-10-26,1421,0.4,NR,Other,4500,5500,5000
2018-10-26,1421,0.4,NR,Other,4500,5500,5000
2018-10-27,1421,3,NR,Other,4000,4500,4200
2018-10-27,1421,3,NR,Other,4000,4500,4200
2018-10-28,1421,0.4,NR,Other,4000,5000,4500
2018-10-28,1421,0.4,NR,Other,4000,5000,4500
2018-10-29,1421,0.5,NR,Other,4000,5000,4500
2018-10-29,1421,0.5,NR,Other,4000,5000,4500
2018-10-29,1486,1,NR,Other,5000,6000,5500
2018-10-29,1486,1,NR,Other,5000,6000,5500
2018-10-30,1421,3,NR,Other,3000,4000,3500
2018-10-30,1421,3,NR,Other,3000,4000,3500
2018-10-31,1421,0.6,NR,Other,3500,4000,3800
2018-10-31,1421,0.6,NR,Other,3500,4000,3800
2018-11-01,1421,0.5,NR, ,0,0,0
2018-11-01,1421,0.5,NR, ,0,0,0
2018-11-02,1421,0.4,NR,Other,3000,4000,3500
2018-11-02,1421,0.4,NR,Other,3000,4000,3500
2018-11-03,1421,1.5,NR,Other,3000,4000,3500
2018-11-03,1421,1.5,NR,Other,3000,4000,3500
2018-11-04,1421,0.4,NR,Other,3500,4500,4000
2018-11-04,1421,0.4,NR,Other,3500,4500,4000
2018-11-05,1421,0.5,NR,Other,3500,4500,4000
2018-11-05,1421,0.5,NR,Other,3500,4500,4000
2018-11-05,1486,1,NR,Other,3200,3500,3400
2018-11-05,1486,1,NR,Other,3200,3500,3400
2018-11-06,1421,1.6,NR,Other,3000,4000,3500
2018-11-06,1421,1.6,NR,Other,3000,4000,3500
2018-11-07,1421,0.5,NR,Other,3500,4200,4000
2018-11-07,1421,0.5,NR,Other,3500,4200,4000
2018-11-08,1421,0.5,NR,Other,3000,4000,3500
2018-11-08,1421,0.5,NR,Other,3000,4000,3500
2018-11-08,1486,1,NR,Other,3000,3500,3200
2018-11-08,1486,1,NR,Other,3000,3500,3200
2018-11-09,1421,0.5,NR,Other,2500,3500,3000
2018-11-09,1421,0.5,NR,Other,2500,3500,3000
2018-11-10,1421,2,NR,Other,3000,3500,3200
2018-11-10,1421,2,NR,Other,3000,3500,3200
2018-11-11,1421,0.8,NR,Other,3000,3500,3200
2018-11-11,1421,0.8,NR,Other,3000,3500,3200
2018-11-12,1421,0.6,NR,Other,3000,4000,3500
2018-11-12,1421,0.6,NR,Other,3000,4000,3500
2018-11-12,1486,1,NR,Other,4000,4500,4200
2018-11-12,1486,1,NR,Other,4000,4500,4200
2018-11-13,1421,1.5,NR,Other,3000,3500,3200
2018-11-13,1421,1.5,NR,Other,3000,3500,3200
2018-11-14,1421,0.6,NR,Other,3000,3500,3200
2018-11-14,1421,0.6,NR,Other,3000,3500,3200
2018-11-15,1421,0.6,NR,Other,3000,3500,3200
2018-11-15,1421,0.6,NR,Other,3000,3500,3200
2018-11-15,1486,1,NR,Other,3500,3700,3600
2018-11-15,1486,1,NR,Other,3500,3700,3600
2018-11-16,1421,0.5,NR,Other,3000,4000,3500
2018-11-16,1421,0.5,NR,Other,3000,4000,3500
2018-11-17,1421,1.2,NR,Other,3000,3500,3200
2018-11-17,1421,1.2,NR,Other,3000,3500,3200
2018-11-18,1421,0.6,NR,Other,2800,3500,3000
2018-11-18,1421,0.6,NR,Other,2800,3500,3000
2018-11-19,1421,0.7,NR,Other,3200,4000,3500
2018-11-19,1421,0.7,NR,Other,3200,4000,3500
2018-11-19,1486,1,NR,Other,3000,3300,3200
2018-11-19,1486,1,NR,Other,3000,3300,3200
2018-11-20,1421,2,NR,Other,3000,4000,3500
2018-11-20,1421,2,NR,Other,3000,4000,3500
2018-11-21,1421,0.6,NR,Other,3000,4000,3500
2018-11-21,1421,0.6,NR,Other,3000,4000,3500
2018-11-22,1421,0.5,NR,Other,3200,4000,3500
2018-11-22,1421,0.5,NR,Other,3200,4000,3500
2018-11-22,1486,1,NR,Other,3200,3500,3300
2018-11-22,1486,1,NR,Other,3200,3500,3300
2018-11-23,1421,0.4,NR,Other,3500,4500,4000
2018-11-23,1421,0.4,NR,Other,3500,4500,4000
2018-11-24,1421,1.2,NR,Other,3000,4000,3500
2018-11-24,1421,1.2,NR,Other,3000,4000,3500
2018-11-25,1421,0.5,NR,Other,3000,4000,3500
2018-11-25,1421,0.5,NR,Other,3000,4000,3500
2018-11-26,1421,0.5,NR,Other,3000,4500,4000
2018-11-26,1421,0.5,NR,Other,3000,4500,4000
2018-11-26,1486,1,NR,Other,3500,3700,3600
2018-11-26,1486,1,NR,Other,3500,3700,3600
2018-11-27,1421,1.6,NR,Other,2800,3500,3000
2018-11-27,1421,1.6,NR,Other,2800,3500,3000
2018-11-28,1421,0.5,NR,Other,2800,3500,3000
2018-11-28,1421,0.5,NR,Other,2800,3500,3000
2018-11-29,1421,0.5,NR,Other,3200,4000,3500
2018-11-29,1421,0.5,NR,Other,3200,4000,3500
2018-11-29,1486,1,NR,Other,3500,3700,3600
2018-11-29,1486,1,NR,Other,3500,3700,3600
2018-11-30,1421,0.5,NR,Other,3000,4000,3500
2018-11-30,1421,0.5,NR,Other,3000,4000,3500
2018-12-01,1421,1.5,NR,Other,3200,4000,3500
2018-12-01,1421,1.5,NR,Other,3200,4000,3500
2018-12-01,1486,1,NR,Other,3500,3800,3700
2018-12-01,1486,1,NR,Other,3500,3800,3700
2018-12-02,1421,0.6,NR,Other,3000,3500,3200
2018-12-02,1421,0.6,NR,Other,3000,3500,3200
2018-12-03,1421,0.6,NR,Other,2800,3500,3000
2018-12-03,1421,0.6,NR,Other,2800,3500,3000
2018-12-03,1486,1,NR,Other,3000,3300,3200
2018-12-03,1486,1,NR,Other,3000,3300,3200
2018-12-04,1421,1.8,NR,Other,3500,4200,4000
2018-12-04,1421,1.8,NR,Other,3500,4200,4000
2018-12-04,1486,1,NR,Other,2500,2800,2700
2018-12-04,1486,1,NR,Other,2500,2800,2700
2018-12-05,1421,0.2,NR,Other,3000,3500,3200
2018-12-05,1421,0.2,NR,Other,3000,3500,3200
2018-12-05,1486,1,NR,Other,3000,3200,3100
2018-12-05,1486,1,NR,Other,3000,3200,3100
2018-12-06,1421,0.4,NR,Other,3000,3500,3200
2018-12-06,1421,0.4,NR,Other,3000,3500,3200
2018-12-06,1486,1,NR,Other,2800,3000,2900
2018-12-06,1486,1,NR,Other,2800,3000,2900
2018-12-07,1421,0.5,NR,Other,3000,3500,3200
2018-12-07,1421,0.5,NR,Other,3000,3500,3200
2018-12-07,1486,1,NR,Other,3200,3500,3300
2018-12-07,1486,1,NR,Other,3200,3500,3300
2018-12-08,1421,2,NR,Other,3000,3500,3200
2018-12-08,1421,2,NR,Other,3000,3500,3200
2018-12-08,1486,1,NR,Other,2800,3000,2900
2018-12-08,1486,1,NR,Other,2800,3000,2900
2018-12-09,1421,0.4,NR,Other,3000,3500,3200
2018-12-09,1421,0.4,NR,Other,3000,3500,3200
2018-12-09,1486,1,NR,Other,3200,3500,3300
2018-12-09,1486,1,NR,Other,3200,3500,3300
2018-12-10,1421,0.3,NR,Other,3000,3500,3200
2018-12-10,1421,0.3,NR,Other,3000,3500,3200
2018-12-11,1421,2.2,NR,Other,2800,3200,3000
2018-12-11,1421,2.2,NR,Other,2800,3200,3000
2018-12-11,1486,1,NR,Other,3000,3200,3100
2018-12-11,1486,1,NR,Other,3000,3200,3100
2018-12-12,1421,0.3,NR,Other,2500,3000,2800
2018-12-12,1421,0.3,NR,Other,2500,3000,2800
2018-12-12,1486,1,NR,Other,2500,3000,2700
2018-12-12,1486,1,NR,Other,2500,3000,2700
2018-12-13,1421,0.6,NR,Other,2000,3000,2500
2018-12-13,1421,0.6,NR,Other,2000,3000,2500
2018-12-13,1486,1,NR,Other,3200,3500,3300
2018-12-13,1486,1,NR,Other,3200,3500,3300
2018-12-14,1421,0.4,NR,Other,2000,2500,2200
2018-12-14,1421,0.4,NR,Other,2000,2500,2200
2018-12-15,1421,3,NR,Other,2000,2500,2200
2018-12-15,1421,3,NR,Other,2000,2500,2200
2018-12-16,1421,0.5,NR,Other,2000,2500,2200
2018-12-16,1421,0.5,NR,Other,2000,2500,2200
2018-12-17,1421,0.6,NR,Other,1500,2000,1800
2018-12-17,1421,0.6,NR,Other,1500,2000,1800
2018-12-17,1486,1,NR,Other,2600,2800,2700
2018-12-17,1486,1,NR,Other,2600,2800,2700
2018-12-18,1421,1.5,NR,Other,1500,2000,1800
2018-12-18,1421,1.5,NR,Other,1500,2000,1800
2018-12-18,1486,1,NR,Other,2300,2500,2400
2018-12-18,1486,1,NR,Other,2300,2500,2400
2018-12-19,1421,0.6,NR,Other,1500,2000,1800
2018-12-19,1421,0.6,NR,Other,1500,2000,1800
2018-12-19,1486,1,NR,Other,3000,3300,3200
2018-12-19,1486,1,NR,Other,3000,3300,3200
2018-12-20,1421,1,NR,Other,1500,1800,1600
2018-12-20,1421,1,NR,Other,1500,1800,1600
2018-12-20,1486,1,NR,Other,2500,2700,2600
2018-12-20,1486,1,NR,Other,2500,2700,2600
2018-12-21,1421,0.6,NR,Other,1800,2500,2000
2018-12-21,1421,0.6,NR,Other,1800,2500,2000
2018-12-21,1486,1,NR,Other,2200,2500,2300
2018-12-21,1486,1,NR,Other,2200,2500,2300
2018-12-22,1421,2,NR,Other,1500,2500,2000
2018-12-22,1421,2,NR,Other,1500,2500,2000
2018-12-22,1486,1,NR,Other,2500,2700,2600
2018-12-22,1486,1,NR,Other,2500,2700,2600
2018-12-23,1421,0.3,NR,Other,2000,3000,2500
2018-12-23,1421,0.3,NR,Other,2000,3000,2500
2018-12-23,1486,1,NR,Other,2400,2600,2500
2018-12-23,1486,1,NR,Other,2400,2600,2500
2018-12-24,1421,0.6,NR,Other,1400,2000,1500
2018-12-24,1421,0.6,NR,Other,1400,2000,1500
2018-12-24,1486,1,NR,Other,2300,2500,2400
2018-12-24,1486,1,NR,Other,2300,2500,2400
2018-12-25,1421,2.5,NR, ,0,0,0
2018-12-25,1421,2.5,NR, ,0,0,0
2018-12-25,1486,1,NR,Other,2500,2700,2600
2018-12-25,1486,1,NR,Other,2500,2700,2600
2018-12-26,1421,0.6,NR, ,0,0,0
2018-12-26,1421,0.6,NR, ,0,0,0
2018-12-26,1486,1,NR,Other,2200,2500,2300
2018-12-26,1486,1,NR,Other,2200,2500,2300
2018-12-27,1421,0.5,NR, ,0,0,0
2018-12-27,1421,0.5,NR, ,0,0,0
2018-12-27,1486,1,NR,Other,2000,2200,2100
2018-12-27,1486,1,NR,Other,2000,2200,2100
2018-12-28,1421,0.7,NR,Other,1200,2000,1500
2018-12-28,1421,0.7,NR,Other,1200,2000,1500
2018-12-28,1486,1,NR,Other,1800,2000,1900
2018-12-28,1486,1,NR,Other,1800,2000,1900
2018-12-29,1421,3,NR, ,0,0,0
2018-12-29,1421,3,NR, ,0,0,0
2018-12-29,1486,1,NR,Other,1800,2000,1900
2018-12-29,1486,1,NR,Other,1800,2000,1900
2018-12-30,1421,0.5,NR,Other,2000,2500,2200
2018-12-30,1421,0.5,NR,Other,2000,2500,2200
2018-12-30,1486,1,NR,Other,1700,1900,1800
2018-12-30,1486,1,NR,Other,1700,1900,1800
2018-12-31,1421,0.6,NR,Other,1800,2500,2000
2018-12-31,1421,0.6,NR,Other,1800,2500,2000
2018-12-31,1486,1,NR,Other,800,900,850
2018-12-31,1486,1,NR,Other,800,900,850
2019-01-01,1421,0.5,NR,Other,1200,2000,1500
2019-01-01,1421,0.5,NR,Other,1200,2000,1500
2019-01-01,1486,1,NR,Other,1600,1800,1700
2019-01-01,1486,1,NR,Other,1600,1800,1700
2019-01-02,1421,0.6,NR,Other,1500,2000,1800
2019-01-02,1421,0.6,NR,Other,1500,2000,1800
2019-01-02,1486,1,NR,Other,1400,1600,1500
2019-01-02,1486,1,NR,Other,1400,1600,1500
2019-01-03,1421,0.5,NR,Other,1500,2000,1800
2019-01-03,1421,0.5,NR,Other,1500,2000,1800
2019-01-03,1486,1,NR,Other,1700,1900,1800
2019-01-03,1486,1,NR,Other,1700,1900,1800
2019-01-04,1421,0.5,NR,Other,1600,2000,1800
2019-01-04,1421,0.5,NR,Other,1600,2000,1800
2019-01-04,1486,1,NR,Other,1500,1600,1550
2019-01-04,1486,1,NR,Other,1500,1600,1550
2019-01-05,1421,2.5,NR,Other,1500,2000,1800
2019-01-05,1421,2.5,NR,Other,1500,2000,1800
2019-01-05,1486,1,NR,Other,1800,2000,1900
2019-01-05,1486,1,NR,Other,1800,2000,1900
2019-01-06,1421,0.5,NR,Other,1500,2500,2000
2019-01-06,1421,0.5,NR,Other,1500,2500,2000
2019-01-06,1486,1,NR,Other,1400,1600,1500
2019-01-06,1486,1,NR,Other,1400,1600,1500
2019-01-07,1421,0.6,NR,Other,1500,2500,2000
2019-01-07,1421,0.6,NR,Other,1500,2500,2000
2019-01-07,1486,1,NR,Other,1400,1600,1500
2019-01-07,1486,1,NR,Other,1400,1600,1500
2019-01-08,1421,1.8,NR,Other,1800,2500,2000
2019-01-08,1421,1.8,NR,Other,1800,2500,2000
2019-01-08,1486,1,NR,Other,1200,1400,1300
2019-01-08,1486,1,NR,Other,1200,1400,1300
2019-01-09,1421,0.6,NR,Other,1500,2500,2000
2019-01-09,1421,0.6,NR,Other,1500,2500,2000
2019-01-10,1421,0.6,NR,Other,1500,2000,1800
2019-01-10,1421,0.6,NR,Other,1500,2000,1800
2019-01-11,1421,0.5,NR,Other,1800,2500,2000
2019-01-11,1421,0.5,NR,Other,1800,2500,2000
2019-01-11,1486,1,NR,Other,1600,1800,1700
2019-01-11,1486,1,NR,Other,1600,1800,1700
2019-01-12,1421,2.5,NR,Other,1200,2000,1400
2019-01-12,1421,2.5,NR,Other,1200,2000,1400
2019-01-12,1486,1,NR,Other,1700,1900,1800
2019-01-12,1486,1,NR,Other,1700,1900,1800
2019-01-13,1421,0.5,NR,Other,1300,2000,1500
2019-01-13,1421,0.5,NR,Other,1300,2000,1500
2019-01-13,1486,1,NR,Other,1800,2000,1900
2019-01-13,1486,1,NR,Other,1800,2000,1900
2019-01-14,1421,0.7,NR,Other,1400,2000,1500
2019-01-14,1421,0.7,NR,Other,1400,2000,1500
2019-01-14,1486,1,NR,Other,1800,1900,1850
2019-01-14,1486,1,NR,Other,1800,1900,1850
2019-01-15,1421,1,NR,Other,1500,2000,1600
2019-01-15,1421,1,NR,Other,1500,2000,1600
2019-01-15,1486,1,NR,Other,1700,1900,1800
2019-01-15,1486,1,NR,Other,1700,1900,1800
2019-01-16,1421,0.7,NR,Other,1500,2000,1800
2019-01-16,1421,0.7,NR,Other,1500,2000,1800
2019-01-16,1486,1,NR,Other,1800,2000,1900
2019-01-16,1486,1,NR,Other,1800,2000,1900
2019-01-17,1421,0.6,NR,Other,1200,2000,1500
2019-01-17,1421,0.6,NR,Other,1200,2000,1500
2019-01-17,1486,1,NR,Other,1700,1900,1800
2019-01-17,1486,1,NR,Other,1700,1900,1800
2019-01-18,1421,0.5,NR,Other,1200,1500,1300
2019-01-18,1421,0.5,NR,Other,1200,1500,1300
2019-01-18,1486,1,NR,Other,1600,1800,1700
2019-01-18,1486,1,NR,Other,1600,1800,1700
2019-01-19,1421,2,NR,Other,900,1200,1000
2019-01-19,1421,2,NR,Other,900,1200,1000
2019-01-19,1486,1,NR,Other,1800,2000,1900
2019-01-19,1486,1,NR,Other,1800,2000,1900
2019-01-20,1421,0.8,NR,Other,700,1000,800
2019-01-20,1421,0.8,NR,Other,700,1000,800
2019-01-20,1486,1,NR,Other,1700,1900,1800
2019-01-20,1486,1,NR,Other,1700,1900,1800
2019-01-21,1421,0.7,NR,Other,800,1000,900
2019-01-21,1421,0.7,NR,Other,800,1000,900
2019-01-21,1486,1,NR,Other,1400,1600,1500
2019-01-21,1486,1,NR,Other,1400,1600,1500
2019-01-22,1421,1.4,NR,Other,800,1000,900
2019-01-22,1421,1.4,NR,Other,800,1000,900
2019-01-22,1486,1,NR,Other,1600,1800,1700
2019-01-22,1486,1,NR,Other,1600,1800,1700
2019-01-23,1421,0.6,NR,Other,1500,2000,1800
2019-01-23,1421,0.6,NR,Other,1500,2000,1800
2019-01-23,1486,1,NR,Other,1400,1500,1450
2019-01-23,1486,1,NR,Other,1400,1500,1450
2019-01-24,1421,0.7,NR,Other,1200,2000,1500
2019-01-24,1421,0.7,NR,Other,1200,2000,1500
2019-01-24,1486,1,NR,Other,1500,1600,1550
2019-01-24,1486,1,NR,Other,1500,1600,1550
2019-01-25,1421,0.6,NR,Other,1200,1500,1300
2019-01-25,1421,0.6,NR,Other,1200,1500,1300
2019-01-25,1486,1,NR,Other,1500,1600,1550
2019-01-25,1486,1,NR,Other,1500,1600,1550
2019-01-26,1421,2,NR,Other,1300,1500,1400
2019-01-26,1421,2,NR,Other,1300,1500,1400
2019-01-26,1486,1,NR,Other,1400,1600,1500
2019-01-26,1486,1,NR,Other,1400,1600,1500
2019-01-27,1421,0.7,NR,Other,1000,1500,1200
2019-01-27,1421,0.7,NR,Other,1000,1500,1200
2019-01-27,1486,1,NR,Other,1200,1400,1300
2019-01-27,1486,1,NR,Other,1200,1400,1300
2019-01-28,1421,0.6,NR,Other,800,1200,1000
2019-01-28,1421,0.6,NR,Other,800,1200,1000
2019-01-29,1421,1.8,NR,Other,800,1200,1000
2019-01-29,1421,1.8,NR,Other,800,1200,1000
2019-01-29,1486,1,NR,Other,1500,1600,1550
2019-01-29,1486,1,NR,Other,1500,1600,1550
2019-01-30,1421,0.5,NR,Other,1000,1500,1200
2019-01-30,1421,0.5,NR,Other,1000,1500,1200
2019-01-30,1486,1,NR,Other,1400,1550,1500
2019-01-30,1486,1,NR,Other,1400,1550,1500
2019-01-31,1421,0.8,NR,Other,800,1200,1000
2019-01-31,1421,0.8,NR,Other,800,1200,1000
2019-01-31,1486,1,NR,Other,1500,1700,1600
2019-01-31,1486,1,NR,Other,1500,1700,1600
2019-02-01,1421,0.7,NR,Other,1400,2000,1500
2019-02-01,1421,0.7,NR,Other,1400,2000,1500
2019-02-01,1486,1,NR,Other,1100,1300,1200
2019-02-01,1486,1,NR,Other,1100,1300,1200
2019-02-02,1421,1.5,NR,Other,1000,1500,1200
2019-02-02,1421,1.5,NR,Other,1000,1500,1200
2019-02-02,1486,1,NR,Other,1300,1500,1400
2019-02-02,1486,1,NR,Other,1300,1500,1400
2019-02-03,1421,0.7,NR,Other,1600,2000,1800
2019-02-03,1421,0.7,NR,Other,1600,2000,1800
2019-02-03,1486,1,NR,Other,1800,2000,1900
2019-02-03,1486,1,NR,Other,1800,2000,1900
2019-02-04,1421,0.5,NR,Other,1500,2000,1800
2019-02-04,1421,0.5,NR,Other,1500,2000,1800
2019-02-04,1486,1,NR,Other,2000,2200,2100
2019-02-04,1486,1,NR,Other,2000,2200,2100
2019-02-05,1421,1.5,NR,Other,2000,2500,2200
2019-02-05,1421,1.5,NR,Other,2000,2500,2200
2019-02-05,1486,1,NR,Other,1800,2000,1900
2019-02-05,1486,1,NR,Other,1800,2000,1900
2019-02-06,1421,0.6,NR,Other,1500,2000,1800
2019-02-06,1421,0.6,NR,Other,1500,2000,1800
2019-02-06,1486,1,NR,Other,1800,2000,1900
2019-02-06,1486,1,NR,Other,1800,2000,1900
2019-02-07,1421,0.5,NR,Other,1800,2500,2000
2019-02-07,1421,0.5,NR,Other,1800,2500,2000
2019-02-07,1486,1,NR,Other,2000,2400,2200
2019-02-07,1486,1,NR,Other,2000,2400,2200
2019-02-08,1421,0.4,NR,Other,2000,3000,2500
2019-02-08,1421,0.4,NR,Other,2000,3000,2500
2019-02-08,1486,1,NR,Other,2000,2300,2200
2019-02-08,1486,1,NR,Other,2000,2300,2200
2019-02-09,1421,1.2,NR,Other,2000,3000,2500
2019-02-09,1421,1.2,NR,Other,2000,3000,2500
2019-02-09,1486,1,NR,Other,1700,1900,1800
2019-02-09,1486,1,NR,Other,1700,1900,1800
2019-02-10,1421,0.4,NR,Other,1800,2500,2000
2019-02-10,1421,0.4,NR,Other,1800,2500,2000
2019-02-10,1486,1,NR,Other,1600,1800,1700
2019-02-10,1486,1,NR,Other,1600,1800,1700
2019-02-11,1421,0.5,NR,Other,2000,3000,2500
2019-02-11,1421,0.5,NR,Other,2000,3000,2500
2019-02-11,1486,1,NR,Other,1800,2000,1900
2019-02-11,1486,1,NR,Other,1800,2000,1900
2019-02-12,1421,1.5,NR,Other,2000,2500,2200
2019-02-12,1421,1.5,NR,Other,2000,2500,2200
2019-02-12,1486,1,NR,Other,1700,1900,1800
2019-02-12,1486,1,NR,Other,1700,1900,1800
2019-02-13,1421,0.6,NR,Other,2000,3000,2500
2019-02-13,1421,0.6,NR,Other,2000,3000,2500
2019-02-13,1486,1,NR,Other,1600,1800,1700
2019-02-13,1486,1,NR,Other,1600,1800,1700
2019-02-14,1421,0.5,NR,Other,1800,2500,2000
2019-02-14,1421,0.5,NR,Other,1800,2500,2000
2019-02-14,1486,1,NR,Other,1700,1900,1800
2019-02-14,1486,1,NR,Other,1700,1900,1800
2019-02-15,1421,0.4,NR,Other,2000,3000,2500
2019-02-15,1421,0.4,NR,Other,2000,3000,2500
2019-02-15,1486,1,NR,Other,2000,2200,2100
2019-02-15,1486,1,NR,Other,2000,2200,2100
2019-02-16,1421,1.5,NR,Other,2000,3000,2500
2019-02-16,1421,1.5,NR,Other,2000,3000,2500
2019-02-16,1486,1,NR,Other,2000,2200,2100
2019-02-16,1486,1,NR,Other,2000,2200,2100
2019-02-17,1421,0.4,NR,Other,2000,3000,2500
2019-02-17,1421,0.4,NR,Other,2000,3000,2500
2019-02-17,1486,1,NR,Other,1600,1800,1700
2019-02-17,1486,1,NR,Other,1600,1800,1700
2019-02-18,1421,0.5,NR,Other,2000,3000,2500
2019-02-18,1421,0.5,NR,Other,2000,3000,2500
2019-02-18,1486,1,NR,Other,1400,1600,1500
2019-02-18,1486,1,NR,Other,1400,1600,1500
2019-02-19,1421,0.8,NR,Other,2000,3000,2500
2019-02-19,1421,0.8,NR,Other,2000,3000,2500
2019-02-19,1486,1,NR,Other,1600,1700,1650
2019-02-19,1486,1,NR,Other,1600,1700,1650
2019-02-20,1421,0.5,NR,Other,2000,3000,2500
2019-02-20,1421,0.5,NR,Other,2000,3000,2500
2019-02-20,1486,1,NR,Other,1800,2000,1900
2019-02-20,1486,1,NR,Other,1800,2000,1900
2019-02-21,1421,0.4,NR,Other,2000,3000,2500
2019-02-21,1421,0.4,NR,Other,2000,3000,2500
2019-02-22,1421,0.4,NR,Other,2000,3000,2500
2019-02-22,1421,0.4,NR,Other,2000,3000,2500
2019-02-23,1421,0.8,NR,Other,2500,3000,2800
2019-02-23,1421,0.8,NR,Other,2500,3000,2800
2019-02-24,1421,0.4,NR,Other,2000,3000,2500
2019-02-24,1421,0.4,NR,Other,2000,3000,2500
2019-02-25,1421,0.5,NR,Other,1800,2500,2000
2019-02-25,1421,0.5,NR,Other,1800,2500,2000
2019-02-26,1421,0.5,NR,Other,2500,3500,3000
2019-02-26,1421,0.5,NR,Other,2500,3500,3000
2019-02-27,1421,0.4,NR,Other,2500,3000,2800
2019-02-27,1421,0.4,NR,Other,2500,3000,2800
2019-02-28,1421,0.3,NR,Other,2500,3500,3000
2019-02-28,1421,0.3,NR,Other,2500,3500,3000
2019-02-28,1486,1,NR,Other,2300,2500,2400
2019-02-28,1486,1,NR,Other,2300,2500,2400
2019-03-01,1421,0.2,NR,Other,2500,3500,3000
2019-03-01,1421,0.2,NR,Other,2500,3500,3000
2019-03-02,1421,0.7,NR,Other,2500,3500,3000
2019-03-02,1421,0.7,NR,Other,2500,3500,3000
2019-03-03,1421,0.4,NR,Other,2500,3500,3000
2019-03-03,1421,0.4,NR,Other,2500,3500,3000
2019-03-04,1421,0.3,NR,Other,2500,3500,3000
2019-03-04,1421,0.3,NR,Other,2500,3500,3000
2019-03-05,1421,0.7,NR,Other,3000,4000,3500
2019-03-05,1421,0.7,NR,Other,3000,4000,3500
2019-03-06,1421,0.3,NR,Other,3000,4000,3500
2019-03-06,1421,0.3,NR,Other,3000,4000,3500
2019-03-07,1421,0.3,NR,Other,3000,4000,3500
2019-03-07,1421,0.3,NR,Other,3000,4000,3500
2019-03-08,1421,0.3,NR,Other,3700,4000,3800
2019-03-08,1421,0.3,NR,Other,3700,4000,3800
2019-03-09,1421,0.5,NR,Other,3000,4000,3500
2019-03-09,1421,0.5,NR,Other,3000,4000,3500
2019-03-10,1421,0.2,NR,Other,3000,4000,3500
2019-03-10,1421,0.2,NR,Other,3000,4000,3500
2019-03-11,1421,0.3,NR,Other,3500,4500,4000
2019-03-11,1421,0.3,NR,Other,3500,4500,4000
2019-03-12,1421,0.4,NR,Other,3500,4500,4000
2019-03-12,1421,0.4,NR,Other,3500,4500,4000
2019-03-13,1421,0.3,NR,Other,3000,4000,3500
2019-03-13,1421,0.3,NR,Other,3000,4000,3500
2019-03-14,1421,0.3,NR,Other,2500,3500,3000
2019-03-14,1421,0.3,NR,Other,2500,3500,3000
2019-03-14,1486,1,NR,Other,2000,2500,2200
2019-03-14,1486,1,NR,Other,2000,2500,2200
2019-03-15,1421,0.2,NR,Other,3000,4000,3500
2019-03-15,1421,0.2,NR,Other,3000,4000,3500
2019-03-16,1421,0.4,NR,Other,3000,4000,3500
2019-03-16,1421,0.4,NR,Other,3000,4000,3500
2019-03-17,1421,0.2,NR,Other,3500,4500,4000
2019-03-17,1421,0.2,NR,Other,3500,4500,4000
2019-03-18,1421,0.2,NR,Other,3500,4500,4000
2019-03-18,1421,0.2,NR,Other,3500,4500,4000
2019-03-19,1421,0.3,NR,Other,3000,4000,3500
2019-03-19,1421,0.3,NR,Other,3000,4000,3500
2019-03-20,1421,0.3,NR,Other,3000,4000,3500
2019-03-20,1421,0.3,NR,Other,3000,4000,3500
2019-03-20,1486,1,NR,Other,2500,2700,2600
2019-03-20,1486,1,NR,Other,2500,2700,2600
2019-03-21,1421,0.2,NR,Other,3500,4500,4000
2019-03-21,1421,0.2,NR,Other,3500,4500,4000
2019-03-22,1421,0.2,NR,Other,3500,4500,4000
2019-03-22,1421,0.2,NR,Other,3500,4500,4000
2019-03-23,1421,0.3,NR,Other,3500,4500,4000
2019-03-23,1421,0.3,NR,Other,3500,4500,4000
2019-03-24,1421,0.2,NR,Other,3500,4500,4000
2019-03-24,1421,0.2,NR,Other,3500,4500,4000
2019-03-25,1421,0.3,NR,Other,3500,4500,4000
2019-03-25,1421,0.3,NR,Other,3500,4500,4000
2019-03-26,1421,0.3,NR,Other,3500,4500,4000
2019-03-26,1421,0.3,NR,Other,3500,4500,4000
2019-03-27,1421,0.2,NR,Other,3500,4200,4000
2019-03-27,1421,0.2,NR,Other,3500,4200,4000
2019-03-29,1421,0.2,NR,Other,3500,4500,4000
2019-03-29,1421,0.2,NR,Other,3500,4500,4000
2019-03-30,1421,0.3,NR,Other,3000,4000,3500
2019-03-30,1421,0.3,NR,Other,3000,4000,3500
2019-03-31,1421,0.2,NR,Other,3000,4000,3500
2019-03-31,1421,0.2,NR,Other,3000,4000,3500
2019-04-01,1421,0.3,NR,Other,3000,4000,3500
2019-04-01,1421,0.3,NR,Other,3000,4000,3500
2019-04-02,1421,0.3,NR,Other,3000,4000,3500
2019-04-02,1421,0.3,NR,Other,3000,4000,3500
2019-04-03,1421,0.2,NR,Other,3500,4500,4000
2019-04-03,1421,0.2,NR,Other,3500,4500,4000
2019-04-04,1421,0.3,NR,Other,3000,4000,3500
2019-04-04,1421,0.3,NR,Other,3000,4000,3500
2019-04-05,1421,0.3,NR,Other,3000,4000,3500
2019-04-05,1421,0.3,NR,Other,3000,4000,3500
2019-04-06,1421,0.2,NR,Other,3000,4000,3500
2019-04-06,1421,0.2,NR,Other,3000,4000,3500
2019-04-07,1421,0.1,NR,Other,3500,4500,4000
2019-04-07,1421,0.1,NR,Other,3500,4500,4000
2019-04-08,1421,0.2,NR,Other,3000,4000,3500
2019-04-08,1421,0.2,NR,Other,3000,4000,3500
2019-04-10,1421,0.2,NR,Other,3500,4500,4000
2019-04-10,1421,0.2,NR,Other,3500,4500,4000
2019-04-16,1421,0.3,NR,Other,3500,4500,4000
2019-04-16,1421,0.3,NR,Other,3500,4500,4000
2019-04-17,1421,0.2,NR,Other,3500,4500,4000
2019-04-17,1421,0.2,NR,Other,3500,4500,4000
2019-09-14,1421,0.2,NR,Other,13000,15000,14000
2019-09-14,1421,0.2,NR,Other,13000,15000,14000
2019-09-17,1421,0.3,NR,Other,12000,14000,13000
2019-09-17,1421,0.3,NR,Other,12000,14000,13000
2019-09-21,1421,0.4,NR,Other,10000,13000,12000
2019-09-21,1421,0.4,NR,Other,10000,13000,12000
2019-09-24,1421,0.3,NR,Other,10000,12000,11000
2019-09-24,1421,0.3,NR,Other,10000,12000,11000
2019-09-28,1421,0.5,NR,Other,9000,12000,10000
2019-09-28,1421,0.5,NR,Other,9000,12000,10000
2019-10-03,1421,0.5,NR,Other,9000,10000,9500
2019-10-03,1421,0.5,NR,Other,9000,10000,9500
2019-10-05,1421,0.5,NR,Other,8000,12000,10000
2019-10-05,1421,0.5,NR,Other,8000,12000,10000
2019-10-08,1421,0.5,NR,Other,10000,13000,12000
2019-10-08,1421,0.5,NR,Other,10000,13000,12000
2019-10-12,1421,0.6,NR,Other,8000,10000,9000
2019-10-12,1421,0.6,NR,Other,8000,10000,9000
2019-10-15,1421,0.7,NR,Other,8000,10000,9000
2019-10-15,1421,0.7,NR,Other,8000,10000,9000
2019-10-19,1421,0.6,NR,Other,10000,12000,11000
2019-10-19,1421,0.6,NR,Other,10000,12000,11000
2019-10-22,1421,0.6,NR,Other,8000,10000,9000
2019-10-22,1421,0.6,NR,Other,8000,10000,9000
2019-10-26,1421,0.7,NR,Other,7500,10000,8000
2019-10-26,1421,0.7,NR,Other,7500,10000,8000
2019-10-29,1421,0.6,NR,Other,6500,8000,7000
2019-10-29,1421,0.6,NR,Other,6500,8000,7000
2019-11-02,1421,0.8,NR,Other,6500,8000,7000
2019-11-02,1421,0.8,NR,Other,6500,8000,7000
2019-11-03,1486,1,NR,Other,6500,7000,6800
2019-11-03,1486,1,NR,Other,6500,7000,6800
2019-11-04,1486,1,NR,Other,6800,7200,7000
2019-11-04,1486,1,NR,Other,6800,7200,7000
2019-11-05,1421,0.8,NR,Other,7000,10000,8000
2019-11-05,1421,0.8,NR,Other,7000,10000,8000
2019-11-05,1486,1,NR,Other,7000,7400,7200
2019-11-05,1486,1,NR,Other,7000,7400,7200
2019-11-06,1486,1,NR,Other,7300,7600,7500
2019-11-06,1486,1,NR,Other,7300,7600,7500
2019-11-07,1486,1,NR, ,0,0,0
2019-11-07,1486,1,NR, ,0,0,0
2019-11-08,1486,1,NR, ,0,0,0
2019-11-08,1486,1,NR, ,0,0,0
2019-11-09,1421,0.8,NR,Other,6500,8000,7000
2019-11-09,1421,0.8,NR,Other,6500,8000,7000
2019-11-09,1486,1,NR,Other,6000,6700,6300
2019-11-09,1486,1,NR,Other,6000,6700,6300
2019-11-10,1486,1,NR,Other,6000,6300,6200
2019-11-10,1486,1,NR,Other,6000,6300,6200
2019-11-11,1486,1,NR,Other,6500,6800,6700
2019-11-11,1486,1,NR,Other,6500,6800,6700
2019-11-12,1421,1,NR,Other,5000,7000,6000
2019-11-12,1421,1,NR,Other,5000,7000,6000
2019-11-12,1486,1,NR,Other,6500,7000,6700
2019-11-12,1486,1,NR,Other,6500,7000,6700
2019-11-13,1486,1,NR,Other,6500,6800,6700
2019-11-13,1486,1,NR,Other,6500,6800,6700
2019-11-14,1486,1,NR,Other,6000,6500,6300
2019-11-14,1486,1,NR,Other,6000,6500,6300
2019-11-15,1486,1,NR,Other,6500,7000,6700
2019-11-15,1486,1,NR,Other,6500,7000,6700
2019-11-16,1486,1,NR,Other,7000,7500,7200
2019-11-16,1486,1,NR,Other,7000,7500,7200
2019-11-17,1421,0.7,NR,Other,6000,7500,7000
2019-11-17,1421,0.7,NR,Other,6000,7500,7000
2019-11-17,1486,1,NR,Other,7000,7500,7200
2019-11-17,1486,1,NR,Other,7000,7500,7200
2019-11-18,1486,1,NR,Other,7000,7500,7200
2019-11-18,1486,1,NR,Other,7000,7500,7200
2019-11-19,1421,1,NR,Other,6000,8000,7000
2019-11-19,1421,1,NR,Other,6000,8000,7000
2019-11-19,1486,1,NR,Other,7000,7500,7200
2019-11-19,1486,1,NR,Other,7000,7500,7200
2019-11-20,1486,1,NR,Other,7000,7800,7500
2019-11-20,1486,1,NR,Other,7000,7800,7500
2019-11-22,1486,1,NR,Other,7000,7500,7300
2019-11-22,1486,1,NR,Other,7000,7500,7300
2019-11-23,1421,0.8,NR,Other,5000,6000,5500
2019-11-23,1421,0.8,NR,Other,5000,6000,5500
2019-11-23,1486,1,NR,Other,7000,7300,7200
2019-11-23,1486,1,NR,Other,7000,7300,7200
2019-11-24,1486,1,NR,Other,6500,6800,6700
2019-11-24,1486,1,NR,Other,6500,6800,6700
2019-11-25,1486,1,NR,Other,6500,7000,6800
2019-11-25,1486,1,NR,Other,6500,7000,6800
2019-11-26,1421,1.5,NR,Other,3000,4500,4000
2019-11-26,1421,1.5,NR,Other,3000,4500,4000
2019-11-26,1486,1,NR,Other,7000,7500,7300
2019-11-26,1486,1,NR,Other,7000,7500,7300
2019-11-27,1486,1,NR,Other,6500,7000,6700
2019-11-27,1486,1,NR,Other,6500,7000,6700
2019-11-29,1486,1,NR,Other,6000,6500,6200
2019-11-29,1486,1,NR,Other,6000,6500,6200
2019-11-30,1421,1.5,NR,Other,3000,4500,4000
2019-11-30,1421,1.5,NR,Other,3000,4500,4000
2019-11-30,1486,1,NR,Other,4200,4500,4300
2019-11-30,1486,1,NR,Other,4200,4500,4300
2019-12-01,1486,1,NR,Other,4500,4700,4600
2019-12-01,1486,1,NR,Other,4500,4700,4600
2019-12-02,1421,0.6,NR,Other,3000,4000,3500
2019-12-02,1421,0.6,NR,Other,3000,4000,3500
2019-12-02,1486,1,NR,Other,4500,4700,4600
2019-12-02,1486,1,NR,Other,4500,4700,4600
2019-12-03,1421,1.5,NR,Other,3000,4500,4000
2019-12-03,1421,1.5,NR,Other,3000,4500,4000
2019-12-03,1486,1,NR,Other,4000,4500,4300
2019-12-03,1486,1,NR,Other,4000,4500,4300
2019-12-04,1421,0.7,NR,Other,3000,4000,3500
2019-12-04,1421,0.7,NR,Other,3000,4000,3500
2019-12-04,1486,1,NR,Other,4000,4300,4200
2019-12-04,1486,1,NR,Other,4000,4300,4200
2019-12-05,1486,1,NR,Other,4000,4500,4200
2019-12-05,1486,1,NR,Other,4000,4500,4200
2019-12-06,1421,0.7,NR, ,0,0,0
2019-12-06,1421,0.7,NR, ,0,0,0
2019-12-06,1486,1,NR,Other,5000,5300,5200
2019-12-06,1486,1,NR,Other,5000,5300,5200
2019-12-07,1421,1.5,NR,Other,3000,4500,4000
2019-12-07,1421,1.5,NR,Other,3000,4500,4000
2019-12-07,1486,1,NR,Other,4000,4200,4100
2019-12-07,1486,1,NR,Other,4000,4200,4100
2019-12-08,1421,0.7,NR,Other,3500,5000,4000
2019-12-08,1421,0.7,NR,Other,3500,5000,4000
2019-12-08,1486,1,NR,Other,4200,4400,4300
2019-12-08,1486,1,NR,Other,4200,4400,4300
2019-12-09,1421,0.8,NR,Other,3500,5000,4000
2019-12-09,1421,0.8,NR,Other,3500,5000,4000
2019-12-09,1486,1,NR,Other,4000,4200,4100
2019-12-09,1486,1,NR,Other,4000,4200,4100
2019-12-10,1421,0.8,NR,Other,4000,5000,4500
2019-12-10,1421,0.8,NR,Other,4000,5000,4500
2019-12-10,1486,1,NR,Other,3500,3800,3600
2019-12-10,1486,1,NR,Other,3500,3800,3600
2019-12-11,1421,0.5,NR,Other,4000,5000,4500
2019-12-11,1421,0.5,NR,Other,4000,5000,4500
2019-12-11,1486,1,NR,Other,3600,3800,3700
2019-12-11,1486,1,NR,Other,3600,3800,3700
2019-12-12,1421,0.7,NR,Other,2500,4000,3000
2019-12-12,1421,0.7,NR,Other,2500,4000,3000
2019-12-12,1486,1,NR,Other,3500,3700,3600
2019-12-12,1486,1,NR,Other,3500,3700,3600
2019-12-13,1421,0.8,NR,Other,2500,3500,3000
2019-12-13,1421,0.8,NR,Other,2500,3500,3000
2019-12-13,1486,1,NR,Other,4000,4200,4100
2019-12-13,1486,1,NR,Other,4000,4200,4100
2019-12-14,1421,1.6,NR,Other,2000,3000,2500
2019-12-14,1421,1.6,NR,Other,2000,3000,2500
2019-12-14,1486,1,NR,Other,3600,3800,3700
2019-12-14,1486,1,NR,Other,3600,3800,3700
2019-12-15,1421,1.5,NR,Other,2000,3000,2500
2019-12-15,1421,1.5,NR,Other,2000,3000,2500
2019-12-15,1486,1,NR,Other,3800,4000,3900
2019-12-15,1486,1,NR,Other,3800,4000,3900
2019-12-16,1421,1.6,NR,Other,1500,2500,2000
2019-12-16,1421,1.6,NR,Other,1500,2500,2000
2019-12-16,1486,1,NR,Other,3800,4000,3900
2019-12-16,1486,1,NR,Other,3800,4000,3900
2019-12-17,1421,1.5,NR,Other,2000,3000,2500
2019-12-17,1421,1.5,NR,Other,2000,3000,2500
2019-12-17,1486,1,NR,Other,2800,3000,2900
2019-12-17,1486,1,NR,Other,2800,3000,2900
2019-12-18,1421,1,NR,Other,2000,3500,3000
2019-12-18,1421,1,NR,Other,2000,3500,3000
2019-12-18,1486,1,NR,Other,2500,2700,2600
2019-12-18,1486,1,NR,Other,2500,2700,2600
2019-12-19,1421,1.4,NR,Other,3500,4200,3900
2019-12-19,1421,1.4,NR,Other,3500,4200,3900
2019-12-19,1486,1,NR,Other,3000,3200,3100
2019-12-19,1486,1,NR,Other,3000,3200,3100
2019-12-20,1421,0.5,NR,Other,3500,4200,3900
2019-12-20,1421,0.5,NR,Other,3500,4200,3900
2019-12-20,1486,1,NR,Other,2600,2800,2700
2019-12-20,1486,1,NR,Other,2600,2800,2700
2019-12-21,1421,1.6,NR,Other,2000,3000,2500
2019-12-21,1421,1.6,NR,Other,2000,3000,2500
2019-12-21,1486,1,NR,Other,2500,2700,2600
2019-12-21,1486,1,NR,Other,2500,2700,2600
2019-12-22,1421,1.2,NR,Other,2000,3000,2500
2019-12-22,1421,1.2,NR,Other,2000,3000,2500
2019-12-22,1486,1,NR,Other,2600,2800,2700
2019-12-22,1486,1,NR,Other,2600,2800,2700
2019-12-23,1421,1.2,NR,Other,2500,3500,3000
2019-12-23,1421,1.2,NR,Other,2500,3500,3000
2019-12-23,1486,1,NR,Other,2600,2800,2700
2019-12-23,1486,1,NR,Other,2600,2800,2700
2019-12-24,1421,1.5,NR,Other,2500,3500,3000
2019-12-24,1421,1.5,NR,Other,2500,3500,3000
2019-12-24,1486,1,NR,Other,2500,2700,2600
2019-12-24,1486,1,NR,Other,2500,2700,2600
2019-12-25,1421,1.2,NR,Other,2500,3500,3000
2019-12-25,1421,1.2,NR,Other,2500,3500,3000
2019-12-25,1486,1,NR,Other,2600,2800,2700
2019-12-25,1486,1,NR,Other,2600,2800,2700
2019-12-26,1421,1,NR,Other,2500,3500,3000
2019-12-26,1421,1,NR,Other,2500,3500,3000
2019-12-26,1486,1,NR,Other,2400,2600,2500
2019-12-26,1486,1,NR,Other,2400,2600,2500
2019-12-27,1421,1.2,NR,Other,2500,3500,3000
2019-12-27,1421,1.2,NR,Other,2500,3500,3000
2019-12-27,1486,1,NR,Other,2600,2800,2700
2019-12-27,1486,1,NR,Other,2600,2800,2700
2019-12-28,1421,1.6,NR,Other,2000,3500,3000
2019-12-28,1421,1.6,NR,Other,2000,3500,3000
2019-12-28,1486,1,NR,Other,1700,1900,1800
2019-12-28,1486,1,NR,Other,1700,1900,1800
2019-12-29,1421,1.2,NR,Other,2000,3500,3000
2019-12-29,1421,1.2,NR,Other,2000,3500,3000
2019-12-29,1486,1,NR,Other,2000,2200,2100
2019-12-29,1486,1,NR,Other,2000,2200,2100
2019-12-30,1421,1,NR,Other,2000,3000,2500
2019-12-30,1421,1,NR,Other,2000,3000,2500
2019-12-30,1486,1,NR,Other,1800,2000,1900
2019-12-30,1486,1,NR,Other,1800,2000,1900
2019-12-31,1421,1.8,NR,Other,2000,3000,2500
2019-12-31,1421,1.8,NR,Other,2000,3000,2500
2019-12-31,1486,1,NR,Other,2000,2200,2100
2019-12-31,1486,1,NR,Other,2000,2200,2100
2020-01-01,1421,0.8,NR,Other,2500,3500,3000
2020-01-01,1421,0.8,NR,Other,2500,3500,3000
2020-01-01,1486,1,NR,Other,2200,2400,2300
2020-01-01,1486,1,NR,Other,2200,2400,2300
2020-01-02,1421,0.7,NR,Other,2500,3500,3000
2020-01-02,1421,0.7,NR,Other,2500,3500,3000
2020-01-02,1486,1,NR,Other,2400,2600,2500
2020-01-02,1486,1,NR,Other,2400,2600,2500
2020-01-03,1421,0.8,NR,Other,2500,3500,3000
2020-01-03,1421,0.8,NR,Other,2500,3500,3000
2020-01-03,1486,1,NR, ,0,0,0
2020-01-03,1486,1,NR, ,0,0,0
2020-01-04,1421,1,NR,Other,2000,3000,2500
2020-01-04,1421,1,NR,Other,2000,3000,2500
2020-01-04,1486,1,NR,Other,2200,2400,2300
2020-01-04,1486,1,NR,Other,2200,2400,2300
2020-01-05,1421,0.8,NR,Other,2000,3000,2500
2020-01-05,1421,0.8,NR,Other,2000,3000,2500
2020-01-05,1486,1,NR,Other,2400,2600,2500
2020-01-05,1486,1,NR,Other,2400,2600,2500
2020-01-06,1421,1,NR,Other,2000,3000,2500
2020-01-06,1421,1,NR,Other,2000,3000,2500
2020-01-06,1486,1,NR,Other,2500,2700,2600
2020-01-06,1486,1,NR,Other,2500,2700,2600
2020-01-07,1421,1.2,NR,Other,2000,3000,2500
2020-01-07,1421,1.2,NR,Other,2000,3000,2500
2020-01-07,1486,1,NR,Other,2000,2200,2100
2020-01-07,1486,1,NR,Other,2000,2200,2100
2020-01-08,1421,1,NR,Other,2000,3000,2500
2020-01-08,1421,1,NR,Other,2000,3000,2500
2020-01-08,1486,1,NR,Other,2500,2800,2600
2020-01-08,1486,1,NR,Other,2500,2800,2600
2020-01-09,1421,1.2,NR,Other,1800,3000,2000
2020-01-09,1421,1.2,NR,Other,1800,3000,2000
2020-01-09,1486,1,NR,Other,2300,2500,2400
2020-01-09,1486,1,NR,Other,2300,2500,2400
2020-01-10,1421,0.8,NR,Other,2000,3000,2500
2020-01-10,1421,0.8,NR,Other,2000,3000,2500
2020-01-10,1486,1,NR,Other,2400,2600,2500
2020-01-10,1486,1,NR,Other,2400,2600,2500
2020-01-11,1421,1.5,NR,Other,2000,3000,2500
2020-01-11,1421,1.5,NR,Other,2000,3000,2500
2020-01-11,1486,1,NR,Other,2000,2200,2100
2020-01-11,1486,1,NR,Other,2000,2200,2100
2020-01-12,1421,1,NR,Other,2000,3000,2500
2020-01-12,1421,1,NR,Other,2000,3000,2500
2020-01-12,1486,1,NR,Other,2200,2400,2300
2020-01-12,1486,1,NR,Other,2200,2400,2300
2020-01-13,1421,1.2,NR,Other,2000,3000,2500
2020-01-13,1421,1.2,NR,Other,2000,3000,2500
2020-01-13,1486,1,NR,Other,2000,2300,2200
2020-01-13,1486,1,NR,Other,2000,2300,2200
2020-01-14,1421,1.6,NR,Other,2500,3500,3000
2020-01-14,1421,1.6,NR,Other,2500,3500,3000
2020-01-14,1486,1,NR,Other,3000,3200,3100
2020-01-14,1486,1,NR,Other,3000,3200,3100
2020-01-15,1421,0.8,NR,Other,2000,3000,2500
2020-01-15,1421,0.8,NR,Other,2000,3000,2500
2020-01-15,1486,1,NR,Other,3200,3400,3300
2020-01-15,1486,1,NR,Other,3200,3400,3300
2020-01-16,1421,1.2,NR,Other,2000,3000,2500
2020-01-16,1421,1.2,NR,Other,2000,3000,2500
2020-01-16,1486,1,NR,Other,2600,2800,2700
2020-01-16,1486,1,NR,Other,2600,2800,2700
2020-01-17,1421,1,NR,Other,2500,3500,3000
2020-01-17,1421,1,NR,Other,2500,3500,3000
2020-01-17,1486,1,NR,Other,3400,3600,3500
2020-01-17,1486,1,NR,Other,3400,3600,3500
2020-01-18,1421,1.5,NR,Other,2000,3000,2500
2020-01-18,1421,1.5,NR,Other,2000,3000,2500
2020-01-18,1486,1,NR,Other,3200,3600,3400
2020-01-18,1486,1,NR,Other,3200,3600,3400
2020-01-19,1421,1.2,NR,Other,2000,3000,2500
2020-01-19,1421,1.2,NR,Other,2000,3000,2500
2020-01-19,1486,1,NR,Other,2800,3200,3000
2020-01-19,1486,1,NR,Other,2800,3200,3000
2020-01-20,1421,1,NR,Other,2000,3000,2500
2020-01-20,1421,1,NR,Other,2000,3000,2500
2020-01-20,1486,1,NR,Other,3300,3500,3400
2020-01-20,1486,1,NR,Other,3300,3500,3400
2020-01-21,1421,1.4,NR,Other,2000,3000,2500
2020-01-21,1421,1.4,NR,Other,2000,3000,2500
2020-01-21,1486,1,NR,Other,2500,2700,2600
2020-01-21,1486,1,NR,Other,2500,2700,2600
2020-01-22,1421,0.8,NR,Other,1500,3000,2000
2020-01-22,1421,0.8,NR,Other,1500,3000,2000
2020-01-22,1486,1,NR,Other,2500,2700,2600
2020-01-22,1486,1,NR,Other,2500,2700,2600
2020-01-23,1421,1,NR,Other,2000,3000,2500
2020-01-23,1421,1,NR,Other,2000,3000,2500
2020-01-23,1486,1,NR,Other,2400,2600,2500
2020-01-23,1486,1,NR,Other,2400,2600,2500
2020-01-24,1421,1,NR,Other,1500,3000,2000
2020-01-24,1421,1,NR,Other,1500,3000,2000
2020-01-24,1486,1,NR,Other,2500,2700,2600
2020-01-24,1486,1,NR,Other,2500,2700,2600
2020-01-25,1421,0.8,NR,Other,2500,3500,3000
2020-01-25,1421,0.8,NR,Other,2500,3500,3000
2020-01-25,1486,1,NR,Other,2600,2800,2700
2020-01-25,1486,1,NR,Other,2600,2800,2700
2020-01-26,1421,1.6,NR,Other,2500,3500,3000
2020-01-26,1421,1.6,NR,Other,2500,3500,3000
2020-01-27,1421,1.2,NR,Other,1500,3000,2000
2020-01-27,1421,1.2,NR,Other,1500,3000,2000
2020-01-27,1486,1,NR,Other,2800,3000,2900
2020-01-27,1486,1,NR,Other,2800,3000,2900
2020-01-28,1421,1.8,NR,Other,2000,3000,2500
2020-01-28,1421,1.8,NR,Other,2000,3000,2500
2020-01-28,1486,1,NR,Other,2700,3000,2800
2020-01-28,1486,1,NR,Other,2700,3000,2800
2020-01-29,1421,1.5,NR,Other,2500,3500,3000
2020-01-29,1421,1.5,NR,Other,2500,3500,3000
2020-01-29,1486,1,NR,Other,3000,3200,3100
2020-01-29,1486,1,NR,Other,3000,3200,3100
2020-01-30,1421,1.2,NR,Other,2500,4000,3000
2020-01-30,1421,1.2,NR,Other,2500,4000,3000
2020-01-30,1486,1,NR,Other,3400,3600,3500
2020-01-30,1486,1,NR,Other,3400,3600,3500
2020-01-31,1421,0.8,NR,Other,2500,3500,3000
2020-01-31,1421,0.8,NR,Other,2500,3500,3000
2020-01-31,1486,1,NR,Other,3200,3500,3300
2020-01-31,1486,1,NR,Other,3200,3500,3300
2020-02-01,1421,1.2,NR,Other,2500,3500,3000
2020-02-01,1421,1.2,NR,Other,2500,3500,3000
2020-02-01,1486,1,NR,Other,3200,3500,3400
2020-02-01,1486,1,NR,Other,3200,3500,3400
2020-02-02,1421,1,NR,Other,2500,3500,3000
2020-02-02,1421,1,NR,Other,2500,3500,3000
2020-02-02,1486,1,NR,Other,2800,3200,3000
2020-02-02,1486,1,NR,Other,2800,3200,3000
2020-02-03,1421,1.2,NR,Other,2500,3500,3000
2020-02-03,1421,1.2,NR,Other,2500,3500,3000
2020-02-03,1486,1,NR,Other,2800,3000,2900
2020-02-03,1486,1,NR,Other,2800,3000,2900
2020-02-04,1421,1.8,NR,Other,2500,3500,3000
2020-02-04,1421,1.8,NR,Other,2500,3500,3000
2020-02-04,1486,1,NR,Other,3000,3200,3100
2020-02-04,1486,1,NR,Other,3000,3200,3100
2020-02-05,1421,1,NR,Other,2500,3500,3000
2020-02-05,1421,1,NR,Other,2500,3500,3000
2020-02-06,1486,1,NR,Other,3000,3200,3100
2020-02-06,1486,1,NR,Other,3000,3200,3100
2020-02-07,1421,1.5,NR,Other,2000,3000,2500
2020-02-07,1421,1.5,NR,Other,2000,3000,2500
2020-02-07,1486,1,NR,Other,3000,3300,3200
2020-02-07,1486,1,NR,Other,3000,3300,3200
2020-02-08,1421,1.8,NR,Other,2500,3500,3000
2020-02-08,1421,1.8,NR,Other,2500,3500,3000
2020-02-08,1486,1,NR,Other,2000,2300,2100
2020-02-08,1486,1,NR,Other,2000,2300,2100
2020-02-09,1421,1.2,NR,Other,2500,3500,3000
2020-02-09,1421,1.2,NR,Other,2500,3500,3000
2020-02-09,1486,1,NR,Other,2200,2400,2300
2020-02-09,1486,1,NR,Other,2200,2400,2300
2020-02-10,1421,1.4,NR,Other,2000,3500,3000
2020-02-10,1421,1.4,NR,Other,2000,3500,3000
2020-02-11,1421,1.5,NR,Other,2500,3500,3000
2020-02-11,1421,1.5,NR,Other,2500,3500,3000
2020-02-11,1486,1,NR,Other,2500,2800,2700
2020-02-11,1486,1,NR,Other,2500,2800,2700
2020-02-12,1421,1,NR,Other,2000,3500,3000
2020-02-12,1421,1,NR,Other,2000,3500,3000
2020-02-12,1486,1,NR,Other,3000,3200,3100
2020-02-12,1486,1,NR,Other,3000,3200,3100
2020-02-13,1421,1.5,NR,Other,2000,3000,2500
2020-02-13,1421,1.5,NR,Other,2000,3000,2500
2020-02-13,1486,1,NR,Other,3200,3400,3300
2020-02-13,1486,1,NR,Other,3200,3400,3300
2020-02-14,1421,1,NR,Other,2000,3500,3000
2020-02-14,1421,1,NR,Other,2000,3500,3000
2020-02-14,1486,1,NR,Other,2800,3000,2900
2020-02-14,1486,1,NR,Other,2800,3000,2900
2020-02-15,1421,1.8,NR,Other,2500,3500,3000
2020-02-15,1421,1.8,NR,Other,2500,3500,3000
2020-02-15,1486,1,NR,Other,2300,2500,2400
2020-02-15,1486,1,NR,Other,2300,2500,2400
2020-02-16,1421,1,NR,Other,2500,3500,3000
2020-02-16,1421,1,NR,Other,2500,3500,3000
2020-02-16,1486,1,NR,Other,2800,3000,2900
2020-02-16,1486,1,NR,Other,2800,3000,2900
2020-02-17,1421,1.2,NR,Other,2500,3500,3000
2020-02-17,1421,1.2,NR,Other,2500,3500,3000
2020-02-17,1486,1,NR,Other,2600,2800,2700
2020-02-17,1486,1,NR,Other,2600,2800,2700
2020-02-18,1421,1.8,NR,Other,2500,3500,3000
2020-02-18,1421,1.8,NR,Other,2500,3500,3000
2020-02-18,1486,1,NR,Other,2800,3000,2900
2020-02-18,1486,1,NR,Other,2800,3000,2900
2020-02-19,1421,0.8,NR,Other,2500,3500,3000
2020-02-19,1421,0.8,NR,Other,2500,3500,3000
2020-02-19,1486,1,NR,Other,2600,2800,2700
2020-02-19,1486,1,NR,Other,2600,2800,2700
2020-02-20,1421,1.2,NR,Other,2000,3000,2500
2020-02-20,1421,1.2,NR,Other,2000,3000,2500
2020-02-20,1486,1,NR,Other,2400,2600,2500
2020-02-20,1486,1,NR,Other,2400,2600,2500
2020-02-21,1421,1,NR,Other,2000,3000,2500
2020-02-21,1421,1,NR,Other,2000,3000,2500
2020-02-21,1486,1,NR,Other,2500,2700,2600
2020-02-21,1486,1,NR,Other,2500,2700,2600
2020-02-22,1421,1.8,NR,Other,2000,3000,2500
2020-02-22,1421,1.8,NR,Other,2000,3000,2500
2020-02-22,1486,1,NR,Other,2800,3000,2900
2020-02-22,1486,1,NR,Other,2800,3000,2900
2020-02-23,1421,1.4,NR,Other,2000,3000,2500
2020-02-23,1421,1.4,NR,Other,2000,3000,2500
2020-02-23,1486,1,NR,Other,2700,3000,2800
2020-02-23,1486,1,NR,Other,2700,3000,2800
2020-02-24,1421,1.2,NR,Other,2000,3500,3000
2020-02-24,1421,1.2,NR,Other,2000,3500,3000
2020-02-24,1486,1,NR,Other,3000,3200,3100
2020-02-24,1486,1,NR,Other,3000,3200,3100
2020-02-25,1421,2,NR,Other,2000,3000,2500
2020-02-25,1421,2,NR,Other,2000,3000,2500
2020-02-25,1486,1,NR,Other,2700,2900,2800
2020-02-25,1486,1,NR,Other,2700,2900,2800
2020-02-26,1421,1,NR,Other,2500,3500,3000
2020-02-26,1421,1,NR,Other,2500,3500,3000
2020-02-26,1486,1,NR,Other,2800,3000,2900
2020-02-26,1486,1,NR,Other,2800,3000,2900
2020-02-27,1421,1.2,NR,Other,2500,3500,3000
2020-02-27,1421,1.2,NR,Other,2500,3500,3000
2020-02-27,1486,1,NR,Other,3000,3200,3100
2020-02-27,1486,1,NR,Other,3000,3200,3100
2020-02-28,1421,1,NR,Other,2500,3500,3000
2020-02-28,1421,1,NR,Other,2500,3500,3000
2020-02-28,1486,1,NR,Other,3000,3200,3100
2020-02-28,1486,1,NR,Other,3000,3200,3100
2020-02-29,1421,2,NR,Other,2000,3000,2500
2020-02-29,1421,2,NR,Other,2000,3000,2500
2020-02-29,1486,1,NR,Other,3200,3500,3400
2020-02-29,1486,1,NR,Other,3200,3500,3400
2020-03-01,1421,1,NR,Other,2000,3000,2500
2020-03-01,1421,1,NR,Other,2000,3000,2500
2020-03-01,1486,1,NR,Other,3000,3400,3200
2020-03-01,1486,1,NR,Other,3000,3400,3200
2020-03-02,1421,1,NR,Other,2000,3000,2500
2020-03-02,1421,1,NR,Other,2000,3000,2500
2020-03-02,1486,1,NR,Other,3200,3400,3300
2020-03-02,1486,1,NR,Other,3200,3400,3300
2020-03-03,1421,1.5,NR,Other,2000,3000,2500
2020-03-03,1421,1.5,NR,Other,2000,3000,2500
2020-03-03,1486,1,NR,Other,2600,2800,2700
2020-03-03,1486,1,NR,Other,2600,2800,2700
2020-03-04,1421,0.8,NR,Other,2000,3000,2500
2020-03-04,1421,0.8,NR,Other,2000,3000,2500
2020-03-04,1486,1,NR,Other,2500,2700,2600
2020-03-04,1486,1,NR,Other,2500,2700,2600
2020-03-05,1421,0.8,NR,Other,2000,3000,2500
2020-03-05,1421,0.8,NR,Other,2000,3000,2500
2020-03-05,1486,1,NR,Other,2500,2700,2600
2020-03-05,1486,1,NR,Other,2500,2700,2600
2020-03-06,1421,0.7,NR,Other,2000,3000,2500
2020-03-06,1421,0.7,NR,Other,2000,3000,2500
2020-03-06,1486,1,NR,Other,2200,2400,2300
2020-03-06,1486,1,NR,Other,2200,2400,2300
2020-03-07,1421,1.5,NR,Other,2000,3000,2500
2020-03-07,1421,1.5,NR,Other,2000,3000,2500
2020-03-08,1421,0.8,NR,Other,2000,3000,2500
2020-03-08,1421,0.8,NR,Other,2000,3000,2500
2020-03-08,1486,1,NR,Other,2400,2600,2500
2020-03-08,1486,1,NR,Other,2400,2600,2500
2020-03-09,1421,0.8,NR,Other,2000,3000,2500
2020-03-09,1421,0.8,NR,Other,2000,3000,2500
2020-03-09,1486,1,NR,Other,2500,2700,2600
2020-03-09,1486,1,NR,Other,2500,2700,2600
2020-03-10,1421,0.7,NR,Other,2000,3000,2500
2020-03-10,1421,0.7,NR,Other,2000,3000,2500
2020-03-10,1486,1,NR,Other,2500,2700,2600
2020-03-10,1486,1,NR,Other,2500,2700,2600
2020-03-11,1421,0.6,NR,Other,2000,3000,2500
2020-03-11,1421,0.6,NR,Other,2000,3000,2500
2020-03-12,1421,0.6,NR,Other,2500,3500,3000
2020-03-12,1421,0.6,NR,Other,2500,3500,3000
2020-03-13,1421,0.5,NR,Other,3000,4000,3500
2020-03-13,1421,0.5,NR,Other,3000,4000,3500
2020-03-14,1421,0.8,NR,Other,2500,3500,3000
2020-03-14,1421,0.8,NR,Other,2500,3500,3000
2020-03-15,1421,0.5,NR,Other,2500,4000,3000
2020-03-15,1421,0.5,NR,Other,2500,4000,3000
2020-03-16,1421,0.4,NR,Other,2500,4000,3000
2020-03-16,1421,0.4,NR,Other,2500,4000,3000
2020-03-16,1486,1,NR,Other,2500,2700,2600
2020-03-16,1486,1,NR,Other,2500,2700,2600
2020-03-17,1421,0.6,NR,Other,2500,3500,3000
2020-03-17,1421,0.6,NR,Other,2500,3500,3000
2020-03-18,1421,0.4,NR,Other,2500,3500,3000
2020-03-18,1421,0.4,NR,Other,2500,3500,3000
2020-03-18,1486,1,NR,Other,2500,2800,2700
2020-03-18,1486,1,NR,Other,2500,2800,2700
2020-03-19,1421,0.4,NR,Other,2500,3500,3000
2020-03-19,1421,0.4,NR,Other,2500,3500,3000
2020-03-19,1486,1,NR,Other,2500,2700,2600
2020-03-19,1486,1,NR,Other,2500,2700,2600
2020-03-20,1421,0.3,NR,Other,2500,3500,3000
2020-03-20,1421,0.3,NR,Other,2500,3500,3000
2020-03-20,1486,1,NR,Other,2200,2500,2300
2020-03-20,1486,1,NR,Other,2200,2500,2300
2020-03-21,1421,0.4,NR,Other,1500,2500,2000
2020-03-21,1421,0.4,NR,Other,1500,2500,2000
2020-03-21,1486,1,NR,Other,2300,2500,2400
2020-03-21,1486,1,NR,Other,2300,2500,2400
2020-03-22,1421,0.2,NR,Other,2500,3500,3000
2020-03-22,1421,0.2,NR,Other,2500,3500,3000
2020-03-22,1486,1,NR,Other,2100,2300,2200
2020-03-22,1486,1,NR,Other,2100,2300,2200
2020-03-23,1421,0.2,NR,Other,2500,3500,3000
2020-03-23,1421,0.2,NR,Other,2500,3500,3000
2020-03-23,1486,1,NR,Other,2000,2500,2200
2020-03-23,1486,1,NR,Other,2000,2500,2200
2020-03-24,1486,1,NR,Other,2200,2500,2400
2020-03-24,1486,1,NR,Other,2200,2500,2400
2020-03-25,1486,1,NR,Other,2500,2800,2700
2020-03-25,1486,1,NR,Other,2500,2800,2700
2020-03-26,1486,1,NR,Other,3200,3500,3300
2020-03-26,1486,1,NR,Other,3200,3500,3300
2020-03-27,1421,0.1,NR,Other,1500,3000,2000
2020-03-27,1421,0.1,NR,Other,1500,3000,2000
2020-03-27,1486,1,NR,Other,3000,3200,3100
2020-03-27,1486,1,NR,Other,3000,3200,3100
2020-03-28,1486,1,NR,Other,2200,2500,2400
2020-03-28,1486,1,NR,Other,2200,2500,2400
2020-03-30,1421,0.3,NR,Other,1500,3000,2000
2020-03-30,1421,0.3,NR,Other,1500,3000,2000
2020-03-30,1486,1,NR,Other,2500,2800,2700
2020-03-30,1486,1,NR,Other,2500,2800,2700
2020-03-31,1421,0.4,NR,Other,2000,3000,2500
2020-03-31,1421,0.4,NR,Other,2000,3000,2500
2020-03-31,1486,1,NR,Other,2800,3000,2900
2020-03-31,1486,1,NR,Other,2800,3000,2900
2020-04-01,1421,0.4,NR,Other,2000,3000,2500
2020-04-01,1421,0.4,NR,Other,2000,3000,2500
2020-04-01,1486,1,NR,Other,2500,2800,2700
2020-04-01,1486,1,NR,Other,2500,2800,2700
2020-04-02,1421,0.2,NR,Other,2000,3000,2500
2020-04-02,1421,0.2,NR,Other,2000,3000,2500
2020-04-03,1421,0.5,NR,Other,1200,2000,1500
2020-04-03,1421,0.5,NR,Other,1200,2000,1500
2020-04-03,1486,1,NR,Other,2500,2800,2700
2020-04-03,1486,1,NR,Other,2500,2800,2700
2020-04-04,1421,0.3,NR,Other,1500,2500,2000
2020-04-04,1421,0.3,NR,Other,1500,2500,2000
2020-04-04,1486,1,NR,Other,2400,2600,2500
2020-04-04,1486,1,NR,Other,2400,2600,2500
2020-04-05,1421,0.2,NR,Other,2000,3000,2500
2020-04-05,1421,0.2,NR,Other,2000,3000,2500
2020-04-05,1486,1,NR,Other,2500,2700,2600
2020-04-05,1486,1,NR,Other,2500,2700,2600
2020-04-06,1421,0.1,NR,Other,2000,3000,2500
2020-04-06,1421,0.1,NR,Other,2000,3000,2500
2020-04-07,1486,1,NR,Other,2700,2900,2800
2020-04-07,1486,1,NR,Other,2700,2900,2800
2020-04-08,1421,0.2,NR,Other,2000,3000,2500
2020-04-08,1421,0.2,NR,Other,2000,3000,2500
2020-04-09,1421,0.1,NR,Other,2000,3000,2500
2020-04-09,1421,0.1,NR,Other,2000,3000,2500
2020-04-10,1421,0.1,NR,Other,1500,2500,2000
2020-04-10,1421,0.1,NR,Other,1500,2500,2000
2020-04-11,1421,0.1,NR,Other,2000,3000,2500
2020-04-11,1421,0.1,NR,Other,2000,3000,2500
2020-04-12,1421,0.1,NR,Other,2000,3000,2500
2020-04-12,1421,0.1,NR,Other,2000,3000,2500
