2018-01-02,1045,309.9,NR,Bulb,6858,7575,7323
2018-01-02,1045,309.9,NR,Bulb,6858,7575,7323
2018-01-02,1045,309.9,NR,Bulb,6858,7575,7323
2018-01-02,1045,309.9,NR,Bulb,6858,7575,7323
2018-01-02,1045,309.9,NR,Finger,6812,7926,7727
2018-01-02,1045,309.9,NR,Finger,6812,7926,7727
2018-01-02,1045,309.9,NR,Finger,6812,7926,7727
2018-01-02,1045,309.9,NR,Finger,6812,7926,7727
2018-01-03,1045,169.2,NR,Bulb,6800,7519,7469
2018-01-03,1045,169.2,NR,Bulb,6800,7519,7469
2018-01-03,1045,169.2,NR,Bulb,6800,7519,7469
2018-01-03,1045,169.2,NR,Bulb,6800,7519,7469
2018-01-03,1045,169.2,NR,Finger,5500,7822,7650
2018-01-03,1045,169.2,NR,Finger,5500,7822,7650
2018-01-03,1045,169.2,NR,Finger,5500,7822,7650
2018-01-03,1045,169.2,NR,Finger,5500,7822,7650
2018-01-03,398,0.2,NR,Bulb,6005,6005,6005
2018-01-03,398,0.2,NR,Bulb,6005,6005,6005
2018-01-03,398,0.2,NR,Bulb,6005,6005,6005
2018-01-03,398,0.2,NR,Bulb,6005,6005,6005
2018-01-03,398,0.2,NR,Finger,6005,6005,6005
2018-01-03,398,0.2,NR,Finger,6005,6005,6005
2018-01-03,398,0.2,NR,Finger,6005,6005,6005
2018-01-03,398,0.2,NR,Finger,6005,6005,6005
2018-01-04,1045,186.9,NR,Bulb,5806,7636,7439
2018-01-04,1045,186.9,NR,Bulb,5806,7636,7439
2018-01-04,1045,186.9,NR,Bulb,5806,7636,7439
2018-01-04,1045,186.9,NR,Bulb,5806,7636,7439
2018-01-04,1045,186.9,NR,Finger,6021,8302,7554
2018-01-04,1045,186.9,NR,Finger,6021,8302,7554
2018-01-04,1045,186.9,NR,Finger,6021,8302,7554
2018-01-04,1045,186.9,NR,Finger,6021,8302,7554
2018-01-04,1368,1.62,NR,Turmeric Round,7051,7051,7051
2018-01-04,1368,1.62,NR,Turmeric Round,7051,7051,7051
2018-01-04,1368,1.62,NR,Turmeric Round,7051,7051,7051
2018-01-04,1368,1.62,NR,Turmeric Round,7051,7051,7051
2018-01-04,1368,1.62,NR,Turmeric Stick,4700,7051,4700
2018-01-04,1368,1.62,NR,Turmeric Stick,4700,7051,4700
2018-01-04,1368,1.62,NR,Turmeric Stick,4700,7051,4700
2018-01-04,1368,1.62,NR,Turmeric Stick,4700,7051,4700
2018-01-05,1045,199.8,NR,Bulb,506,7603,7250
2018-01-05,1045,199.8,NR,Bulb,506,7603,7250
2018-01-05,1045,199.8,NR,Bulb,506,7603,7250
2018-01-05,1045,199.8,NR,Bulb,506,7603,7250
2018-01-05,1045,199.8,NR,Finger,6006,8065,7445
2018-01-05,1045,199.8,NR,Finger,6006,8065,7445
2018-01-05,1045,199.8,NR,Finger,6006,8065,7445
2018-01-05,1045,199.8,NR,Finger,6006,8065,7445
2018-01-05,1368,24.48,NR,Turmeric Round,6600,7100,6600
2018-01-05,1368,24.48,NR,Turmeric Round,6600,7100,6600
2018-01-05,1368,24.48,NR,Turmeric Round,6600,7100,6600
2018-01-05,1368,24.48,NR,Turmeric Round,6600,7100,6600
2018-01-05,1368,24.48,NR,Turmeric Stick,6600,7100,6600
2018-01-05,1368,24.48,NR,Turmeric Stick,6600,7100,6600
2018-01-05,1368,24.48,NR,Turmeric Stick,6600,7100,6600
2018-01-05,1368,24.48,NR,Turmeric Stick,6600,7100,6600
2018-01-08,1045,250.1,NR,Bulb,6225,7127,7106
2018-01-08,1045,250.1,NR,Bulb,6225,7127,7106
2018-01-08,1045,250.1,NR,Bulb,6225,7127,7106
2018-01-08,1045,250.1,NR,Bulb,6225,7127,7106
2018-01-08,1045,250.1,NR,Finger,7050,7865,7456
2018-01-08,1045,250.1,NR,Finger,7050,7865,7456
2018-01-08,1045,250.1,NR,Finger,7050,7865,7456
2018-01-08,1045,250.1,NR,Finger,7050,7865,7456
2018-01-08,1368,28.08,NR,Turmeric Round,7032,7211,7038
2018-01-08,1368,28.08,NR,Turmeric Round,7032,7211,7038
2018-01-08,1368,28.08,NR,Turmeric Round,7032,7211,7038
2018-01-08,1368,28.08,NR,Turmeric Round,7032,7211,7038
2018-01-08,1368,28.08,NR,Turmeric Stick,6448,7155,7055
2018-01-08,1368,28.08,NR,Turmeric Stick,6448,7155,7055
2018-01-08,1368,28.08,NR,Turmeric Stick,6448,7155,7055
2018-01-08,1368,28.08,NR,Turmeric Stick,6448,7155,7055
2018-01-09,1045,105.3,NR,Bulb,5000,7612,6736
2018-01-09,1045,105.3,NR,Bulb,5000,7612,6736
2018-01-09,1045,105.3,NR,Bulb,5000,7612,6736
2018-01-09,1045,105.3,NR,Bulb,5000,7612,6736
2018-01-09,1045,105.3,NR,Finger,4006,7916,7225
2018-01-09,1045,105.3,NR,Finger,4006,7916,7225
2018-01-09,1045,105.3,NR,Finger,4006,7916,7225
2018-01-09,1045,105.3,NR,Finger,4006,7916,7225
2018-01-10,1045,98.1,NR,Bulb,6006,7647,7116
2018-01-10,1045,98.1,NR,Bulb,6006,7647,7116
2018-01-10,1045,98.1,NR,Bulb,6006,7647,7116
2018-01-10,1045,98.1,NR,Bulb,6006,7647,7116
2018-01-10,1045,98.1,NR,Finger,6206,7929,7347
2018-01-10,1045,98.1,NR,Finger,6206,7929,7347
2018-01-10,1045,98.1,NR,Finger,6206,7929,7347
2018-01-10,1045,98.1,NR,Finger,6206,7929,7347
2018-01-11,1045,108.7,NR,Bulb,4306,7313,6711
2018-01-11,1045,108.7,NR,Bulb,4306,7313,6711
2018-01-11,1045,108.7,NR,Bulb,4306,7313,6711
2018-01-11,1045,108.7,NR,Bulb,4306,7313,6711
2018-01-11,1045,108.7,NR,Finger,5906,7679,7365
2018-01-11,1045,108.7,NR,Finger,5906,7679,7365
2018-01-11,1045,108.7,NR,Finger,5906,7679,7365
2018-01-11,1045,108.7,NR,Finger,5906,7679,7365
2018-01-11,1368,17.85,NR,Turmeric Round,5800,7128,5800
2018-01-11,1368,17.85,NR,Turmeric Round,5800,7128,5800
2018-01-11,1368,17.85,NR,Turmeric Round,5800,7128,5800
2018-01-11,1368,17.85,NR,Turmeric Round,5800,7128,5800
2018-01-11,1368,17.85,NR,Turmeric,5800,6969,5800
2018-01-11,1368,17.85,NR,Turmeric,5800,6969,5800
2018-01-11,1368,17.85,NR,Turmeric,5800,6969,5800
2018-01-11,1368,17.85,NR,Turmeric,5800,6969,5800
2018-01-12,1045,120.4,NR,Bulb,6606,7606,6851
2018-01-12,1045,120.4,NR,Bulb,6606,7606,6851
2018-01-12,1045,120.4,NR,Bulb,6606,7606,6851
2018-01-12,1045,120.4,NR,Bulb,6606,7606,6851
2018-01-12,1045,120.4,NR,Finger,6363,8015,7301
2018-01-12,1045,120.4,NR,Finger,6363,8015,7301
2018-01-12,1045,120.4,NR,Finger,6363,8015,7301
2018-01-12,1045,120.4,NR,Finger,6363,8015,7301
2018-01-17,1045,286.3,NR,Bulb,4200,7044,6344
2018-01-17,1045,286.3,NR,Bulb,4200,7044,6344
2018-01-17,1045,286.3,NR,Bulb,4200,7044,6344
2018-01-17,1045,286.3,NR,Bulb,4200,7044,6344
2018-01-17,1045,286.3,NR,Finger,4228,7471,6850
2018-01-17,1045,286.3,NR,Finger,4228,7471,6850
2018-01-17,1045,286.3,NR,Finger,4228,7471,6850
2018-01-17,1045,286.3,NR,Finger,4228,7471,6850
2018-01-17,398,1.1,NR,Bulb,6619,6619,6619
2018-01-17,398,1.1,NR,Bulb,6619,6619,6619
2018-01-17,398,1.1,NR,Bulb,6619,6619,6619
2018-01-17,398,1.1,NR,Bulb,6619,6619,6619
2018-01-17,398,1.1,NR,Finger,6650,6899,6766
2018-01-17,398,1.1,NR,Finger,6650,6899,6766
2018-01-17,398,1.1,NR,Finger,6650,6899,6766
2018-01-17,398,1.1,NR,Finger,6650,6899,6766
2018-01-18,1045,272.5,NR,Bulb,4028,6668,5650
2018-01-18,1045,272.5,NR,Bulb,4028,6668,5650
2018-01-18,1045,272.5,NR,Bulb,4028,6668,5650
2018-01-18,1045,272.5,NR,Bulb,4028,6668,5650
2018-01-18,1045,272.5,NR,Finger,4428,7700,6625
2018-01-18,1045,272.5,NR,Finger,4428,7700,6625
2018-01-18,1045,272.5,NR,Finger,4428,7700,6625
2018-01-18,1045,272.5,NR,Finger,4428,7700,6625
2018-01-18,1368,1.4,NR,Turmeric,7191,7191,7191
2018-01-18,1368,1.4,NR,Turmeric,7191,7191,7191
2018-01-18,1368,1.4,NR,Turmeric,7191,7191,7191
2018-01-18,1368,1.4,NR,Turmeric,7191,7191,7191
2018-01-19,1045,334.2,NR,Bulb,4110,7144,5855
2018-01-19,1045,334.2,NR,Bulb,4110,7144,5855
2018-01-19,1045,334.2,NR,Bulb,4110,7144,5855
2018-01-19,1045,334.2,NR,Bulb,4110,7144,5855
2018-01-19,1045,334.2,NR,Finger,4200,7647,6660
2018-01-19,1045,334.2,NR,Finger,4200,7647,6660
2018-01-19,1045,334.2,NR,Finger,4200,7647,6660
2018-01-19,1045,334.2,NR,Finger,4200,7647,6660
2018-01-22,1045,520.6,NR,Bulb,4111,6919,5828
2018-01-22,1045,520.6,NR,Bulb,4111,6919,5828
2018-01-22,1045,520.6,NR,Bulb,4111,6919,5828
2018-01-22,1045,520.6,NR,Bulb,4111,6919,5828
2018-01-22,1045,520.6,NR,Finger,4250,7650,6880
2018-01-22,1045,520.6,NR,Finger,4250,7650,6880
2018-01-22,1045,520.6,NR,Finger,4250,7650,6880
2018-01-22,1045,520.6,NR,Finger,4250,7650,6880
2018-01-22,1368,0.95,NR,Turmeric Round,6839,6839,6839
2018-01-22,1368,0.95,NR,Turmeric Round,6839,6839,6839
2018-01-22,1368,0.95,NR,Turmeric Round,6839,6839,6839
2018-01-22,1368,0.95,NR,Turmeric Round,6839,6839,6839
2018-01-22,1368,0.95,NR,Turmeric Stick,6768,6768,6768
2018-01-22,1368,0.95,NR,Turmeric Stick,6768,6768,6768
2018-01-22,1368,0.95,NR,Turmeric Stick,6768,6768,6768
2018-01-22,1368,0.95,NR,Turmeric Stick,6768,6768,6768
2018-01-23,1045,370.4,NR,Bulb,4006,6868,5860
2018-01-23,1045,370.4,NR,Bulb,4006,6868,5860
2018-01-23,1045,370.4,NR,Bulb,4006,6868,5860
2018-01-23,1045,370.4,NR,Bulb,4006,6868,5860
2018-01-23,1045,370.4,NR,Finger,4117,7456,6650
2018-01-23,1045,370.4,NR,Finger,4117,7456,6650
2018-01-23,1045,370.4,NR,Finger,4117,7456,6650
2018-01-23,1045,370.4,NR,Finger,4117,7456,6650
2018-01-25,1045,579.7,NR,Bulb,4058,6844,5858
2018-01-25,1045,579.7,NR,Bulb,4058,6844,5858
2018-01-25,1045,579.7,NR,Bulb,4058,6844,5858
2018-01-25,1045,579.7,NR,Bulb,4058,6844,5858
2018-01-25,1045,579.7,NR,Finger,4119,7621,6855
2018-01-25,1045,579.7,NR,Finger,4119,7621,6855
2018-01-25,1045,579.7,NR,Finger,4119,7621,6855
2018-01-25,1045,579.7,NR,Finger,4119,7621,6855
2018-01-27,398,0.1,NR,Bulb,7151,7151,7151
2018-01-27,398,0.1,NR,Bulb,7151,7151,7151
2018-01-27,398,0.1,NR,Bulb,7151,7151,7151
2018-01-27,398,0.1,NR,Bulb,7151,7151,7151
2018-01-29,1045,848.9,NR,Bulb,4017,6666,5717
2018-01-29,1045,848.9,NR,Bulb,4017,6666,5717
2018-01-29,1045,848.9,NR,Bulb,4017,6666,5717
2018-01-29,1045,848.9,NR,Bulb,4017,6666,5717
2018-01-29,1045,848.9,NR,Finger,4127,7651,6355
2018-01-29,1045,848.9,NR,Finger,4127,7651,6355
2018-01-29,1045,848.9,NR,Finger,4127,7651,6355
2018-01-29,1045,848.9,NR,Finger,4127,7651,6355
2018-01-30,1045,640.6,NR,Bulb,4127,6766,5100
2018-01-30,1045,640.6,NR,Bulb,4127,6766,5100
2018-01-30,1045,640.6,NR,Bulb,4127,6766,5100
2018-01-30,1045,640.6,NR,Bulb,4127,6766,5100
2018-01-30,1045,640.6,NR,Finger,4402,7502,6376
2018-01-30,1045,640.6,NR,Finger,4402,7502,6376
2018-01-30,1045,640.6,NR,Finger,4402,7502,6376
2018-01-30,1045,640.6,NR,Finger,4402,7502,6376
2018-01-31,1045,536.8,NR,Bulb,4465,6485,5300
2018-01-31,1045,536.8,NR,Bulb,4465,6485,5300
2018-01-31,1045,536.8,NR,Bulb,4465,6485,5300
2018-01-31,1045,536.8,NR,Bulb,4465,6485,5300
2018-01-31,1045,536.8,NR,Finger,4600,7410,6363
2018-01-31,1045,536.8,NR,Finger,4600,7410,6363
2018-01-31,1045,536.8,NR,Finger,4600,7410,6363
2018-01-31,1045,536.8,NR,Finger,4600,7410,6363
2018-02-02,398,0.1,NR,Bulb,6821,6821,6821
2018-02-02,398,0.1,NR,Bulb,6821,6821,6821
2018-02-03,398,0.1,NR,Finger,4600,4600,4600
2018-02-03,398,0.1,NR,Finger,4600,4600,4600
2018-02-05,1045,1589.6,NR,Bulb,3969,6565,5458
2018-02-05,1045,1589.6,NR,Bulb,3969,6565,5458
2018-02-05,1045,1589.6,NR,Finger,4011,7311,6355
2018-02-05,1045,1589.6,NR,Finger,4011,7311,6355
2018-02-07,398,2.1,NR,Bulb,6442,6442,6442
2018-02-07,398,2.1,NR,Bulb,6442,6442,6442
2018-02-07,398,2.1,NR,Finger,6366,6366,6366
2018-02-07,398,2.1,NR,Finger,6366,6366,6366
2018-02-08,1045,1266.4,NR,Bulb,3800,6352,5250
2018-02-08,1045,1266.4,NR,Bulb,3800,6352,5250
2018-02-08,1045,1266.4,NR,Finger,4028,7428,6120
2018-02-08,1045,1266.4,NR,Finger,4028,7428,6120
2018-02-08,1368,5.2,NR,Turmeric Round,6778,6778,6778
2018-02-08,1368,5.2,NR,Turmeric Round,6778,6778,6778
2018-02-08,1368,5.2,NR,Turmeric Stick,6729,6729,6729
2018-02-08,1368,5.2,NR,Turmeric Stick,6729,6729,6729
2018-02-09,1045,1379.3,NR,Bulb,3818,6408,5180
2018-02-09,1045,1379.3,NR,Bulb,3818,6408,5180
2018-02-09,1045,1379.3,NR,Finger,4017,7105,5836
2018-02-09,1045,1379.3,NR,Finger,4017,7105,5836
2018-02-12,268,1.8,NR,Turmeric,7500,8500,8000
2018-02-12,268,1.8,NR,Turmeric,7500,8500,8000
2018-02-16,1045,1285.2,NR,Bulb,4026,6666,5454
2018-02-16,1045,1285.2,NR,Bulb,4026,6666,5454
2018-02-16,1045,1285.2,NR,Finger,4127,7263,5858
2018-02-16,1045,1285.2,NR,Finger,4127,7263,5858
2018-02-17,268,2.1,NR,Turmeric,7000,9000,8000
2018-02-17,268,2.1,NR,Turmeric,7000,9000,8000
2018-02-19,1368,2.45,NR,Turmeric Round,6579,6689,6579
2018-02-19,1368,2.45,NR,Turmeric Round,6579,6689,6579
2018-02-19,1368,2.45,NR,Turmeric Stick,5579,6489,6489
2018-02-19,1368,2.45,NR,Turmeric Stick,5579,6489,6489
2018-02-20,1045,1244.7,NR,Bulb,4011,6312,5428
2018-02-20,1045,1244.7,NR,Bulb,4011,6312,5428
2018-02-20,1045,1244.7,NR,Finger,4019,8011,5850
2018-02-20,1045,1244.7,NR,Finger,4019,8011,5850
2018-02-21,1045,1085.9,NR,Bulb,4009,6126,5426
2018-02-21,1045,1085.9,NR,Bulb,4009,6126,5426
2018-02-21,1045,1085.9,NR,Finger,4016,7211,5855
2018-02-21,1045,1085.9,NR,Finger,4016,7211,5855
2018-02-22,1045,1420.6,NR,Bulb,3950,6110,5350
2018-02-22,1045,1420.6,NR,Bulb,3950,6110,5350
2018-02-22,1045,1420.6,NR,Finger,4027,7121,5805
2018-02-22,1045,1420.6,NR,Finger,4027,7121,5805
2018-02-22,1045,1420.6,NR,Other,4029,6160,5371
2018-02-22,1045,1420.6,NR,Other,4029,6160,5371
2018-02-23,1045,1519.8,NR,Bulb,3845,6220,5252
2018-02-23,1045,1519.8,NR,Bulb,3845,6220,5252
2018-02-23,1045,1519.8,NR,Finger,4006,7021,5767
2018-02-23,1045,1519.8,NR,Finger,4006,7021,5767
2018-02-23,1045,1519.8,NR,Other,4040,6072,5180
2018-02-23,1045,1519.8,NR,Other,4040,6072,5180
2018-02-26,1045,1853.1,NR,Bulb,3999,6266,5250
2018-02-26,1045,1853.1,NR,Bulb,3999,6266,5250
2018-02-26,1045,1853.1,NR,Finger,4009,7151,5855
2018-02-26,1045,1853.1,NR,Finger,4009,7151,5855
2018-02-26,1368,3.4,NR,Turmeric Round,5888,6178,6178
2018-02-26,1368,3.4,NR,Turmeric Round,5888,6178,6178
2018-02-26,1368,3.4,NR,Turmeric Stick,6028,6178,6088
2018-02-26,1368,3.4,NR,Turmeric Stick,6028,6178,6088
2018-02-27,1045,1312.5,NR,Bulb,3906,6066,4986
2018-02-27,1045,1312.5,NR,Bulb,3906,6066,4986
2018-02-27,1045,1312.5,NR,Finger,4000,7111,5655
2018-02-27,1045,1312.5,NR,Finger,4000,7111,5655
2018-02-28,398,0.4,NR,Bulb,5722,5722,5722
2018-02-28,398,0.4,NR,Bulb,5722,5722,5722
2018-02-28,398,0.4,NR,Finger,5712,5712,5712
2018-02-28,398,0.4,NR,Finger,5712,5712,5712
2018-03-05,1368,2.65,NR,Turmeric Round,5628,6059,5628
2018-03-05,1368,2.65,NR,Turmeric Round,5628,6059,5628
2018-03-05,1368,2.65,NR,Turmeric Stick,4888,5788,5088
2018-03-05,1368,2.65,NR,Turmeric Stick,4888,5788,5088
2018-03-05,268,4,NR,Turmeric,3000,5000,4000
2018-03-05,268,4,NR,Turmeric,3000,5000,4000
2018-03-06,1045,1515.4,NR,Bulb,4001,5826,5355
2018-03-06,1045,1515.4,NR,Bulb,4001,5826,5355
2018-03-06,1045,1515.4,NR,Finger,4001,7415,5858
2018-03-06,1045,1515.4,NR,Finger,4001,7415,5858
2018-03-06,268,2.3,NR,Turmeric,4000,8000,7000
2018-03-06,268,2.3,NR,Turmeric,4000,8000,7000
2018-03-07,268,2.5,NR,Turmeric,3000,5000,4000
2018-03-07,268,2.5,NR,Turmeric,3000,5000,4000
2018-03-08,1045,1667,NR,Bulb,4001,6465,5429
2018-03-08,1045,1667,NR,Bulb,4001,6465,5429
2018-03-08,1045,1667,NR,Finger,4017,7501,5959
2018-03-08,1045,1667,NR,Finger,4017,7501,5959
2018-03-09,1045,1462.4,NR,Bulb,5001,6365,5458
2018-03-09,1045,1462.4,NR,Bulb,5001,6365,5458
2018-03-09,1045,1462.4,NR,Finger,4017,7450,6000
2018-03-09,1045,1462.4,NR,Finger,4017,7450,6000
2018-03-12,1045,2073.8,NR,Bulb,4006,6499,5500
2018-03-12,1045,2073.8,NR,Bulb,4006,6499,5500
2018-03-12,1045,2073.8,NR,Finger,4017,7499,6100
2018-03-12,1045,2073.8,NR,Finger,4017,7499,6100
2018-03-12,1045,2073.8,NR,Other,4020,6225,5220
2018-03-12,1045,2073.8,NR,Other,4020,6225,5220
2018-03-12,1368,6.6,NR,Turmeric Round,5869,6119,6119
2018-03-12,1368,6.6,NR,Turmeric Round,5869,6119,6119
2018-03-12,1368,6.6,NR,Turmeric Stick,4221,6189,6169
2018-03-12,1368,6.6,NR,Turmeric Stick,4221,6189,6169
2018-03-13,1045,1308.2,NR,Bulb,4200,6369,5400
2018-03-13,1045,1308.2,NR,Bulb,4200,6369,5400
2018-03-13,1045,1308.2,NR,Finger,4011,8078,6050
2018-03-13,1045,1308.2,NR,Finger,4011,8078,6050
2018-03-14,1045,1013.2,NR,Bulb,4011,6169,5252
2018-03-14,1045,1013.2,NR,Bulb,4011,6169,5252
2018-03-14,1045,1013.2,NR,Finger,4017,7667,5885
2018-03-14,1045,1013.2,NR,Finger,4017,7667,5885
2018-03-14,1045,1013.2,NR,Other,4330,6139,5151
2018-03-14,1045,1013.2,NR,Other,4330,6139,5151
2018-03-14,398,6.3,NR,Bulb,5009,6511,6154
2018-03-14,398,6.3,NR,Bulb,5009,6511,6154
2018-03-14,398,6.3,NR,Finger,5142,6161,6154
2018-03-14,398,6.3,NR,Finger,5142,6161,6154
2018-03-15,1045,1005.5,NR,Bulb,4010,6400,5300
2018-03-15,1045,1005.5,NR,Bulb,4010,6400,5300
2018-03-15,1045,1005.5,NR,Finger,4011,7559,5800
2018-03-15,1045,1005.5,NR,Finger,4011,7559,5800
2018-03-15,1045,1005.5,NR,Other,4008,6229,5285
2018-03-15,1045,1005.5,NR,Other,4008,6229,5285
2018-03-16,1045,936.2,NR,Bulb,4010,6169,5347
2018-03-16,1045,936.2,NR,Bulb,4010,6169,5347
2018-03-16,1045,936.2,NR,Finger,4006,7339,5850
2018-03-16,1045,936.2,NR,Finger,4006,7339,5850
2018-03-16,1045,936.2,NR,Other,4300,6110,5250
2018-03-16,1045,936.2,NR,Other,4300,6110,5250
2018-03-16,1176,1.5,NR,Local,7100,7800,7450
2018-03-16,1176,1.5,NR,Local,7100,7800,7450
2018-03-19,398,1.8,NR,Bulb,6045,6311,6111
2018-03-19,398,1.8,NR,Bulb,6045,6311,6111
2018-03-19,398,1.8,NR,Finger,6118,6210,6121
2018-03-19,398,1.8,NR,Finger,6118,6210,6121
2018-03-20,1045,1068.8,NR,Bulb,4011,6869,5458
2018-03-20,1045,1068.8,NR,Bulb,4011,6869,5458
2018-03-20,1045,1068.8,NR,Finger,4006,7539,6110
2018-03-20,1045,1068.8,NR,Finger,4006,7539,6110
2018-03-20,398,3.1,NR,Bulb,6111,6111,6111
2018-03-20,398,3.1,NR,Bulb,6111,6111,6111
2018-03-20,398,3.1,NR,Finger,6129,6129,6129
2018-03-20,398,3.1,NR,Finger,6129,6129,6129
2018-03-21,1045,1304,NR,Bulb,4009,6600,5455
2018-03-21,1045,1304,NR,Bulb,4009,6600,5455
2018-03-21,1045,1304,NR,Finger,4011,7511,6050
2018-03-21,1045,1304,NR,Finger,4011,7511,6050
2018-03-21,398,11,NR,Bulb,5901,6251,6236
2018-03-21,398,11,NR,Bulb,5901,6251,6236
2018-03-21,398,11,NR,Finger,5805,6279,6151
2018-03-21,398,11,NR,Finger,5805,6279,6151
2018-03-22,1045,1704,NR,Bulb,4009,6868,5559
2018-03-22,1045,1704,NR,Bulb,4009,6868,5559
2018-03-22,1045,1704,NR,Finger,4011,7659,6111
2018-03-22,1045,1704,NR,Finger,4011,7659,6111
2018-03-22,1368,5.1,NR,Turmeric Round,5955,6450,6259
2018-03-22,1368,5.1,NR,Turmeric Round,5955,6450,6259
2018-03-22,1368,5.1,NR,Turmeric Stick,5878,6721,6661
2018-03-22,1368,5.1,NR,Turmeric Stick,5878,6721,6661
2018-03-22,398,0.8,NR,Bulb,6111,6111,6111
2018-03-22,398,0.8,NR,Bulb,6111,6111,6111
2018-03-22,398,0.8,NR,Finger,5868,5975,5868
2018-03-22,398,0.8,NR,Finger,5868,5975,5868
2018-03-23,1045,1788.6,NR,Bulb,4002,6767,5458
2018-03-23,1045,1788.6,NR,Bulb,4002,6767,5458
2018-03-23,1045,1788.6,NR,Finger,4009,7611,5950
2018-03-23,1045,1788.6,NR,Finger,4009,7611,5950
2018-03-23,1045,1788.6,NR,Other,4009,6249,5340
2018-03-23,1045,1788.6,NR,Other,4009,6249,5340
2018-03-23,268,4.5,NR,Turmeric,5000,7000,6000
2018-03-23,268,4.5,NR,Turmeric,5000,7000,6000
2018-03-23,398,0.7,NR,Bulb,5850,6185,6168
2018-03-23,398,0.7,NR,Bulb,5850,6185,6168
2018-03-24,398,4.2,NR,Bulb,6101,6142,6112
2018-03-24,398,4.2,NR,Bulb,6101,6142,6112
2018-03-24,398,4.2,NR,Finger,5901,6152,6126
2018-03-24,398,4.2,NR,Finger,5901,6152,6126
2018-03-27,1045,3537,NR,Bulb,4006,6869,5358
2018-03-27,1045,3537,NR,Bulb,4006,6869,5358
2018-03-27,1045,3537,NR,Finger,4005,7289,5858
2018-03-27,1045,3537,NR,Finger,4005,7289,5858
2018-03-27,268,2.5,NR,Turmeric,4000,6000,5000
2018-03-27,268,2.5,NR,Turmeric,4000,6000,5000
2018-03-28,398,22,NR,Bulb,5803,6992,6106
2018-03-28,398,22,NR,Bulb,5803,6992,6106
2018-03-28,398,22,NR,Finger,5100,6122,5803
2018-03-28,398,22,NR,Finger,5100,6122,5803
2018-03-29,398,0.7,NR,Bulb,6020,6040,6021
2018-03-29,398,0.7,NR,Bulb,6020,6040,6021
2018-03-29,398,0.7,NR,Finger,5861,6061,5921
2018-03-29,398,0.7,NR,Finger,5861,6061,5921
2018-04-02,1045,2400.7,NR,Bulb,4006,6633,5405
2018-04-02,1045,2400.7,NR,Bulb,4006,6633,5405
2018-04-02,1045,2400.7,NR,Finger,4001,7139,6111
2018-04-02,1045,2400.7,NR,Finger,4001,7139,6111
2018-04-02,1045,2400.7,NR,Other,4010,6269,5150
2018-04-02,1045,2400.7,NR,Other,4010,6269,5150
2018-04-02,1368,161.6,NR,Turmeric Round,3511,6179,6129
2018-04-02,1368,161.6,NR,Turmeric Round,3511,6179,6129
2018-04-02,1368,161.6,NR,Turmeric Stick,3011,6169,5929
2018-04-02,1368,161.6,NR,Turmeric Stick,3011,6169,5929
2018-04-02,398,21.1,NR,Bulb,5600,5977,5721
2018-04-02,398,21.1,NR,Bulb,5600,5977,5721
2018-04-02,398,21.1,NR,Finger,5651,5976,5751
2018-04-02,398,21.1,NR,Finger,5651,5976,5751
2018-04-03,1045,1874.1,NR,Bulb,4008,6505,5416
2018-04-03,1045,1874.1,NR,Bulb,4008,6505,5416
2018-04-03,1045,1874.1,NR,Finger,4000,7300,6150
2018-04-03,1045,1874.1,NR,Finger,4000,7300,6150
2018-04-03,1045,1874.1,NR,Other,4009,6069,5050
2018-04-03,1045,1874.1,NR,Other,4009,6069,5050
2018-04-04,1045,1752.9,NR,Bulb,4006,6452,5465
2018-04-04,1045,1752.9,NR,Bulb,4006,6452,5465
2018-04-04,1045,1752.9,NR,Finger,4001,7147,6050
2018-04-04,1045,1752.9,NR,Finger,4001,7147,6050
2018-04-04,1045,1752.9,NR,Other,4010,6089,5055
2018-04-04,1045,1752.9,NR,Other,4010,6089,5055
2018-04-06,1045,2080.8,NR,Bulb,4006,6666,5151
2018-04-06,1045,2080.8,NR,Bulb,4006,6666,5151
2018-04-06,1045,2080.8,NR,Finger,4005,6937,6070
2018-04-06,1045,2080.8,NR,Finger,4005,6937,6070
2018-04-06,1045,2080.8,NR,Other,4017,6464,4960
2018-04-06,1045,2080.8,NR,Other,4017,6464,4960
2018-04-09,1045,1749.5,NR,Bulb,4006,6677,5155
2018-04-09,1045,1749.5,NR,Bulb,4006,6677,5155
2018-04-09,1045,1749.5,NR,Finger,4001,7021,6050
2018-04-09,1045,1749.5,NR,Finger,4001,7021,6050
2018-04-09,1368,145.8,NR,Turmeric Round,5111,5855,5755
2018-04-09,1368,145.8,NR,Turmeric Round,5111,5855,5755
2018-04-09,1368,145.8,NR,Turmeric Stick,5111,6015,5855
2018-04-09,1368,145.8,NR,Turmeric Stick,5111,6015,5855
2018-04-09,268,3.5,NR,Turmeric,5000,7000,6000
2018-04-09,268,3.5,NR,Turmeric,5000,7000,6000
2018-04-09,398,15.7,NR,Bulb,5460,5652,5602
2018-04-09,398,15.7,NR,Bulb,5460,5652,5602
2018-04-09,398,15.7,NR,Finger,4600,5651,5621
2018-04-09,398,15.7,NR,Finger,4600,5651,5621
2018-04-10,1045,1077.9,NR,Finger,4001,7021,6050
2018-04-10,1045,1077.9,NR,Finger,4001,7021,6050
2018-04-10,398,3.9,NR,Finger,5566,5671,5632
2018-04-10,398,3.9,NR,Finger,5566,5671,5632
2018-04-11,1045,1794.3,NR,Bulb,4010,6765,5200
2018-04-11,1045,1794.3,NR,Bulb,4010,6765,5200
2018-04-11,1045,1794.3,NR,Finger,4008,7500,6100
2018-04-11,1045,1794.3,NR,Finger,4008,7500,6100
2018-04-11,268,2.6,NR,Turmeric,5000,7000,6000
2018-04-11,268,2.6,NR,Turmeric,5000,7000,6000
2018-04-11,398,60.3,NR,Bulb,4600,5782,5706
2018-04-11,398,60.3,NR,Bulb,4600,5782,5706
2018-04-11,398,60.3,NR,Finger,5100,5782,5526
2018-04-11,398,60.3,NR,Finger,5100,5782,5526
2018-04-12,1045,1106.7,NR,Bulb,4011,6609,5500
2018-04-12,1045,1106.7,NR,Bulb,4011,6609,5500
2018-04-12,1045,1106.7,NR,Finger,4009,7201,6111
2018-04-12,1045,1106.7,NR,Finger,4009,7201,6111
2018-04-12,1045,1106.7,NR,Other,4008,6139,5100
2018-04-12,1045,1106.7,NR,Other,4008,6139,5100
2018-04-12,1368,43.5,NR,Turmeric Round,4011,6411,5939
2018-04-12,1368,43.5,NR,Turmeric Round,4011,6411,5939
2018-04-12,1368,43.5,NR,Turmeric Stick,3811,6215,5879
2018-04-12,1368,43.5,NR,Turmeric Stick,3811,6215,5879
2018-04-12,398,9.9,NR,Bulb,5555,5841,5713
2018-04-12,398,9.9,NR,Bulb,5555,5841,5713
2018-04-12,398,9.9,NR,Finger,5555,5823,5732
2018-04-12,398,9.9,NR,Finger,5555,5823,5732
2018-04-12,398,9.9,NR,Finger,5651,5706,5702
2018-04-12,398,9.9,NR,Finger,5651,5706,5702
2018-04-13,1176,20,NR,Local,8000,8900,8450
2018-04-13,1176,20,NR,Local,8000,8900,8450
2018-04-13,398,9.9,NR,Bulb,5555,5841,5713
2018-04-13,398,9.9,NR,Bulb,5555,5841,5713
2018-04-13,398,9.9,NR,Finger,5555,5823,5732
2018-04-13,398,9.9,NR,Finger,5555,5823,5732
2018-04-17,1045,1956.2,NR,Bulb,4010,6727,5900
2018-04-17,1045,1956.2,NR,Bulb,4010,6727,5900
2018-04-17,1045,1956.2,NR,Finger,4009,7601,6200
2018-04-17,1045,1956.2,NR,Finger,4009,7601,6200
2018-04-17,1045,1956.2,NR,Other,4000,6550,5220
2018-04-17,1045,1956.2,NR,Other,4000,6550,5220
2018-04-17,398,19.8,NR,Bulb,5871,6129,6003
2018-04-17,398,19.8,NR,Bulb,5871,6129,6003
2018-04-17,398,19.8,NR,Finger,5621,6045,5903
2018-04-17,398,19.8,NR,Finger,5621,6045,5903
2018-04-18,1045,856.1,NR,Bulb,4100,6537,5858
2018-04-18,1045,856.1,NR,Bulb,4100,6537,5858
2018-04-18,1045,856.1,NR,Finger,4029,7386,6250
2018-04-18,1045,856.1,NR,Finger,4029,7386,6250
2018-04-19,1368,31.5,NR,Turmeric Round,5211,6559,6249
2018-04-19,1368,31.5,NR,Turmeric Round,5211,6559,6249
2018-04-19,1368,31.5,NR,Turmeric Stick,4666,6700,6239
2018-04-19,1368,31.5,NR,Turmeric Stick,4666,6700,6239
2018-04-20,1045,517.3,NR,Bulb,4010,6850,6110
2018-04-20,1045,517.3,NR,Bulb,4010,6850,6110
2018-04-20,1045,517.3,NR,Finger,4200,7559,6555
2018-04-20,1045,517.3,NR,Finger,4200,7559,6555
2018-04-20,1045,517.3,NR,Other,4502,6755,5355
2018-04-20,1045,517.3,NR,Other,4502,6755,5355
2018-04-21,268,2.4,NR,Turmeric,8000,10000,9000
2018-04-21,268,2.4,NR,Turmeric,8000,10000,9000
2018-04-21,398,11.3,NR,Bulb,5802,6311,6259
2018-04-21,398,11.3,NR,Bulb,5802,6311,6259
2018-04-21,398,11.3,NR,Finger,4502,6272,6219
2018-04-21,398,11.3,NR,Finger,4502,6272,6219
2018-04-23,1368,150,NR,Turmeric Round,5225,6559,6459
2018-04-23,1368,150,NR,Turmeric Round,5225,6559,6459
2018-04-23,1368,150,NR,Turmeric Stick,4919,6589,6329
2018-04-23,1368,150,NR,Turmeric Stick,4919,6589,6329
2018-04-23,268,2.5,NR,Turmeric,8000,10000,9000
2018-04-23,268,2.5,NR,Turmeric,8000,10000,9000
2018-04-23,398,20.5,NR,Bulb,6009,6411,6309
2018-04-23,398,20.5,NR,Bulb,6009,6411,6309
2018-04-23,398,20.5,NR,Finger,5811,6278,6258
2018-04-23,398,20.5,NR,Finger,5811,6278,6258
2018-04-24,1045,859.5,NR,Bulb,5002,6910,6255
2018-04-24,1045,859.5,NR,Bulb,5002,6910,6255
2018-04-24,1045,859.5,NR,Finger,4288,8011,6650
2018-04-24,1045,859.5,NR,Finger,4288,8011,6650
2018-04-24,1045,859.5,NR,Other,4817,6788,5320
2018-04-24,1045,859.5,NR,Other,4817,6788,5320
2018-04-24,398,7.8,NR,Bulb,6104,6355,6311
2018-04-24,398,7.8,NR,Bulb,6104,6355,6311
2018-04-24,398,7.8,NR,Finger,6104,6336,6266
2018-04-24,398,7.8,NR,Finger,6104,6336,6266
2018-04-25,1045,521.4,NR,Bulb,4006,7067,6363
2018-04-25,1045,521.4,NR,Bulb,4006,7067,6363
2018-04-25,1045,521.4,NR,Finger,4407,8000,6665
2018-04-25,1045,521.4,NR,Finger,4407,8000,6665
2018-04-25,1045,521.4,NR,Other,4517,6905,5420
2018-04-25,1045,521.4,NR,Other,4517,6905,5420
2018-04-25,268,2.3,NR,Turmeric,4000,6000,5000
2018-04-25,268,2.3,NR,Turmeric,4000,6000,5000
2018-04-26,1045,399.2,NR,Bulb,4188,7277,6416
2018-04-26,1045,399.2,NR,Bulb,4188,7277,6416
2018-04-26,1045,399.2,NR,Finger,4279,8244,6900
2018-04-26,1045,399.2,NR,Finger,4279,8244,6900
2018-04-26,1045,399.2,NR,Other,4525,6805,5456
2018-04-26,1045,399.2,NR,Other,4525,6805,5456
2018-04-26,1368,9.9,NR,Turmeric Round,6350,6629,6350
2018-04-26,1368,9.9,NR,Turmeric Round,6350,6629,6350
2018-04-26,1368,9.9,NR,Turmeric Stick,5200,6569,6388
2018-04-26,1368,9.9,NR,Turmeric Stick,5200,6569,6388
2018-04-26,398,20.5,NR,Bulb,6302,6488,6378
2018-04-26,398,20.5,NR,Bulb,6302,6488,6378
2018-04-26,398,20.5,NR,Finger,6005,6458,6377
2018-04-26,398,20.5,NR,Finger,6005,6458,6377
2018-04-27,1045,405.3,NR,Bulb,4737,7188,6406
2018-04-27,1045,405.3,NR,Bulb,4737,7188,6406
2018-04-27,1045,405.3,NR,Finger,4258,7979,6710
2018-04-27,1045,405.3,NR,Finger,4258,7979,6710
2018-04-27,398,8.2,NR,Bulb,6479,6529,6513
2018-04-27,398,8.2,NR,Bulb,6479,6529,6513
2018-04-27,398,8.2,NR,Finger,6456,6514,6488
2018-04-27,398,8.2,NR,Finger,6456,6514,6488
2018-04-28,268,50,NR,Turmeric,8000,10000,9000
2018-04-28,268,50,NR,Turmeric,8000,10000,9000
2018-04-28,398,6.4,NR,Bulb,5556,6555,6460
2018-04-28,398,6.4,NR,Bulb,5556,6555,6460
2018-04-28,398,6.4,NR,Finger,5006,6513,6460
2018-04-28,398,6.4,NR,Finger,5006,6513,6460
2018-04-30,1368,135,NR,Turmeric Round,5225,6888,6869
2018-04-30,1368,135,NR,Turmeric Round,5225,6888,6869
2018-04-30,1368,135,NR,Turmeric Stick,5607,6888,6729
2018-04-30,1368,135,NR,Turmeric Stick,5607,6888,6729
2018-04-30,268,1,NR,Turmeric,8000,10000,9000
2018-04-30,268,1,NR,Turmeric,8000,10000,9000
2018-04-30,398,5.8,NR,Bulb,6479,6726,6636
2018-04-30,398,5.8,NR,Bulb,6479,6726,6636
2018-04-30,398,5.8,NR,Finger,6401,6686,6586
2018-04-30,398,5.8,NR,Finger,6401,6686,6586
2018-05-02,1045,412.6,NR,Bulb,5058,8169,7358
2018-05-02,1045,412.6,NR,Bulb,5058,8169,7358
2018-05-02,1045,412.6,NR,Finger,4509,8489,7666
2018-05-02,1045,412.6,NR,Finger,4509,8489,7666
2018-05-02,1045,412.6,NR,Other,5100,7739,6020
2018-05-02,1045,412.6,NR,Other,5100,7739,6020
2018-05-02,398,17.3,NR,Bulb,6851,7406,7376
2018-05-02,398,17.3,NR,Bulb,6851,7406,7376
2018-05-02,398,17.3,NR,Finger,6751,7392,7366
2018-05-02,398,17.3,NR,Finger,6751,7392,7366
2018-05-03,1045,314.7,NR,Bulb,4059,7969,7400
2018-05-03,1045,314.7,NR,Bulb,4059,7969,7400
2018-05-03,1045,314.7,NR,Finger,4569,8415,7505
2018-05-03,1045,314.7,NR,Finger,4569,8415,7505
2018-05-03,1368,24.7,NR,Turmeric Round,7065,7529,7529
2018-05-03,1368,24.7,NR,Turmeric Round,7065,7529,7529
2018-05-03,1368,24.7,NR,Turmeric Stick,6328,7539,7479
2018-05-03,1368,24.7,NR,Turmeric Stick,6328,7539,7479
2018-05-03,268,2,NR,Turmeric,8000,10000,9000
2018-05-03,268,2,NR,Turmeric,8000,10000,9000
2018-05-03,398,3.6,NR,Bulb,6829,7151,7137
2018-05-03,398,3.6,NR,Bulb,6829,7151,7137
2018-05-03,398,3.6,NR,Finger,6751,7133,7066
2018-05-03,398,3.6,NR,Finger,6751,7133,7066
2018-05-04,1045,276.4,NR,Bulb,4257,7869,7369
2018-05-04,1045,276.4,NR,Bulb,4257,7869,7369
2018-05-04,1045,276.4,NR,Finger,4317,8636,7555
2018-05-04,1045,276.4,NR,Finger,4317,8636,7555
2018-05-04,1045,276.4,NR,Other,4514,7272,6320
2018-05-04,1045,276.4,NR,Other,4514,7272,6320
2018-05-04,1176,12.3,NR,Local,7400,8900,8150
2018-05-04,1176,12.3,NR,Local,7400,8900,8150
2018-05-04,398,2.2,NR,Bulb,7132,7266,7160
2018-05-04,398,2.2,NR,Bulb,7132,7266,7160
2018-05-04,398,2.2,NR,Finger,6958,7141,7036
2018-05-04,398,2.2,NR,Finger,6958,7141,7036
2018-05-05,398,5.8,NR,Bulb,7011,7501,7451
2018-05-05,398,5.8,NR,Bulb,7011,7501,7451
2018-05-05,398,5.8,NR,Finger,7075,7391,7351
2018-05-05,398,5.8,NR,Finger,7075,7391,7351
2018-05-07,1045,247.8,NR,Bulb,5537,8189,7558
2018-05-07,1045,247.8,NR,Bulb,5537,8189,7558
2018-05-07,1045,247.8,NR,Finger,5812,8610,7665
2018-05-07,1045,247.8,NR,Finger,5812,8610,7665
2018-05-07,1368,44.8,NR,Turmeric Round,6336,7775,7715
2018-05-07,1368,44.8,NR,Turmeric Round,6336,7775,7715
2018-05-07,1368,44.8,NR,Turmeric Stick,4011,7785,7489
2018-05-07,1368,44.8,NR,Turmeric Stick,4011,7785,7489
2018-05-08,1045,342.6,NR,Bulb,4512,8229,7655
2018-05-08,1045,342.6,NR,Bulb,4512,8229,7655
2018-05-08,1045,342.6,NR,Finger,4669,8681,7702
2018-05-08,1045,342.6,NR,Finger,4669,8681,7702
2018-05-08,1045,342.6,NR,Other,4019,7515,6546
2018-05-08,1045,342.6,NR,Other,4019,7515,6546
2018-05-08,398,5.8,NR,Bulb,7209,7651,7409
2018-05-08,398,5.8,NR,Bulb,7209,7651,7409
2018-05-08,398,5.8,NR,Finger,7055,7551,7301
2018-05-08,398,5.8,NR,Finger,7055,7551,7301
2018-05-09,1045,256.7,NR,Bulb,4727,8037,7550
2018-05-09,1045,256.7,NR,Bulb,4727,8037,7550
2018-05-09,1045,256.7,NR,Finger,5512,8519,7751
2018-05-09,1045,256.7,NR,Finger,5512,8519,7751
2018-05-09,1045,256.7,NR,Other,4809,7380,6585
2018-05-09,1045,256.7,NR,Other,4809,7380,6585
2018-05-09,398,3,NR,Bulb,7178,8152,8152
2018-05-09,398,3,NR,Bulb,7178,8152,8152
2018-05-10,1045,262.2,NR,Bulb,4306,7950,7319
2018-05-10,1045,262.2,NR,Bulb,4306,7950,7319
2018-05-10,1045,262.2,NR,Finger,4520,8480,7655
2018-05-10,1045,262.2,NR,Finger,4520,8480,7655
2018-05-10,1045,262.2,NR,Other,5500,7776,6585
2018-05-10,1045,262.2,NR,Other,5500,7776,6585
2018-05-10,1368,6.6,NR,Turmeric Round,7159,7569,7479
2018-05-10,1368,6.6,NR,Turmeric Round,7159,7569,7479
2018-05-10,1368,6.6,NR,Turmeric Stick,6888,7529,7459
2018-05-10,1368,6.6,NR,Turmeric Stick,6888,7529,7459
2018-05-10,398,2.7,NR,Bulb,7086,7362,7241
2018-05-10,398,2.7,NR,Bulb,7086,7362,7241
2018-05-10,398,2.7,NR,Finger,7112,7365,7286
2018-05-10,398,2.7,NR,Finger,7112,7365,7286
2018-05-11,1045,216.5,NR,Bulb,5377,7750,7550
2018-05-11,1045,216.5,NR,Bulb,5377,7750,7550
2018-05-11,1045,216.5,NR,Finger,4527,8369,7707
2018-05-11,1045,216.5,NR,Finger,4527,8369,7707
2018-05-11,1045,216.5,NR,Other,5250,7185,6685
2018-05-11,1045,216.5,NR,Other,5250,7185,6685
2018-05-11,1176,13.5,NR,Local,7700,8800,8250
2018-05-11,1176,13.5,NR,Local,7700,8800,8250
2018-05-11,398,0.3,NR,Bulb,7239,7239,7239
2018-05-11,398,0.3,NR,Bulb,7239,7239,7239
2018-05-11,398,0.3,NR,Finger,7009,7009,7009
2018-05-11,398,0.3,NR,Finger,7009,7009,7009
2018-05-12,398,5.6,NR,Bulb,7186,7381,7261
2018-05-12,398,5.6,NR,Bulb,7186,7381,7261
2018-05-12,398,5.6,NR,Finger,7177,7309,7227
2018-05-12,398,5.6,NR,Finger,7177,7309,7227
2018-05-14,1045,326.7,NR,Bulb,4109,7707,7369
2018-05-14,1045,326.7,NR,Bulb,4109,7707,7369
2018-05-14,1045,326.7,NR,Finger,4027,8369,7450
2018-05-14,1045,326.7,NR,Finger,4027,8369,7450
2018-05-14,1368,117.2,NR,Turmeric Round,5355,7455,7289
2018-05-14,1368,117.2,NR,Turmeric Round,5355,7455,7289
2018-05-14,1368,117.2,NR,Turmeric Stick,3888,7415,7275
2018-05-14,1368,117.2,NR,Turmeric Stick,3888,7415,7275
2018-05-14,398,3.9,NR,Bulb,6933,7151,7003
2018-05-14,398,3.9,NR,Bulb,6933,7151,7003
2018-05-14,398,3.9,NR,Finger,6711,7111,6909
2018-05-14,398,3.9,NR,Finger,6711,7111,6909
2018-05-16,1045,520.3,NR,Bulb,4227,7579,7219
2018-05-16,1045,520.3,NR,Bulb,4227,7579,7219
2018-05-16,1045,520.3,NR,Finger,4500,7959,7450
2018-05-16,1045,520.3,NR,Finger,4500,7959,7450
2018-05-17,1045,228.5,NR,Bulb,4127,7409,7051
2018-05-17,1045,228.5,NR,Bulb,4127,7409,7051
2018-05-17,1045,228.5,NR,Finger,4927,7669,7370
2018-05-17,1045,228.5,NR,Finger,4927,7669,7370
2018-05-17,1045,228.5,NR,Local,4227,6227,6055
2018-05-17,1045,228.5,NR,Local,4227,6227,6055
2018-05-17,1368,19,NR,Turmeric Round,6989,7289,7289
2018-05-17,1368,19,NR,Turmeric Round,6989,7289,7289
2018-05-17,1368,19,NR,Turmeric Stick,5225,7269,7269
2018-05-17,1368,19,NR,Turmeric Stick,5225,7269,7269
2018-05-17,398,1.6,NR,Bulb,6611,6901,6611
2018-05-17,398,1.6,NR,Bulb,6611,6901,6611
2018-05-17,398,1.6,NR,Finger,5100,6811,6656
2018-05-17,398,1.6,NR,Finger,5100,6811,6656
2018-05-18,1045,229.1,NR,Bulb,4106,7559,7158
2018-05-18,1045,229.1,NR,Bulb,4106,7559,7158
2018-05-18,1045,229.1,NR,Finger,4606,7835,7212
2018-05-18,1045,229.1,NR,Finger,4606,7835,7212
2018-05-18,1176,1.6,NR,Local,7800,8300,8050
2018-05-18,1176,1.6,NR,Local,7800,8300,8050
2018-05-18,398,3.7,NR,Bulb,6501,6811,6651
2018-05-18,398,3.7,NR,Bulb,6501,6811,6651
2018-05-18,398,3.7,NR,Finger,6455,6655,6455
2018-05-18,398,3.7,NR,Finger,6455,6655,6455
2018-05-19,398,3.4,NR,Bulb,6321,6551,6401
2018-05-19,398,3.4,NR,Bulb,6321,6551,6401
2018-05-19,398,3.4,NR,Finger,6001,6379,6211
2018-05-19,398,3.4,NR,Finger,6001,6379,6211
2018-05-21,1045,297.1,NR,Bulb,4570,7636,7009
2018-05-21,1045,297.1,NR,Bulb,4570,7636,7009
2018-05-21,1045,297.1,NR,Finger,4559,8169,7272
2018-05-21,1045,297.1,NR,Finger,4559,8169,7272
2018-05-21,1368,104.3,NR,Turmeric Round,4818,7089,6939
2018-05-21,1368,104.3,NR,Turmeric Round,4818,7089,6939
2018-05-21,1368,104.3,NR,Turmeric Stick,4518,7075,6779
2018-05-21,1368,104.3,NR,Turmeric Stick,4518,7075,6779
2018-05-21,398,7,NR,Bulb,4701,6501,6451
2018-05-21,398,7,NR,Bulb,4701,6501,6451
2018-05-21,398,7,NR,Finger,4555,6402,6331
2018-05-21,398,7,NR,Finger,4555,6402,6331
2018-05-22,1045,241.7,NR,Bulb,4250,7420,6969
2018-05-22,1045,241.7,NR,Bulb,4250,7420,6969
2018-05-22,1045,241.7,NR,Finger,4520,8160,7225
2018-05-22,1045,241.7,NR,Finger,4520,8160,7225
2018-05-22,1045,241.7,NR,Other,4512,7325,5885
2018-05-22,1045,241.7,NR,Other,4512,7325,5885
2018-05-23,1045,150.3,NR,Bulb,4250,7358,6869
2018-05-23,1045,150.3,NR,Bulb,4250,7358,6869
2018-05-23,1045,150.3,NR,Finger,5000,7839,7111
2018-05-23,1045,150.3,NR,Finger,5000,7839,7111
2018-05-23,1045,150.3,NR,Other,4951,7200,5885
2018-05-23,1045,150.3,NR,Other,4951,7200,5885
2018-05-23,398,9.4,NR,Bulb,5701,6809,6458
2018-05-23,398,9.4,NR,Bulb,5701,6809,6458
2018-05-23,398,9.4,NR,Finger,5001,6458,6358
2018-05-23,398,9.4,NR,Finger,5001,6458,6358
2018-05-24,1045,272.8,NR,Bulb,4066,7526,6989
2018-05-24,1045,272.8,NR,Bulb,4066,7526,6989
2018-05-24,1045,272.8,NR,Finger,4520,8169,7150
2018-05-24,1045,272.8,NR,Finger,4520,8169,7150
2018-05-24,1045,272.8,NR,Other,4016,7101,5855
2018-05-24,1045,272.8,NR,Other,4016,7101,5855
2018-05-24,1368,30.8,NR,Turmeric Round,5225,6969,6889
2018-05-24,1368,30.8,NR,Turmeric Round,5225,6969,6889
2018-05-24,1368,30.8,NR,Turmeric Stick,5215,6665,6569
2018-05-24,1368,30.8,NR,Turmeric Stick,5215,6665,6569
2018-05-24,398,11.2,NR,Bulb,5700,6561,6477
2018-05-24,398,11.2,NR,Bulb,5700,6561,6477
2018-05-24,398,11.2,NR,Finger,5555,6531,6455
2018-05-24,398,11.2,NR,Finger,5555,6531,6455
2018-05-25,1045,179.6,NR,Bulb,4006,7449,6858
2018-05-25,1045,179.6,NR,Bulb,4006,7449,6858
2018-05-25,1045,179.6,NR,Finger,4856,7655,7171
2018-05-25,1045,179.6,NR,Finger,4856,7655,7171
2018-05-25,1045,179.6,NR,Other,4319,6210,5604
2018-05-25,1045,179.6,NR,Other,4319,6210,5604
2018-05-25,1176,12.3,NR,Local,7700,8600,8150
2018-05-25,1176,12.3,NR,Local,7700,8600,8150
2018-05-25,268,6,NR,Turmeric,8000,10000,9000
2018-05-25,268,6,NR,Turmeric,8000,10000,9000
2018-05-29,1045,208.7,NR,Bulb,4051,7258,6858
2018-05-29,1045,208.7,NR,Bulb,4051,7258,6858
2018-05-29,1045,208.7,NR,Finger,5085,7906,7200
2018-05-29,1045,208.7,NR,Finger,5085,7906,7200
2018-05-29,1045,208.7,NR,Other,4027,7277,5627
2018-05-29,1045,208.7,NR,Other,4027,7277,5627
2018-05-29,398,0.7,NR,Bulb,6111,6258,6258
2018-05-29,398,0.7,NR,Bulb,6111,6258,6258
2018-05-29,398,0.7,NR,Finger,6014,6131,6131
2018-05-29,398,0.7,NR,Finger,6014,6131,6131
2018-05-30,1045,236.4,NR,Bulb,4012,7505,6888
2018-05-30,1045,236.4,NR,Bulb,4012,7505,6888
2018-05-30,1045,236.4,NR,Finger,4027,7900,7250
2018-05-30,1045,236.4,NR,Finger,4027,7900,7250
2018-05-30,1045,236.4,NR,Other,4009,6125,5600
2018-05-30,1045,236.4,NR,Other,4009,6125,5600
2018-05-31,1045,195.1,NR,Bulb,4216,7579,6869
2018-05-31,1045,195.1,NR,Bulb,4216,7579,6869
2018-05-31,1045,195.1,NR,Finger,4585,7879,7750
2018-05-31,1045,195.1,NR,Finger,4585,7879,7750
2018-05-31,1368,23.4,NR,Turmeric Round,5411,6778,6628
2018-05-31,1368,23.4,NR,Turmeric Round,5411,6778,6628
2018-05-31,1368,23.4,NR,Turmeric Stick,4011,7723,7723
2018-05-31,1368,23.4,NR,Turmeric Stick,4011,7723,7723
2018-05-31,268,2.5,NR,Turmeric,7500,9000,8000
2018-05-31,268,2.5,NR,Turmeric,7500,9000,8000
2018-05-31,398,1.8,NR,Bulb,5901,6311,6308
2018-05-31,398,1.8,NR,Bulb,5901,6311,6308
2018-05-31,398,1.8,NR,Finger,5551,6258,5600
2018-05-31,398,1.8,NR,Finger,5551,6258,5600
2018-06-01,1045,193.8,NR,Bulb,4019,7777,6909
2018-06-01,1045,193.8,NR,Bulb,4019,7777,6909
2018-06-01,1045,193.8,NR,Finger,4359,8181,7265
2018-06-01,1045,193.8,NR,Finger,4359,8181,7265
2018-06-01,1045,193.8,NR,Other,4125,6505,5600
2018-06-01,1045,193.8,NR,Other,4125,6505,5600
2018-06-01,1176,9.2,NR,Local,6000,8000,7000
2018-06-01,1176,9.2,NR,Local,6000,8000,7000
2018-06-20,1045,182.3,NR,Bulb,4512,7589,6929
2018-06-20,1045,182.3,NR,Bulb,4512,7589,6929
2018-06-20,1045,182.3,NR,Finger,4012,7641,7227
2018-06-20,1045,182.3,NR,Finger,4012,7641,7227
2018-06-20,398,14.7,NR,Bulb,6215,6607,6516
2018-06-20,398,14.7,NR,Bulb,6215,6607,6516
2018-06-20,398,14.7,NR,Finger,6000,6555,6378
2018-06-20,398,14.7,NR,Finger,6000,6555,6378
2018-06-21,1045,223.2,NR,Bulb,4009,7366,6969
2018-06-21,1045,223.2,NR,Bulb,4009,7366,6969
2018-06-21,1045,223.2,NR,Finger,4001,7681,7257
2018-06-21,1045,223.2,NR,Finger,4001,7681,7257
2018-06-21,1368,20.3,NR,Turmeric Round,5219,6888,6728
2018-06-21,1368,20.3,NR,Turmeric Round,5219,6888,6728
2018-06-21,1368,20.3,NR,Turmeric Stick,5017,6878,6389
2018-06-21,1368,20.3,NR,Turmeric Stick,5017,6878,6389
2018-06-21,398,1.7,NR,Bulb,6458,6616,6616
2018-06-21,398,1.7,NR,Bulb,6458,6616,6616
2018-06-21,398,1.7,NR,Finger,6408,6606,6578
2018-06-21,398,1.7,NR,Finger,6408,6606,6578
2018-06-22,1045,161.8,NR,Bulb,4212,7716,6806
2018-06-22,1045,161.8,NR,Bulb,4212,7716,6806
2018-06-22,1045,161.8,NR,Finger,4585,7821,7150
2018-06-22,1045,161.8,NR,Finger,4585,7821,7150
2018-06-22,1045,161.8,NR,Other,4010,7109,5787
2018-06-22,1045,161.8,NR,Other,4010,7109,5787
2018-06-22,1176,16.6,NR,Local,6200,6600,6400
2018-06-22,1176,16.6,NR,Local,6200,6600,6400
2018-06-23,398,0.4,NR,Bulb,6318,6628,6628
2018-06-23,398,0.4,NR,Bulb,6318,6628,6628
2018-06-25,1045,281.4,NR,Bulb,5212,7910,7050
2018-06-25,1045,281.4,NR,Bulb,5212,7910,7050
2018-06-25,1045,281.4,NR,Finger,4112,8151,7250
2018-06-25,1045,281.4,NR,Finger,4112,8151,7250
2018-06-25,1368,76.42,NR,Turmeric Round,4444,7028,6893
2018-06-25,1368,76.42,NR,Turmeric Round,4444,7028,6893
2018-06-25,1368,76.42,NR,Turmeric Stick,4616,6969,6629
2018-06-25,1368,76.42,NR,Turmeric Stick,4616,6969,6629
2018-06-25,398,1.6,NR,Bulb,6775,6775,6775
2018-06-25,398,1.6,NR,Bulb,6775,6775,6775
2018-06-25,398,1.6,NR,Finger,6611,6711,6711
2018-06-25,398,1.6,NR,Finger,6611,6711,6711
2018-06-26,1045,226.6,NR,Bulb,4109,7667,7260
2018-06-26,1045,226.6,NR,Bulb,4109,7667,7260
2018-06-26,1045,226.6,NR,Finger,4012,8000,7343
2018-06-26,1045,226.6,NR,Finger,4012,8000,7343
2018-06-27,1045,248.9,NR,Bulb,4006,7789,7129
2018-06-27,1045,248.9,NR,Bulb,4006,7789,7129
2018-06-27,1045,248.9,NR,Finger,4512,8011,7326
2018-06-27,1045,248.9,NR,Finger,4512,8011,7326
2018-06-27,398,7.8,NR,Bulb,6311,6852,6852
2018-06-27,398,7.8,NR,Bulb,6311,6852,6852
2018-06-27,398,7.8,NR,Finger,6511,6805,6681
2018-06-27,398,7.8,NR,Finger,6511,6805,6681
2018-06-28,1045,213.9,NR,Bulb,4069,7760,7190
2018-06-28,1045,213.9,NR,Bulb,4069,7760,7190
2018-06-28,1045,213.9,NR,Finger,4812,7790,7320
2018-06-28,1045,213.9,NR,Finger,4812,7790,7320
2018-06-29,1045,55,NR,Bulb,4949,7409,7119
2018-06-29,1045,55,NR,Bulb,4949,7409,7119
2018-06-29,1176,7.4,NR,Local,6100,6600,6350
2018-06-29,1176,7.4,NR,Local,6100,6600,6350
2018-06-30,398,4.5,NR,Bulb,6700,6829,6822
2018-06-30,398,4.5,NR,Bulb,6700,6829,6822
2018-06-30,398,4.5,NR,Finger,6675,6822,6675
2018-06-30,398,4.5,NR,Finger,6675,6822,6675
2018-07-02,1045,258.9,NR,Bulb,4009,7656,6656
2018-07-02,1045,258.9,NR,Bulb,4009,7656,6656
2018-07-02,1045,258.9,NR,Finger,4069,7825,7100
2018-07-02,1045,258.9,NR,Finger,4069,7825,7100
2018-07-02,1045,258.9,NR,Other,4506,6387,6027
2018-07-02,1045,258.9,NR,Other,4506,6387,6027
2018-07-02,1368,121,NR,Turmeric Round,4222,6975,6819
2018-07-02,1368,121,NR,Turmeric Round,4222,6975,6819
2018-07-02,1368,121,NR,Turmeric Stick,3818,6979,6589
2018-07-02,1368,121,NR,Turmeric Stick,3818,6979,6589
2018-07-02,398,4.9,NR,Bulb,6655,6828,6828
2018-07-02,398,4.9,NR,Bulb,6655,6828,6828
2018-07-02,398,4.9,NR,Finger,6300,6888,6788
2018-07-02,398,4.9,NR,Finger,6300,6888,6788
2018-07-03,1045,171.2,NR,Bulb,4658,7558,6958
2018-07-03,1045,171.2,NR,Bulb,4658,7558,6958
2018-07-03,1045,171.2,NR,Finger,4085,7751,7130
2018-07-03,1045,171.2,NR,Finger,4085,7751,7130
2018-07-03,398,3.1,NR,Bulb,5508,6705,6705
2018-07-03,398,3.1,NR,Bulb,5508,6705,6705
2018-07-03,398,3.1,NR,Finger,6705,6728,6728
2018-07-03,398,3.1,NR,Finger,6705,6728,6728
2018-07-04,1045,375.1,NR,Bulb,4209,7489,6669
2018-07-04,1045,375.1,NR,Bulb,4209,7489,6669
2018-07-04,1045,375.1,NR,Finger,4006,7810,7105
2018-07-04,1045,375.1,NR,Finger,4006,7810,7105
2018-07-04,1045,375.1,NR,Other,4306,6311,5609
2018-07-04,1045,375.1,NR,Other,4306,6311,5609
2018-07-04,398,15.7,NR,Bulb,6651,6818,6728
2018-07-04,398,15.7,NR,Bulb,6651,6818,6728
2018-07-04,398,15.7,NR,Finger,4000,6822,6811
2018-07-04,398,15.7,NR,Finger,4000,6822,6811
2018-07-05,1045,89.6,NR,Bulb,4506,7287,6669
2018-07-05,1045,89.6,NR,Bulb,4506,7287,6669
2018-07-05,1045,89.6,NR,Finger,4006,7250,7010
2018-07-05,1045,89.6,NR,Finger,4006,7250,7010
2018-07-05,1045,89.6,NR,Other,5000,6309,5810
2018-07-05,1045,89.6,NR,Other,5000,6309,5810
2018-07-05,1368,22.4,NR,Turmeric Round,6226,6939,6839
2018-07-05,1368,22.4,NR,Turmeric Round,6226,6939,6839
2018-07-05,1368,22.4,NR,Turmeric Stick,4021,7029,4021
2018-07-05,1368,22.4,NR,Turmeric Stick,4021,7029,4021
2018-07-06,1045,45.8,NR,Bulb,4423,7339,6525
2018-07-06,1045,45.8,NR,Bulb,4423,7339,6525
2018-07-06,1045,45.8,NR,Finger,3685,7811,6855
2018-07-06,1045,45.8,NR,Finger,3685,7811,6855
2018-07-06,1176,6.8,NR,Local,6880,6880,6880
2018-07-06,1176,6.8,NR,Local,6880,6880,6880
2018-07-06,398,0.2,NR,Bulb,6509,6509,6509
2018-07-06,398,0.2,NR,Bulb,6509,6509,6509
2018-07-06,398,0.2,NR,Finger,6409,6409,6409
2018-07-06,398,0.2,NR,Finger,6409,6409,6409
2018-07-07,398,7.7,NR,Bulb,6601,6756,6651
2018-07-07,398,7.7,NR,Bulb,6601,6756,6651
2018-07-07,398,7.7,NR,Finger,6000,6708,6608
2018-07-07,398,7.7,NR,Finger,6000,6708,6608
2018-07-09,1045,164.7,NR,Bulb,4506,7645,6842
2018-07-09,1045,164.7,NR,Bulb,4506,7645,6842
2018-07-09,1045,164.7,NR,Finger,3606,7909,7135
2018-07-09,1045,164.7,NR,Finger,3606,7909,7135
2018-07-09,1045,164.7,NR,Other,4069,7035,5855
2018-07-09,1045,164.7,NR,Other,4069,7035,5855
2018-07-09,398,2.2,NR,Bulb,5828,6518,5828
2018-07-09,398,2.2,NR,Bulb,5828,6518,5828
2018-07-09,398,2.2,NR,Finger,5811,6558,6458
2018-07-09,398,2.2,NR,Finger,5811,6558,6458
2018-07-10,1045,105.2,NR,Bulb,5106,7530,7050
2018-07-10,1045,105.2,NR,Bulb,5106,7530,7050
2018-07-10,1045,105.2,NR,Finger,4012,7832,7202
2018-07-10,1045,105.2,NR,Finger,4012,7832,7202
2018-07-11,1045,97,NR,Bulb,4210,7289,7020
2018-07-11,1045,97,NR,Bulb,4210,7289,7020
2018-07-11,1045,97,NR,Finger,4127,7769,7250
2018-07-11,1045,97,NR,Finger,4127,7769,7250
2018-07-11,1368,115.3,NR,Turmeric Round,4222,6850,6566
2018-07-11,1368,115.3,NR,Turmeric Round,4222,6850,6566
2018-07-11,1368,115.3,NR,Turmeric Stick,3838,6850,6686
2018-07-11,1368,115.3,NR,Turmeric Stick,3838,6850,6686
2018-07-11,398,21.3,NR,Bulb,6151,6628,6558
2018-07-11,398,21.3,NR,Bulb,6151,6628,6558
2018-07-11,398,21.3,NR,Finger,5500,6536,6518
2018-07-11,398,21.3,NR,Finger,5500,6536,6518
2018-07-12,1045,61.3,NR,Bulb,4412,7325,6405
2018-07-12,1045,61.3,NR,Bulb,4412,7325,6405
2018-07-12,1045,61.3,NR,Finger,4512,7735,7151
2018-07-12,1045,61.3,NR,Finger,4512,7735,7151
2018-07-12,1045,61.3,NR,Other,5625,6840,6055
2018-07-12,1045,61.3,NR,Other,5625,6840,6055
2018-07-13,1176,4.1,NR,Local,6300,6600,6450
2018-07-13,1176,4.1,NR,Local,6300,6600,6450
2018-07-14,398,5.8,NR,Bulb,6408,6606,6606
2018-07-14,398,5.8,NR,Bulb,6408,6606,6606
2018-07-14,398,5.8,NR,Finger,6408,6606,6408
2018-07-14,398,5.8,NR,Finger,6408,6606,6408
2018-07-16,1045,138.6,NR,Bulb,4012,7272,6800
2018-07-16,1045,138.6,NR,Bulb,4012,7272,6800
2018-07-16,1045,138.6,NR,Finger,4000,7525,7150
2018-07-16,1045,138.6,NR,Finger,4000,7525,7150
2018-07-16,1045,138.6,NR,Other,4000,6302,6125
2018-07-16,1045,138.6,NR,Other,4000,6302,6125
2018-07-16,1368,110.6,NR,Turmeric Round,4753,6789,6633
2018-07-16,1368,110.6,NR,Turmeric Round,4753,6789,6633
2018-07-16,1368,110.6,NR,Turmeric Stick,5494,6810,6673
2018-07-16,1368,110.6,NR,Turmeric Stick,5494,6810,6673
2018-07-16,398,2.6,NR,Bulb,6588,6588,6588
2018-07-16,398,2.6,NR,Bulb,6588,6588,6588
2018-07-16,398,2.6,NR,Finger,6588,6606,6606
2018-07-16,398,2.6,NR,Finger,6588,6606,6606
2018-07-17,1045,147.9,NR,Bulb,4112,7229,6625
2018-07-17,1045,147.9,NR,Bulb,4112,7229,6625
2018-07-17,1045,147.9,NR,Finger,4119,7733,7115
2018-07-17,1045,147.9,NR,Finger,4119,7733,7115
2018-07-18,1045,174.6,NR,Bulb,4510,7250,6655
2018-07-18,1045,174.6,NR,Bulb,4510,7250,6655
2018-07-18,1045,174.6,NR,Finger,4500,7575,7151
2018-07-18,1045,174.6,NR,Finger,4500,7575,7151
2018-07-18,1045,174.6,NR,Other,4106,6010,5500
2018-07-18,1045,174.6,NR,Other,4106,6010,5500
2018-07-19,1045,236,NR,Bulb,4588,7254,6706
2018-07-19,1045,236,NR,Bulb,4588,7254,6706
2018-07-19,1045,236,NR,Finger,3619,7589,7151
2018-07-19,1045,236,NR,Finger,3619,7589,7151
2018-07-19,1368,17.4,NR,Turmeric Round,4359,6921,6921
2018-07-19,1368,17.4,NR,Turmeric Round,4359,6921,6921
2018-07-19,1368,17.4,NR,Turmeric Stick,4021,6829,6215
2018-07-19,1368,17.4,NR,Turmeric Stick,4021,6829,6215
2018-07-19,398,3,NR,Bulb,6448,6623,6528
2018-07-19,398,3,NR,Bulb,6448,6623,6528
2018-07-19,398,3,NR,Finger,5300,6658,6458
2018-07-19,398,3,NR,Finger,5300,6658,6458
2018-07-20,1176,7.2,NR,Local,6300,6600,6450
2018-07-20,1176,7.2,NR,Local,6300,6600,6450
2018-07-20,398,0.9,NR,Finger,6659,6659,6659
2018-07-20,398,0.9,NR,Finger,6659,6659,6659
2018-07-21,398,2,NR,Bulb,6621,6777,6737
2018-07-21,398,2,NR,Bulb,6621,6777,6737
2018-07-21,398,2,NR,Finger,6637,6708,6637
2018-07-21,398,2,NR,Finger,6637,6708,6637
2018-07-23,1045,16.9,NR,Bulb,6200,7127,6500
2018-07-23,1045,16.9,NR,Bulb,6200,7127,6500
2018-07-23,1045,16.9,NR,Finger,3585,7327,7166
2018-07-23,1045,16.9,NR,Finger,3585,7327,7166
2018-07-23,1368,85.5,NR,Turmeric Round,5118,6919,6833
2018-07-23,1368,85.5,NR,Turmeric Round,5118,6919,6833
2018-07-23,1368,85.5,NR,Turmeric Stick,4646,6889,6889
2018-07-23,1368,85.5,NR,Turmeric Stick,4646,6889,6889
2018-07-23,398,0.9,NR,Bulb,6458,6458,6458
2018-07-23,398,0.9,NR,Bulb,6458,6458,6458
2018-07-23,398,0.9,NR,Finger,6448,6448,6448
2018-07-23,398,0.9,NR,Finger,6448,6448,6448
2018-07-25,398,15.5,NR,Bulb,5005,6661,6611
2018-07-25,398,15.5,NR,Bulb,5005,6661,6611
2018-07-25,398,15.5,NR,Finger,5200,6661,6661
2018-07-25,398,15.5,NR,Finger,5200,6661,6661
2018-07-27,1176,3.7,NR,Local,6000,7000,6750
2018-07-27,1176,3.7,NR,Local,6000,7000,6750
2018-07-30,1368,103.01,NR,Turmeric Round,3915,6921,6871
2018-07-30,1368,103.01,NR,Turmeric Round,3915,6921,6871
2018-07-30,1368,103.01,NR,Turmeric Stick,4011,6951,6898
2018-07-30,1368,103.01,NR,Turmeric Stick,4011,6951,6898
2018-07-30,398,1.8,NR,Bulb,6625,6709,6659
2018-07-30,398,1.8,NR,Bulb,6625,6709,6659
2018-07-30,398,1.8,NR,Finger,6001,6659,6575
2018-07-30,398,1.8,NR,Finger,6001,6659,6575
2018-08-01,398,28,NR,Bulb,6251,6701,6675
2018-08-01,398,28,NR,Bulb,6251,6701,6675
2018-08-01,398,28,NR,Finger,4000,6614,6572
2018-08-01,398,28,NR,Finger,4000,6614,6572
2018-08-02,398,0.7,NR,Bulb,6411,6511,6411
2018-08-02,398,0.7,NR,Bulb,6411,6511,6411
2018-08-02,398,0.7,NR,Finger,6306,6401,6306
2018-08-02,398,0.7,NR,Finger,6306,6401,6306
2018-08-04,398,4.1,NR,Bulb,6150,6255,6255
2018-08-04,398,4.1,NR,Bulb,6150,6255,6255
2018-08-04,398,4.1,NR,Finger,6158,6418,6158
2018-08-04,398,4.1,NR,Finger,6158,6418,6158
2018-08-07,1045,284,NR,Bulb,4127,7155,6225
2018-08-07,1045,284,NR,Bulb,4127,7155,6225
2018-08-07,1045,284,NR,Finger,4100,7617,6750
2018-08-07,1045,284,NR,Finger,4100,7617,6750
2018-08-07,1045,284,NR,Other,4285,6025,5512
2018-08-07,1045,284,NR,Other,4285,6025,5512
2018-08-08,1045,172.6,NR,Bulb,4006,6925,5469
2018-08-08,1045,172.6,NR,Bulb,4006,6925,5469
2018-08-08,1045,172.6,NR,Finger,4100,7511,6220
2018-08-08,1045,172.6,NR,Finger,4100,7511,6220
2018-08-08,1045,172.6,NR,Other,4000,6221,5300
2018-08-08,1045,172.6,NR,Other,4000,6221,5300
2018-08-08,398,3.8,NR,Bulb,6051,6101,6101
2018-08-08,398,3.8,NR,Bulb,6051,6101,6101
2018-08-08,398,3.8,NR,Finger,6151,6401,6401
2018-08-08,398,3.8,NR,Finger,6151,6401,6401
2018-08-09,1045,116,NR,Bulb,4006,6508,5885
2018-08-09,1045,116,NR,Bulb,4006,6508,5885
2018-08-09,1045,116,NR,Finger,4020,7511,6885
2018-08-09,1045,116,NR,Finger,4020,7511,6885
2018-08-09,1045,116,NR,Other,4020,6020,5020
2018-08-09,1045,116,NR,Other,4020,6020,5020
2018-08-09,1368,48.65,NR,Turmeric Round,4808,6515,6389
2018-08-09,1368,48.65,NR,Turmeric Round,4808,6515,6389
2018-08-09,1368,48.65,NR,Turmeric Stick,5017,6808,6217
2018-08-09,1368,48.65,NR,Turmeric Stick,5017,6808,6217
2018-08-10,1045,89.6,NR,Bulb,3860,6900,5650
2018-08-10,1045,89.6,NR,Bulb,3860,6900,5650
2018-08-10,1045,89.6,NR,Finger,4500,7351,6500
2018-08-10,1045,89.6,NR,Finger,4500,7351,6500
2018-08-13,1045,102.5,NR,Bulb,4236,6817,6111
2018-08-13,1045,102.5,NR,Bulb,4236,6817,6111
2018-08-13,1045,102.5,NR,Finger,3756,7250,6566
2018-08-13,1045,102.5,NR,Finger,3756,7250,6566
2018-08-13,1045,102.5,NR,Other,4020,5900,5000
2018-08-13,1045,102.5,NR,Other,4020,5900,5000
2018-08-13,1368,71.4,NR,Turmeric Round,4511,6729,6359
2018-08-13,1368,71.4,NR,Turmeric Round,4511,6729,6359
2018-08-13,1368,71.4,NR,Turmeric Stick,4511,6568,6169
2018-08-13,1368,71.4,NR,Turmeric Stick,4511,6568,6169
2018-08-13,398,3.3,NR,Bulb,5951,6201,6057
2018-08-13,398,3.3,NR,Bulb,5951,6201,6057
2018-08-13,398,3.3,NR,Finger,6017,6127,6017
2018-08-13,398,3.3,NR,Finger,6017,6127,6017
2018-08-14,1045,83.3,NR,Bulb,4085,6414,5000
2018-08-14,1045,83.3,NR,Bulb,4085,6414,5000
2018-08-14,1045,83.3,NR,Finger,3855,7311,6545
2018-08-14,1045,83.3,NR,Finger,3855,7311,6545
2018-08-16,1045,11.8,NR,Finger,6735,7065,7035
2018-08-16,1045,11.8,NR,Finger,6735,7065,7035
2018-08-16,1368,0.65,NR,Turmeric Stick,6183,6183,6183
2018-08-16,1368,0.65,NR,Turmeric Stick,6183,6183,6183
2018-08-20,1045,63.5,NR,Bulb,3152,6600,5950
2018-08-20,1045,63.5,NR,Bulb,3152,6600,5950
2018-08-20,1045,63.5,NR,Finger,4709,6750,6272
2018-08-20,1045,63.5,NR,Finger,4709,6750,6272
2018-08-20,1368,85.53,NR,Turmeric Round,4611,6700,6289
2018-08-20,1368,85.53,NR,Turmeric Round,4611,6700,6289
2018-08-20,1368,85.53,NR,Turmeric Stick,4611,6600,6189
2018-08-20,1368,85.53,NR,Turmeric Stick,4611,6600,6189
2018-08-21,1045,64.3,NR,Bulb,3450,6700,5696
2018-08-21,1045,64.3,NR,Bulb,3450,6700,5696
2018-08-21,1045,64.3,NR,Finger,4000,7000,6525
2018-08-21,1045,64.3,NR,Finger,4000,7000,6525
2018-08-23,1045,99.3,NR,Bulb,4109,6761,5880
2018-08-23,1045,99.3,NR,Bulb,4109,6761,5880
2018-08-23,1045,99.3,NR,Finger,4402,7251,6700
2018-08-23,1045,99.3,NR,Finger,4402,7251,6700
2018-08-23,1045,99.3,NR,Other,4525,5600,5200
2018-08-23,1045,99.3,NR,Other,4525,5600,5200
2018-08-23,1368,3.95,NR,Turmeric Round,5933,6129,5933
2018-08-23,1368,3.95,NR,Turmeric Round,5933,6129,5933
2018-08-23,1368,3.95,NR,Turmeric Stick,5511,6029,5929
2018-08-23,1368,3.95,NR,Turmeric Stick,5511,6029,5929
2018-08-23,398,0.7,NR,Bulb,5100,5100,5100
2018-08-23,398,0.7,NR,Bulb,5100,5100,5100
2018-08-23,398,0.7,NR,Finger,5300,5711,5711
2018-08-23,398,0.7,NR,Finger,5300,5711,5711
2018-08-24,1045,102.1,NR,Bulb,4006,6006,5455
2018-08-24,1045,102.1,NR,Bulb,4006,6006,5455
2018-08-24,1045,102.1,NR,Finger,4010,7410,6605
2018-08-24,1045,102.1,NR,Finger,4010,7410,6605
2018-08-25,398,1.5,NR,Bulb,5651,5651,5651
2018-08-25,398,1.5,NR,Bulb,5651,5651,5651
2018-08-25,398,1.5,NR,Finger,6102,6102,6102
2018-08-25,398,1.5,NR,Finger,6102,6102,6102
2018-08-27,1045,91.1,NR,Bulb,4809,6466,5333
2018-08-27,1045,91.1,NR,Bulb,4809,6466,5333
2018-08-27,1045,91.1,NR,Finger,3300,7151,6125
2018-08-27,1045,91.1,NR,Finger,3300,7151,6125
2018-08-27,1045,91.1,NR,Other,4000,5950,4855
2018-08-27,1045,91.1,NR,Other,4000,5950,4855
2018-08-27,1368,51.4,NR,Turmeric Round,4011,6238,6133
2018-08-27,1368,51.4,NR,Turmeric Round,4011,6238,6133
2018-08-27,1368,51.4,NR,Turmeric Stick,4411,6228,5800
2018-08-27,1368,51.4,NR,Turmeric Stick,4411,6228,5800
2018-08-28,1045,121.9,NR,Bulb,4066,6808,6079
2018-08-28,1045,121.9,NR,Bulb,4066,6808,6079
2018-08-28,1045,121.9,NR,Finger,3250,7165,6665
2018-08-28,1045,121.9,NR,Finger,3250,7165,6665
2018-08-29,1045,97.1,NR,Bulb,4010,6928,5900
2018-08-29,1045,97.1,NR,Bulb,4010,6928,5900
2018-08-29,1045,97.1,NR,Finger,4081,7045,6678
2018-08-29,1045,97.1,NR,Finger,4081,7045,6678
2018-08-30,1045,142.9,NR,Bulb,4719,6719,5900
2018-08-30,1045,142.9,NR,Bulb,4719,6719,5900
2018-08-30,1045,142.9,NR,Finger,4800,7111,6725
2018-08-30,1045,142.9,NR,Finger,4800,7111,6725
2018-08-30,1368,8.85,NR,Turmeric Round,4606,5315,5311
2018-08-30,1368,8.85,NR,Turmeric Round,4606,5315,5311
2018-08-30,1368,8.85,NR,Turmeric Stick,4757,5555,5305
2018-08-30,1368,8.85,NR,Turmeric Stick,4757,5555,5305
2018-08-31,1045,130,NR,Bulb,4512,6751,4891
2018-08-31,1045,130,NR,Bulb,4512,6751,4891
2018-08-31,1045,130,NR,Finger,3800,7026,6025
2018-08-31,1045,130,NR,Finger,3800,7026,6025
2018-08-31,1045,130,NR,Other,3500,5500,5050
2018-08-31,1045,130,NR,Other,3500,5500,5050
2018-09-04,1045,198.4,NR,Bulb,3679,6819,6579
2018-09-04,1045,198.4,NR,Bulb,3679,6819,6579
2018-09-04,1045,198.4,NR,Finger,4004,7211,6686
2018-09-04,1045,198.4,NR,Finger,4004,7211,6686
2018-09-04,1045,198.4,NR,Other,4017,5855,5100
2018-09-04,1045,198.4,NR,Other,4017,5855,5100
2018-09-05,1045,0.4,NR,Other,4100,5606,5606
2018-09-05,1045,0.4,NR,Other,4100,5606,5606
2018-09-05,268,0.7,NR,Turmeric,6000,8000,7000
2018-09-05,268,0.7,NR,Turmeric,6000,8000,7000
2018-09-06,1045,74.5,NR,Bulb,4700,6605,6058
2018-09-06,1045,74.5,NR,Bulb,4700,6605,6058
2018-09-06,1045,74.5,NR,Finger,4306,7071,6440
2018-09-06,1045,74.5,NR,Finger,4306,7071,6440
2018-09-06,1368,27.63,NR,Turmeric Round,4011,5858,5758
2018-09-06,1368,27.63,NR,Turmeric Round,4011,5858,5758
2018-09-06,1368,27.63,NR,Turmeric Stick,3811,5928,4011
2018-09-06,1368,27.63,NR,Turmeric Stick,3811,5928,4011
2018-09-07,1045,94,NR,Bulb,4306,6725,6336
2018-09-07,1045,94,NR,Bulb,4306,6725,6336
2018-09-07,1045,94,NR,Finger,4117,6925,6405
2018-09-07,1045,94,NR,Finger,4117,6925,6405
2018-09-07,1045,94,NR,Other,4000,5925,5036
2018-09-07,1045,94,NR,Other,4000,5925,5036
2018-09-11,1045,108.8,NR,Bulb,4506,6707,5456
2018-09-11,1045,108.8,NR,Bulb,4506,6707,5456
2018-09-11,1045,108.8,NR,Finger,4100,6965,6612
2018-09-11,1045,108.8,NR,Finger,4100,6965,6612
2018-09-11,1045,108.8,NR,Other,3808,5555,5200
2018-09-11,1045,108.8,NR,Other,3808,5555,5200
2018-09-12,1045,33,NR,Bulb,4006,6645,5900
2018-09-12,1045,33,NR,Bulb,4006,6645,5900
2018-09-12,1045,33,NR,Finger,4706,6700,6400
2018-09-12,1045,33,NR,Finger,4706,6700,6400
2018-09-12,1045,33,NR,Other,4006,4006,4006
2018-09-12,1045,33,NR,Other,4006,4006,4006
2018-09-14,1045,99.2,NR,Bulb,4991,6251,5606
2018-09-14,1045,99.2,NR,Bulb,4991,6251,5606
2018-09-14,1045,99.2,NR,Finger,3506,6965,6500
2018-09-14,1045,99.2,NR,Finger,3506,6965,6500
2018-09-14,1045,99.2,NR,Other,4706,5727,5400
2018-09-14,1045,99.2,NR,Other,4706,5727,5400
2018-09-17,1045,143.4,NR,Bulb,4060,6651,6180
2018-09-17,1045,143.4,NR,Bulb,4060,6651,6180
2018-09-17,1045,143.4,NR,Finger,3500,7211,6350
2018-09-17,1045,143.4,NR,Finger,3500,7211,6350
2018-09-17,1045,143.4,NR,Other,4020,5161,4500
2018-09-17,1045,143.4,NR,Other,4020,5161,4500
2018-09-17,1368,68.55,NR,Turmeric Round,4004,5559,5469
2018-09-17,1368,68.55,NR,Turmeric Round,4004,5559,5469
2018-09-17,1368,68.55,NR,Turmeric Stick,3500,5955,5439
2018-09-17,1368,68.55,NR,Turmeric Stick,3500,5955,5439
2018-09-18,1045,43.9,NR,Bulb,4206,7119,6526
2018-09-18,1045,43.9,NR,Bulb,4206,7119,6526
2018-09-18,1045,43.9,NR,Other,4060,5276,5060
2018-09-18,1045,43.9,NR,Other,4060,5276,5060
2018-09-19,1045,123.5,NR,Bulb,3609,7317,6089
2018-09-19,1045,123.5,NR,Bulb,3609,7317,6089
2018-09-19,1045,123.5,NR,Finger,3300,6737,6566
2018-09-19,1045,123.5,NR,Finger,3300,6737,6566
2018-09-20,1045,75.8,NR,Bulb,4044,6816,6317
2018-09-20,1045,75.8,NR,Bulb,4044,6816,6317
2018-09-20,1045,75.8,NR,Finger,4406,7105,6527
2018-09-20,1045,75.8,NR,Finger,4406,7105,6527
2018-09-20,1045,75.8,NR,Local,4206,6026,5800
2018-09-20,1045,75.8,NR,Local,4206,6026,5800
2018-09-20,1368,16.15,NR,Turmeric Round,4114,5311,5100
2018-09-20,1368,16.15,NR,Turmeric Round,4114,5311,5100
2018-09-20,1368,16.15,NR,Turmeric,4004,5559,5469
2018-09-20,1368,16.15,NR,Turmeric,4004,5559,5469
2018-09-24,1368,36.6,NR,Turmeric Round,4114,5729,5693
2018-09-24,1368,36.6,NR,Turmeric Round,4114,5729,5693
2018-09-24,1368,36.6,NR,Turmeric Stick,4114,5779,5329
2018-09-24,1368,36.6,NR,Turmeric Stick,4114,5779,5329
2018-09-25,1045,214.1,NR,Bulb,4585,7005,5880
2018-09-25,1045,214.1,NR,Bulb,4585,7005,5880
2018-09-25,1045,214.1,NR,Finger,4047,7161,6416
2018-09-25,1045,214.1,NR,Finger,4047,7161,6416
2018-09-27,1045,144.9,NR,Bulb,4085,7039,6425
2018-09-27,1045,144.9,NR,Bulb,4085,7039,6425
2018-09-27,1045,144.9,NR,Finger,3210,6581,6340
2018-09-27,1045,144.9,NR,Finger,3210,6581,6340
2018-09-27,1368,0.1,NR,Turmeric Stick,4313,4313,4313
2018-09-27,1368,0.1,NR,Turmeric Stick,4313,4313,4313
2018-09-28,1045,62.6,NR,Bulb,4000,7069,6455
2018-09-28,1045,62.6,NR,Bulb,4000,7069,6455
2018-09-28,1045,62.6,NR,Finger,4107,6560,6416
2018-09-28,1045,62.6,NR,Finger,4107,6560,6416
2018-10-01,1045,247.3,NR,Bulb,4500,7158,6969
2018-10-01,1045,247.3,NR,Bulb,4500,7158,6969
2018-10-01,1045,247.3,NR,Finger,3120,6606,6475
2018-10-01,1045,247.3,NR,Finger,3120,6606,6475
2018-10-01,1045,247.3,NR,Other,4020,5850,4085
2018-10-01,1045,247.3,NR,Other,4020,5850,4085
2018-10-01,1368,23.1,NR,Turmeric Round,3811,5938,5738
2018-10-01,1368,23.1,NR,Turmeric Round,3811,5938,5738
2018-10-01,1368,23.1,NR,Turmeric Stick,3511,5939,4885
2018-10-01,1368,23.1,NR,Turmeric Stick,3511,5939,4885
2018-10-03,1045,145.9,NR,Bulb,5005,6789,6469
2018-10-03,1045,145.9,NR,Bulb,5005,6789,6469
2018-10-03,1045,145.9,NR,Finger,4061,7163,6486
2018-10-03,1045,145.9,NR,Finger,4061,7163,6486
2018-10-03,398,3.3,NR,Local,4811,5742,5600
2018-10-03,398,3.3,NR,Local,4811,5742,5600
2018-10-04,1045,164.3,NR,Bulb,5589,6702,6615
2018-10-04,1045,164.3,NR,Bulb,5589,6702,6615
2018-10-04,1045,164.3,NR,Finger,4220,6667,6475
2018-10-04,1045,164.3,NR,Finger,4220,6667,6475
2018-10-04,1368,0.6,NR,Turmeric Round,5151,5151,5151
2018-10-04,1368,0.6,NR,Turmeric Round,5151,5151,5151
2018-10-04,1368,0.6,NR,Turmeric Stick,5225,5225,5225
2018-10-04,1368,0.6,NR,Turmeric Stick,5225,5225,5225
2018-10-05,1045,87.6,NR,Bulb,4060,6616,6100
2018-10-05,1045,87.6,NR,Bulb,4060,6616,6100
2018-10-05,1045,87.6,NR,Finger,3810,7028,6460
2018-10-05,1045,87.6,NR,Finger,3810,7028,6460
2018-10-05,398,1,NR,Bulb,4509,4509,4509
2018-10-05,398,1,NR,Bulb,4509,4509,4509
2018-10-06,398,2.4,NR,Bulb,5374,5374,5374
2018-10-06,398,2.4,NR,Bulb,5374,5374,5374
2018-10-06,398,2.4,NR,Finger,5368,5368,5368
2018-10-06,398,2.4,NR,Finger,5368,5368,5368
2018-10-07,1368,1.4,NR,Local,4800,6000,5400
2018-10-07,1368,1.4,NR,Local,4800,6000,5400
2018-10-08,1045,179.1,NR,Bulb,4285,6651,6069
2018-10-08,1045,179.1,NR,Bulb,4285,6651,6069
2018-10-08,1045,179.1,NR,Finger,4885,6727,6415
2018-10-08,1045,179.1,NR,Finger,4885,6727,6415
2018-10-09,1045,173.2,NR,Bulb,5359,6827,6250
2018-10-09,1045,173.2,NR,Bulb,5359,6827,6250
2018-10-09,1045,173.2,NR,Finger,5045,7205,6385
2018-10-09,1045,173.2,NR,Finger,5045,7205,6385
2018-10-10,1045,173.2,NR,Bulb,5359,6827,6250
2018-10-10,1045,173.2,NR,Bulb,5359,6827,6250
2018-10-10,1045,173.2,NR,Finger,5045,7205,6385
2018-10-10,1045,173.2,NR,Finger,5045,7205,6385
2018-10-10,398,5.5,NR,Bulb,4203,5656,5522
2018-10-10,398,5.5,NR,Bulb,4203,5656,5522
2018-10-10,398,5.5,NR,Finger,4152,5711,5711
2018-10-10,398,5.5,NR,Finger,4152,5711,5711
2018-10-11,1045,167.1,NR,Bulb,4200,6929,6378
2018-10-11,1045,167.1,NR,Bulb,4200,6929,6378
2018-10-11,1045,167.1,NR,Finger,4112,7106,6565
2018-10-11,1045,167.1,NR,Finger,4112,7106,6565
2018-10-11,1045,167.1,NR,Other,3512,6311,5325
2018-10-11,1045,167.1,NR,Other,3512,6311,5325
2018-10-11,398,0.2,NR,Bulb,5111,5111,5111
2018-10-11,398,0.2,NR,Bulb,5111,5111,5111
2018-10-12,1045,172.1,NR,Bulb,3427,6845,5931
2018-10-12,1045,172.1,NR,Bulb,3427,6845,5931
2018-10-12,1045,172.1,NR,Finger,5405,7107,6555
2018-10-12,1045,172.1,NR,Finger,5405,7107,6555
2018-10-12,1368,2.65,NR,Bulb,4011,5679,5589
2018-10-12,1368,2.65,NR,Bulb,4011,5679,5589
2018-10-12,1368,2.65,NR,Finger,3616,5438,5369
2018-10-12,1368,2.65,NR,Finger,3616,5438,5369
2018-10-13,398,1.9,NR,Bulb,4851,5501,5416
2018-10-13,398,1.9,NR,Bulb,4851,5501,5416
2018-10-13,398,1.9,NR,Finger,4411,5451,5311
2018-10-13,398,1.9,NR,Finger,4411,5451,5311
2018-10-15,1045,165.3,NR,Bulb,4506,6651,5900
2018-10-15,1045,165.3,NR,Bulb,4506,6651,5900
2018-10-15,1045,165.3,NR,Finger,5065,6985,6550
2018-10-15,1045,165.3,NR,Finger,5065,6985,6550
2018-10-16,1045,158.6,NR,Bulb,4010,6686,5636
2018-10-16,1045,158.6,NR,Bulb,4010,6686,5636
2018-10-16,1045,158.6,NR,Finger,4427,6809,6300
2018-10-16,1045,158.6,NR,Finger,4427,6809,6300
2018-10-22,1045,53.8,NR,Bulb,5040,6905,5727
2018-10-22,1045,53.8,NR,Bulb,5040,6905,5727
2018-10-22,1368,4.7,NR,Local,4811,5989,5579
2018-10-22,1368,4.7,NR,Local,4811,5989,5579
2018-10-23,1045,91.7,NR,Bulb,3011,6815,5900
2018-10-23,1045,91.7,NR,Bulb,3011,6815,5900
2018-10-23,1045,91.7,NR,Finger,4210,6979,6599
2018-10-23,1045,91.7,NR,Finger,4210,6979,6599
2018-10-24,1045,117.4,NR,Bulb,5505,6869,6000
2018-10-24,1045,117.4,NR,Bulb,5505,6869,6000
2018-10-24,1045,117.4,NR,Finger,5005,6937,6655
2018-10-24,1045,117.4,NR,Finger,5005,6937,6655
2018-10-24,398,0.2,NR,Bulb,5251,5251,5251
2018-10-24,398,0.2,NR,Bulb,5251,5251,5251
2018-10-24,398,0.2,NR,Finger,5152,5152,5152
2018-10-24,398,0.2,NR,Finger,5152,5152,5152
2018-10-25,1045,86.6,NR,Bulb,4307,6660,5850
2018-10-25,1045,86.6,NR,Bulb,4307,6660,5850
2018-10-25,1045,86.6,NR,Finger,3825,7056,6465
2018-10-25,1045,86.6,NR,Finger,3825,7056,6465
2018-12-21,1045,66,NR, ,0,0,0
2018-12-21,1045,66,NR, ,0,0,0
2018-12-24,1045,45,NR,Bulb,4610,6510,5806
2018-12-24,1045,45,NR,Bulb,4610,6510,5806
2018-12-24,1045,45,NR,Finger,4500,6868,6209
2018-12-24,1045,45,NR,Finger,4500,6868,6209
2018-12-27,1045,117.9,NR,Bulb,5206,7137,6337
2018-12-27,1045,117.9,NR,Bulb,5206,7137,6337
2018-12-27,1045,117.9,NR,Finger,5106,7378,6668
2018-12-27,1045,117.9,NR,Finger,5106,7378,6668
2018-12-31,1045,38,NR,Bulb,5505,6627,6336
2018-12-31,1045,38,NR,Bulb,5505,6627,6336
2018-12-31,1045,38,NR,Finger,5320,6626,5320
2018-12-31,1045,38,NR,Finger,5320,6626,5320
2019-01-03,1045,83.8,NR,Bulb,4888,6869,5706
2019-01-03,1045,83.8,NR,Finger,4006,7037,6711
2019-01-04,1045,109.9,NR,Bulb,4058,6869,5011
2019-01-04,1045,109.9,NR,Finger,4058,7027,5011
2019-01-10,1045,131.3,NR,Bulb,4027,6554,6260
2019-01-10,1045,131.3,NR,Finger,4810,7628,6547
2019-01-11,1045,175.4,NR,Bulb,4727,6425,6400
2019-01-11,1045,175.4,NR,Finger,4427,6719,6589
2019-01-17,1045,184.8,NR, ,0,0,0
2019-01-17,398,0.2,NR,Bulb,4800,4800,4800
2019-01-17,398,0.2,NR,Finger,4800,4800,4800
2019-01-22,1045,134.5,NR,Bulb,4000,5858,5006
2019-01-22,1045,134.5,NR,Finger,4051,6035,5141
2019-01-23,1045,228.4,NR,Bulb,4001,5626,5028
2019-01-23,1045,228.4,NR,Finger,4021,6262,5128
2019-01-24,1045,247.9,NR,Bulb,4001,5909,5059
2019-01-24,1045,247.9,NR,Finger,4005,6355,5155
2019-01-25,1045,348.1,NR,Bulb,4001,6000,4950
2019-01-25,1045,348.1,NR,Finger,4006,6331,5205
2019-01-29,1045,140.3,NR,Bulb,4001,5755,4869
2019-01-29,1045,140.3,NR,Finger,4006,6449,5150
2019-01-31,1045,345.6,NR,Bulb,4006,6016,4888
2019-01-31,1045,345.6,NR,Finger,4020,6451,5205
2019-07-01,1045,180.4,NR,Bulb,4006,6239,5626
2019-07-01,1045,180.4,NR,Finger,4006,6671,5758
2019-07-01,1368,119.7,NR,Bulb,4156,6069,5579
2019-07-03,1045,127.5,NR,Bulb,4000,6092,5211
2019-07-03,1045,127.5,NR,Finger,4006,6179,5835
2019-07-03,398,21.8,NR, ,0,0,0
2019-07-04,1045,119.6,NR,Bulb,4066,6129,5700
2019-07-04,1368,31.95,NR,Bulb,2828,5869,5761
2019-07-04,398,1.5,NR,Bulb,5058,5383,5058
2019-07-04,398,1.5,NR,Finger,3006,5301,3006
2019-07-05,1045,142.1,NR,Bulb,4106,6109,5827
2019-07-05,1045,142.1,NR,Finger,4012,6353,6089
2019-07-06,398,0.8,NR,Bulb,4650,5355,5355
2019-07-06,398,0.8,NR,Finger,4450,5311,5275
2019-07-08,1045,269.3,NR,Bulb,4106,6347,5947
2019-07-08,1045,269.3,NR,Finger,4149,6769,6015
2019-07-08,1368,130.85,NR,Bulb,2511,5758,5538
2019-07-09,1045,200.1,NR,Bulb,4006,6455,5506
2019-07-09,1045,200.1,NR,Finger,4000,6808,6051
2019-07-10,1045,199.5,NR,Bulb,4001,6510,5425
2019-07-10,1045,199.5,NR,Finger,4010,6892,5955
2019-07-10,398,27,NR,Bulb,5000,5521,5412
2019-07-10,398,27,NR,Finger,4700,5458,5458
2019-07-11,1045,126.2,NR,Bulb,4000,6269,5785
2019-07-11,1045,126.2,NR,Finger,4000,6415,6055
2019-07-11,1368,9.6,NR,Bulb,2529,5689,4629
2019-07-11,398,1,NR,Bulb,5375,5375,5375
2019-07-11,398,1,NR,Finger,5202,5352,5352
2019-07-12,1045,89.1,NR,Bulb,4089,5388,5388
2019-07-12,1045,89.1,NR,Finger,4150,6619,5828
2019-07-12,1176,0.05,NR,Bulb,4500,4500,4500
2019-07-13,398,8.9,NR,Bulb,4411,5513,5454
2019-07-13,398,8.9,NR,Finger,4211,5429,5429
2019-07-15,1368,79.55,NR,Bulb,2002,6029,5889
2019-07-16,398,0.2,NR,Bulb,5712,5712,5712
2019-07-16,398,0.2,NR,Finger,5652,5652,5652
2019-07-17,1045,239.6,NR,Bulb,4016,6447,6050
2019-07-17,1045,239.6,NR,Finger,4006,6539,6255
2019-07-18,1045,481.2,NR,Bulb,4006,6669,6169
2019-07-18,1045,481.2,NR,Finger,4027,7201,6450
2019-07-18,1368,22.5,NR,Bulb,3100,6129,5889
2019-07-18,398,4.7,NR,Bulb,5652,5872,5872
2019-07-18,398,4.7,NR,Finger,5411,5751,5751
2019-07-19,1045,279.3,NR,Bulb,4006,6669,5975
2019-07-19,1045,279.3,NR,Finger,4006,6825,6311
2019-07-20,398,10,NR,Bulb,5751,5951,5951
2019-07-20,398,10,NR,Finger,5652,5825,5825
2019-07-22,1045,432.7,NR,Bulb,4006,6947,5860
2019-07-22,1045,432.7,NR,Finger,4206,7011,6050
2019-07-22,398,0.9,NR,Bulb,5821,5821,5821
2019-07-22,398,0.9,NR,Finger,5659,5659,5659
2019-07-23,1045,298.9,NR,Bulb,4007,6769,5988
2019-07-23,1045,298.9,NR,Finger,4027,7151,6259
2019-07-24,1045,271.6,NR,Bulb,4006,6521,6050
2019-07-24,1045,271.6,NR,Finger,4312,7251,6412
2019-07-24,398,14.9,NR,Bulb,5211,5571,5571
2019-07-24,398,14.9,NR,Finger,5001,5711,5659
2019-07-25,1045,156,NR,Bulb,4006,6609,6269
2019-07-25,1045,156,NR,Finger,4427,7025,6465
2019-07-26,1045,104.3,NR,Bulb,4006,6415,5475
2019-07-26,1045,104.3,NR,Finger,4006,6697,6125
2019-07-27,398,0.8,NR,Bulb,5105,5604,5604
2019-07-27,398,0.8,NR,Finger,5004,5555,5555
2019-07-30,1045,113.6,NR,Bulb,4006,5681,5235
2019-07-30,1045,113.6,NR,Finger,4006,6256,5656
2019-07-31,1045,113.6,NR,Bulb,4206,6279,5465
2019-07-31,1045,113.6,NR,Finger,4010,6719,5785
2019-07-31,398,11.1,NR,Bulb,3155,5511,5511
2019-07-31,398,11.1,NR,Finger,5313,5313,5313
2020-01-02,1045,166.9,NR, ,0,0,0
2020-01-02,1045,166.9,NR, ,0,0,0
2020-01-02,398,1,NR, ,0,0,0
2020-01-02,398,1,NR, ,0,0,0
2020-01-06,1045,131.3,NR, ,0,0,0
2020-01-06,1045,131.3,NR, ,0,0,0
2020-01-06,1368,5.45,NR, ,0,0,0
2020-01-06,1368,5.45,NR, ,0,0,0
2020-01-07,1045,107,NR, ,0,0,0
2020-01-07,1045,107,NR, ,0,0,0
2020-01-08,398,0.3,NR, ,0,0,0
2020-01-08,398,0.3,NR, ,0,0,0
2020-01-09,1045,96.5,NR, ,0,0,0
2020-01-09,1045,96.5,NR, ,0,0,0
2020-01-09,1368,2.2,NR, ,0,0,0
2020-01-09,1368,2.2,NR, ,0,0,0
2020-01-10,1045,30.3,NR, ,0,0,0
2020-01-10,1045,30.3,NR, ,0,0,0
2020-01-13,1045,187.4,NR, ,0,0,0
2020-01-13,1045,187.4,NR, ,0,0,0
2020-01-17,1045,236.3,NR, ,0,0,0
2020-01-17,1045,236.3,NR, ,0,0,0
2020-01-18,398,1.2,NR, ,0,0,0
2020-01-18,398,1.2,NR, ,0,0,0
2020-01-20,1045,215.4,NR, ,0,0,0
2020-01-20,1045,215.4,NR, ,0,0,0
2020-01-21,1045,169,NR, ,0,0,0
2020-01-21,1045,169,NR, ,0,0,0
2020-01-23,1045,293.8,NR, ,0,0,0
2020-01-23,1045,293.8,NR, ,0,0,0
2020-01-29,398,2.6,NR, ,0,0,0
2020-01-29,398,2.6,NR, ,0,0,0
2020-01-31,1045,322.9,NR, ,0,0,0
2020-01-31,1045,322.9,NR, ,0,0,0
2020-02-03,1045,838.6,NR, ,0,0,0
2020-02-03,1045,838.6,NR, ,0,0,0
2020-02-04,1045,545.9,NR, ,0,0,0
2020-02-04,1045,545.9,NR, ,0,0,0
2020-02-05,1045,504.5,NR, ,0,0,0
2020-02-05,1045,504.5,NR, ,0,0,0
2020-02-06,1045,470.7,NR, ,0,0,0
2020-02-06,1045,470.7,NR, ,0,0,0
2020-02-07,1045,697.3,NR, ,0,0,0
2020-02-07,1045,697.3,NR, ,0,0,0
2020-02-10,1045,771.5,NR, ,0,0,0
2020-02-10,1045,771.5,NR, ,0,0,0
2020-02-11,1045,572.6,NR, ,0,0,0
2020-02-11,1045,572.6,NR, ,0,0,0
2020-02-12,1045,566.8,NR, ,0,0,0
2020-02-12,1045,566.8,NR, ,0,0,0
2020-02-13,1045,653.7,NR, ,0,0,0
2020-02-13,1045,653.7,NR, ,0,0,0
2020-02-14,1045,788.2,NR, ,0,0,0
2020-02-14,1045,788.2,NR, ,0,0,0
2020-02-15,398,12.5,NR, ,0,0,0
2020-02-15,398,12.5,NR, ,0,0,0
2020-02-17,1045,1936.1,NR, ,0,0,0
2020-02-17,1045,1936.1,NR, ,0,0,0
2020-02-18,1045,1084.4,NR, ,0,0,0
2020-02-18,1045,1084.4,NR, ,0,0,0
2020-02-19,1045,1321.5,NR, ,0,0,0
2020-02-19,1045,1321.5,NR, ,0,0,0
2020-02-24,1045,1633.4,NR, ,0,0,0
2020-02-24,1045,1633.4,NR, ,0,0,0
2020-02-25,1045,1020.3,NR, ,0,0,0
2020-02-25,1045,1020.3,NR, ,0,0,0
2020-02-26,1045,1164.7,NR, ,0,0,0
2020-02-26,1045,1164.7,NR, ,0,0,0
2020-02-27,1045,1062.7,NR, ,0,0,0
2020-02-27,1045,1062.7,NR, ,0,0,0
2020-02-28,1045,1170.8,NR, ,0,0,0
2020-02-28,1045,1170.8,NR, ,0,0,0
2020-03-02,1045,2439.7,NR, ,0,0,0
2020-03-02,1045,2439.7,NR, ,0,0,0
2020-03-02,1368,1,NR, ,0,0,0
2020-03-02,1368,1,NR, ,0,0,0
2020-03-03,1045,1287.3,NR, ,0,0,0
2020-03-03,1045,1287.3,NR, ,0,0,0
2020-03-04,1045,1244.8,NR, ,0,0,0
2020-03-04,1045,1244.8,NR, ,0,0,0
2020-03-05,1045,1393.8,NR, ,0,0,0
2020-03-05,1045,1393.8,NR, ,0,0,0
2020-03-05,1368,1.5,NR, ,0,0,0
2020-03-05,1368,1.5,NR, ,0,0,0
2020-03-06,1045,1442,NR, ,0,0,0
2020-03-06,1045,1442,NR, ,0,0,0
2020-03-11,398,0.4,NR, ,0,0,0
2020-03-11,398,0.4,NR, ,0,0,0
2020-03-12,1045,3050.2,NR, ,0,0,0
2020-03-12,1045,3050.2,NR, ,0,0,0
2020-03-13,1045,1555.3,NR, ,0,0,0
2020-03-13,1045,1555.3,NR, ,0,0,0
2020-03-16,1045,3063.3,NR, ,0,0,0
2020-03-16,1045,3063.3,NR, ,0,0,0
2020-03-17,1045,1781.5,NR, ,0,0,0
2020-03-17,1045,1781.5,NR, ,0,0,0
2020-03-20,1045,2005.8,NR, ,0,0,0
2020-03-20,1045,2005.8,NR, ,0,0,0
2020-03-20,398,0.8,NR, ,0,0,0
2020-03-20,398,0.8,NR, ,0,0,0
