0,retail,mandi,arrival,events
2007-06-08,750.0,850.0,1813.0,24
2007-06-09,750.0,1250.0,1813.0,24
2007-06-10,750.0,1650.0,1156.0,24
2007-06-11,750.0,1250.0,1707.0,24
2007-06-12,750.0,600.0,1707.0,24
2007-06-13,750.0,550.0,1707.0,24
2007-06-14,750.0,510.0,1434.0,24
2007-06-15,750.0,625.0,1663.0,24
2007-06-16,750.0,625.0,1560.0,24
2007-06-17,750.0,643.75,871.8861392925693,24
2007-06-18,750.0,675.0,266.0,24
2007-06-19,750.0,700.0,2975.0,24
2007-06-20,750.0,725.0,1881.0,24
2007-06-21,750.0,700.0,0.2,24
2007-06-22,750.0,668.75,0.12187593457788648,24
2007-06-23,750.0,650.0,0.1,24
2007-06-24,750.0,725.0,0.45,24
2007-06-25,750.0,800.0,0.8,24
2007-06-26,750.0,800.0,0.1,24
2007-06-27,750.0,750.0,0.2,24
2007-06-28,750.0,750.0,0.3,24
2007-06-29,750.0,750.0,0.1,24
2007-06-30,750.0,879.6296296296297,202.037037037037,24
2007-07-01,750.0,1120.3703703703702,577.0629629629627,24
2007-07-02,750.0,1250.0,779.0,24
2007-07-03,750.0,978.125,471.50000000000006,24
2007-07-04,750.0,650.0,164.0,24
2007-07-05,750.0,575.0,302.0,24
2007-07-06,750.0,425.0,1694.0,24
2007-09-30,750.0,1250.0,0.4,25
2007-10-01,750.0,925.0,1117.0,25
2007-10-02,750.0,912.4089314624933,798.5,25
2007-10-03,750.0,900.0,480.0,25
2007-10-04,750.0,650.0,1499.0,25
2007-10-05,750.0,450.0,863.0,25
2007-10-06,750.0,584.957627118644,300.39688331028606,25
2007-10-07,750.0,800.0,0.4,25
2007-10-08,750.0,950.0,0.5,25
2007-10-09,750.0,1325.0,0.5,25
2007-10-10,750.0,1250.0,0.4,25
2007-10-11,750.0,858.542899408284,1528.0,25
2007-10-12,750.0,525.0,277.0,25
2007-10-13,750.0,1350.0,0.5,25
2007-10-14,750.0,1450.0,0.5,25
2007-10-15,750.0,1425.0,0.5,25
2007-10-16,750.0,1250.0,753.0,25
2007-10-17,750.0,1200.0,20.0,25
2007-10-18,750.0,1250.0,0.1,25
2007-10-19,750.0,1250.0,323.0,25
2007-10-20,750.0,1250.0,467.0,25
2007-10-21,750.0,1450.0,0.4,25
2007-10-22,750.0,1250.0,0.5,25
2007-10-23,750.0,1450.0,0.4,25
2007-10-24,750.0,1425.0,0.4,25
2007-10-25,750.0,1300.0,40.0,25
2007-10-26,750.0,1500.0,50.0,25
2007-10-27,750.0,1500.0,120.0,25
2007-10-28,750.0,450.0,1.5,25
2008-01-20,750.0,446.0811419984974,244.074074074074,26
2008-01-21,750.0,389.5942900075131,32.0,26
2008-01-22,750.0,351.78812922614577,765.0,26
2008-01-23,750.0,338.0,1391.0,26
2008-01-24,750.0,338.0,1259.0,26
2008-01-25,750.0,400.0,370.0,26
2008-01-26,750.0,436.4891179839634,371.90804966816523,26
2008-01-27,750.0,464.077892325315,378.9272104474417,26
2008-01-28,750.0,475.0,393.0,26
2008-01-29,750.0,375.0,1674.0,26
2008-01-30,750.0,356.41891891891885,1193.0,26
2008-01-31,750.0,350.0,712.0,26
2008-02-01,750.0,357.29166666666663,1090.4456655964436,26
2008-02-02,750.0,375.0,1486.0,26
2008-02-03,750.0,442.70833333333326,1512.4543344035562,26
2008-02-04,750.0,500.0,1521.8,26
2008-02-05,750.0,450.0,666.8,26
2008-02-06,750.0,425.0,208.9,26
2008-02-07,750.0,550.0,1312.8,26
2008-02-08,750.0,600.0,956.3,26
2008-02-09,750.0,700.0,1057.7,26
2008-02-10,750.0,799.0722877218054,1152.253226522628,26
2008-02-11,750.0,890.0916994164581,1243.694281358596,26
2008-02-12,750.0,930.0,1337.0,26
2008-02-13,750.0,325.0,1435.0,26
2008-02-14,750.0,300.0,175.0,26
2008-02-15,750.0,375.0,297.0,26
2008-02-16,750.0,375.0,1926.0,26
2008-02-17,750.0,406.5,1050.0,26
2008-03-03,750.0,675.0,1206.4,27
2008-03-04,750.0,525.0,914.55,27
2008-03-05,750.0,375.0,622.7,27
2008-03-06,750.0,450.0,1821.9,27
2008-03-07,750.0,600.0,1205.7,27
2008-03-08,750.0,651.8594253263266,999.196823159102,27
2008-03-09,750.0,700.0,790.0,27
2008-03-10,750.0,811.0,138.4,27
2008-03-11,750.0,1039.0,111.1,27
2008-03-12,750.0,956.0,1131.7,27
2008-03-13,750.0,500.0,401.1,27
2008-03-14,750.0,575.0,399.4,27
2008-03-15,750.0,475.0,688.4,27
2008-03-16,750.0,525.0,428.7000000000001,27
2008-03-17,750.0,575.0,169.0,27
2008-03-18,750.0,567.8571428571427,343.4147417988665,27
2008-03-19,750.0,550.0,763.9,27
2008-03-20,750.0,500.0,1797.0,27
2008-03-21,750.0,500.0,1720.390625,27
2008-03-22,750.0,500.0,1551.85,27
2008-03-23,750.0,500.0,1383.309375,27
2008-03-24,750.0,500.0,1306.7,27
2008-03-25,750.0,563.0,1502.2,27
2008-03-26,750.0,500.0,149.2,27
2008-03-27,750.0,500.0,77.8,27
2008-03-28,750.0,500.0,619.4999999999998,27
2008-03-29,750.0,500.0,1161.2,27
2008-03-30,750.0,590.7407407407406,1135.6310206639039,27
2008-03-31,750.0,759.2592592592592,1058.6842635500304,27
2008-04-15,700.0,450.0,1709.9,28
2008-04-16,650.0,425.0,441.4,28
2008-04-17,6500.0,450.0,430.7,28
2008-04-18,6250.0,425.0,553.9,28
2008-04-19,6000.0,413.0,645.5,28
2008-04-20,6000.0,407.07930973866166,955.1478391802012,28
2008-04-21,6000.0,400.0,1199.6,28
2008-04-22,6000.0,375.0,418.7,28
2008-04-23,6000.0,400.0,1614.6,28
2008-04-24,6000.0,400.0,1296.4,28
2008-04-25,600.0,400.0,427.1,28
2008-04-26,700.0,400.0,1747.7,28
2008-04-27,718.5810810810809,373.38043478260875,939.9500000000003,28
2008-04-28,725.0,338.0,132.2,28
2008-04-29,700.0,325.0,2262.5,28
2008-04-30,650.0,400.0,645.6,28
2008-05-01,600.0,387.5,739.0,28
2008-05-02,650.0,375.0,559.0,28
2008-05-03,625.0,425.0,297.9,28
2008-05-04,637.5,500.0,434.5,28
2008-05-05,650.0,375.0,622.7,28
2008-05-06,650.0,425.0,1344.2,28
2008-05-07,625.0,500.0,890.2,28
2008-05-08,650.0,825.0,1148.2,28
2008-05-09,635.0,700.0,1371.7,28
2008-05-10,600.0,885.0,1308.7720687534666,28
2008-05-11,606.5384615384615,1070.0,1129.5,28
2008-05-12,620.0,923.0,244.2,28
2008-05-13,640.0,450.0,2006.1,28
2008-05-28,725.0,438.0,1189.3,29
2008-05-29,700.0,438.0,1164.2,29
2008-05-30,725.0,438.0,1188.0,29
2008-05-31,1800.0,400.0,1768.8,29
2008-06-01,1250.0,325.9956942949408,1667.604569107344,29
2008-06-02,700.0,275.0,1391.0,29
2008-06-03,725.0,425.0,274.7,29
2008-06-04,700.0,400.0,605.7208263748281,29
2008-06-05,750.0,375.0,1115.8,29
2008-06-06,725.0,450.0,1435.9,29
2008-06-07,722.0776874435412,727.2177419354839,1139.95,29
2008-06-08,720.4832881662151,950.0,844.0,29
2008-06-09,720.0,700.0,1265.6,29
2008-06-10,750.0,842.0,105.2,29
2008-06-11,725.0,1077.0,1167.6,29
2008-06-12,750.0,1045.0,772.0,29
2008-06-13,750.0,450.0,895.6,29
2008-06-14,725.0,450.0,1412.2,29
2008-06-15,733.1730769230769,425.0,827.8500000000001,29
2008-06-16,750.0,400.0,243.5,29
2008-06-17,775.0,450.0,1729.2,29
2008-06-18,750.0,450.0,1328.2,29
2008-06-19,750.0,450.0,1230.9,29
2008-06-20,800.0,375.0,1353.3,29
2008-06-21,800.0,525.0,1431.9,29
2008-06-22,830.1630434782608,450.0,804.5500000000003,29
2008-06-23,875.0,375.0,177.2,29
2008-06-24,900.0,450.0,2112.1,29
2008-06-25,925.0,475.0,1363.3,29
2008-07-10,1100.0,842.0,889.5,30
2008-07-11,1200.0,1077.0,1487.1,30
2008-07-12,1200.0,953.3333333333335,1182.3407407407408,30
2008-07-13,1200.0,723.6666666666667,616.3592592592594,30
2008-07-14,1200.0,600.0,311.6,30
2008-07-15,1220.0,688.0,1680.2,30
2008-07-16,1200.0,688.0,1445.4,30
2008-07-17,1237.5,750.0,1417.8,30
2008-07-18,1300.0,688.0,1247.8,30
2008-07-19,1350.0,750.0,1399.6,30
2008-07-20,1383.6538461538462,625.0,743.75,30
2008-07-21,1400.0,500.0,87.9,30
2008-07-22,1300.0,800.0,1085.1,30
2008-07-23,1350.0,600.0,878.5,30
2008-07-24,1300.0,800.0,1216.5,30
2008-07-25,1400.0,800.0,1050.8,30
2008-07-26,1350.0,800.0,1254.1,30
2008-07-27,1364.2857142857147,875.0,679.5000000000001,30
2008-07-28,1400.0,950.0,104.9,30
2008-07-29,1500.0,750.0,1189.7,30
2008-07-30,1500.0,750.0,1190.5,30
2008-07-31,1500.0,950.0,829.3,30
2008-08-01,1500.0,766.9908720311946,1371.0,30
2008-08-02,1500.0,525.0,941.0,30
2008-08-03,1475.0,438.0,414.8,30
2008-08-04,1450.0,500.0,148.6,30
2008-08-05,1500.0,375.0,1227.8,30
2008-08-06,1450.0,415.43674698795184,1744.955529319325,30
2008-08-07,1525.0,525.0,1970.1,30
2008-09-07,1358.173076923077,525.0,1273.8,31
2008-09-08,1350.0,875.0,2177.6,31
2008-09-09,1350.0,650.0,1860.3,31
2008-09-10,1300.0,845.0,629.1,31
2008-09-11,1450.0,979.27734375,1076.6,31
2008-09-12,1400.0,1045.0,1524.1,31
2008-09-13,1400.0,875.0,1308.1,31
2008-09-14,1394.4441001487353,875.0,671.8096937733924,31
2008-09-15,1375.0,875.0,184.2,31
2008-09-16,130.0,850.0,1140.6,31
2008-09-17,1325.0,850.0,1007.3,31
2008-09-18,1350.0,850.0,1007.7,31
2008-09-19,1325.0,825.0,876.9,31
2008-09-20,1338.095238095238,850.0,1142.4,31
2008-09-21,1367.857142857143,850.0,663.2,31
2008-09-22,1400.0,850.0,184.0,31
2008-09-23,1438.6243386243384,800.0,1127.3,31
2008-09-24,1480.4232804232806,875.0,739.9,31
2008-09-25,1500.0,850.0,1054.9,31
2008-09-26,1500.0,850.0,946.2,31
2008-09-27,1450.0,852.0,1614.9,31
2008-09-28,1450.0,852.0,894.45,31
2008-09-29,1550.0,852.0,174.0,31
2008-09-30,1600.0,811.0,1523.5,31
2008-10-01,1600.0,775.1162272209193,1633.0,31
2008-10-02,1625.0,737.4773668718183,1239.3,31
2008-10-03,1650.0,675.0,845.6,31
2008-10-04,1575.0,475.0,1320.3,31
2008-10-05,1587.5,450.0,1438.2,31
2008-10-20,1600.0,788.0,868.6,32
2008-10-21,1700.0,795.5,686.0004455749796,32
2008-10-22,1700.0,803.0,609.9,32
2008-10-23,1500.0,784.0,908.4,32
2008-10-24,1450.0,784.0,942.3,32
2008-10-25,1500.0,763.0,1459.8,32
2008-10-26,1462.5,745.289603960396,902.4,32
2008-10-27,1400.0,736.0,345.0,32
2008-10-28,1337.5,736.0,1040.3,32
2008-10-29,1300.0,760.8888888888888,271.0,32
2008-10-30,1300.0,807.1111111111112,417.1968123386255,32
2008-10-31,1300.0,832.0,586.9,32
2008-11-01,1400.0,578.5,617.0,32
2008-11-02,1400.0,325.0,679.0,32
2008-11-03,1400.0,425.0,837.8,32
2008-11-04,1400.0,450.0,1685.7,32
2008-11-05,1400.0,437.5,1503.7602233507544,32
2008-11-06,1450.0,425.0,1251.8,32
2008-11-07,1475.0,750.0,1142.7,32
2008-11-08,1425.0,875.0,277.1,32
2008-11-09,1443.75,875.0,995.8,32
2008-11-10,1475.0,919.0,1221.3,32
2008-11-11,1500.0,1172.0,952.1,32
2008-11-12,1650.0,1114.0,674.9,32
2008-11-13,1635.7142857142858,1245.0,775.9,32
2008-11-14,1600.0,1217.0,1048.1,32
2008-11-15,1500.0,1208.0,1327.5,32
2008-11-16,1472.9395604395606,1152.7498239202334,796.5999999999998,32
2008-11-17,1450.0,1071.0,265.7,32
2008-12-14,1646.5488215488215,1293.1346153846155,393.02308432066485,33
2008-12-15,1637.5420875420873,1300.0,202.9,33
2008-12-16,1625.0,1223.0,1350.4,33
2008-12-17,1600.0,1075.0,1158.2,33
2008-12-18,1575.0,1153.0,1104.1,33
2008-12-19,1530.1630434782612,1138.0,759.2,33
2008-12-20,1500.0,1068.0,685.2,33
2008-12-21,1550.0,1071.75,401.3384810126583,33
2008-12-22,1600.0,1080.0,171.6,33
2008-12-23,1600.0,1095.0,683.3,33
2008-12-24,1600.0,1192.0,523.9,33
2008-12-25,1607.1428571428567,1221.0,604.8,33
2008-12-26,1625.0,1221.0,577.2,33
2008-12-27,1675.0,1221.0,676.9,33
2008-12-28,1666.8269230769229,1221.0,556.55,33
2008-12-29,1650.0,1221.0,436.2,33
2008-12-30,1625.0,1229.0,1002.5,33
2008-12-31,1700.0,1313.0,484.8,33
2009-01-01,1650.0,1240.0,638.5,33
2009-01-02,1560.0,1048.304413604492,583.0703703703704,33
2009-01-03,1800.0,795.2077623578018,480.1296296296297,33
2009-01-04,1855.0063572790848,669.0,424.7,33
2009-01-05,1900.0,725.0,667.2,33
2009-01-06,2000.0,752.7777777777777,57.8,33
2009-01-07,2000.0,765.0,1186.5,33
2009-01-08,1925.0,763.0,1103.8,33
2009-01-09,1850.0,870.0,1653.5,33
2009-01-10,1900.0,1150.0,762.1,33
2009-01-11,1900.0,1059.5,1083.8,33
2009-01-26,1807.4074074074072,1166.0230699742895,564.5111111111112,34
2009-01-27,1775.0,1130.0,331.1,34
2009-01-28,1800.0,1100.0,1266.9,34
2009-01-29,1850.0,1046.0,559.6,34
2009-01-30,1675.0,1033.0,1943.1,34
2009-01-31,1587.2053872053873,925.0,549.9,34
2009-02-01,1524.1582491582492,1233.0,917.9,34
2009-02-02,1500.0,894.0,1777.2,34
2009-02-03,1600.0,1063.0,393.4,34
2009-02-04,1800.0,725.0,447.2,34
2009-02-05,1600.0,725.0,760.5,34
2009-02-06,1600.0,683.0,1717.8,34
2009-02-07,1700.0,788.0,1377.9,34
2009-02-08,1661.111111111111,826.7447320261438,959.0104131045508,34
2009-02-09,1588.888888888889,870.0,610.1,34
2009-02-10,1550.0,1152.7532679738565,403.1537012865932,34
2009-02-11,1558.1730769230771,1400.0,305.3,34
2009-02-12,1575.0,1031.0,1582.4,34
2009-02-13,1600.0,1022.0,148.7,34
2009-02-14,1600.0,1022.0,1049.3,34
2009-02-15,1600.0,1022.0,1307.929399263405,34
2009-02-16,1600.0,1022.0,1405.8,34
2009-02-17,1700.0,1075.0,781.6,34
2009-02-18,1700.0,1081.0,634.5,34
2009-02-19,1650.0,1180.0,1529.4,34
2009-02-20,1725.0,1198.0,1275.2,34
2009-02-21,1800.0,1210.0,1695.2,34
2009-02-22,1800.0,1206.5,1414.1001478456774,34
2009-02-23,1800.0,1203.0,1046.0,34
2009-03-10,1484.3417675100845,1458.0,224.3,35
2009-03-11,1428.2819948661534,1551.0,1179.7,35
2009-03-12,1400.0,1208.5,1970.4,35
2009-03-13,1500.0,866.0,1497.7,35
2009-03-14,1450.0,872.0,1891.1,35
2009-03-15,1487.5,883.2937062937064,1062.4,35
2009-03-16,1550.0,891.0,233.7,35
2009-03-17,1600.0,891.0,727.1,35
2009-03-18,1800.0,891.0,586.0,35
2009-03-19,1700.0,919.0,888.7,35
2009-03-20,1600.0,919.0,1895.3,35
2009-03-21,1600.0,878.0,911.9,35
2009-03-22,1600.0,822.3284061696656,428.183312182741,35
2009-03-23,1600.0,788.0,215.9,35
2009-03-24,1700.0,792.0,1845.8,35
2009-03-25,1450.0,659.0,896.7,35
2009-03-26,1600.0,653.0,2149.6,35
2009-03-27,1500.0,666.0,752.3,35
2009-03-28,1600.0,669.0,2752.6,35
2009-03-29,1550.0,669.0,1419.25,35
2009-03-30,1500.0,669.0,85.9,35
2009-03-31,1600.0,669.0,2205.6,35
2009-04-01,1600.0,815.7946428571429,1206.9499999999996,35
2009-04-02,1600.0,997.0,208.3,35
2009-04-03,1600.0,1044.0,1100.8,35
2009-04-04,1600.0,725.0,648.4,35
2009-04-05,1575.0,731.0,45.2,35
2009-04-06,1550.0,725.0,1513.2,35
2009-04-07,1550.0,775.0,1678.0,35
2009-05-09,1348.1481481481485,855.0,822.9,36
2009-05-10,1251.851851851852,1767.0,235.2,36
2009-05-11,1200.0,1511.0,1060.1,36
2009-05-12,1400.0,975.0,2454.6,36
2009-05-13,1200.0,625.0,1553.6,36
2009-05-14,1250.0,625.0,1490.1,36
2009-05-15,1250.0,658.0,1245.8,36
2009-05-16,1350.0,633.0,1296.2,36
2009-05-17,1350.0,633.0,717.7,36
2009-05-18,1350.0,633.0,139.2,36
2009-05-19,1325.0,633.0,1316.8,36
2009-05-20,1300.0,633.0,15.5,36
2009-05-21,1200.0,617.0,998.6,36
2009-05-22,1225.0,633.0,1198.8,36
2009-05-23,1250.0,600.0,1220.2,36
2009-05-24,1125.0,600.0,684.9999999999999,36
2009-05-25,1000.0,600.0,149.8,36
2009-05-26,1100.0,633.0,1174.6,36
2009-05-27,1100.0,650.0,1210.5,36
2009-05-28,1100.0,550.0,1201.6,36
2009-05-29,1100.0,650.0,1042.3,36
2009-05-30,1100.0,650.0,1020.5,36
2009-05-31,1150.0,970.0,1133.75,36
2009-06-01,1200.0,1290.0,1247.0,36
2009-06-02,1100.0,1000.0,739.6,36
2009-06-03,1600.0,1044.0,555.8,36
2009-06-04,1600.0,750.0,164.3,36
2009-06-05,1200.0,731.0,1327.4,36
2009-06-06,1300.0,650.0,17.5,36
2009-06-27,1300.0,810.0,1397.2,37
2009-06-28,1325.0,805.3461538461539,760.1500000000002,37
2009-06-29,1350.0,794.0,123.1,37
2009-06-30,1300.0,765.0,1747.3,37
2009-07-01,1400.0,1310.0,1324.6,37
2009-07-02,1500.0,903.0,1126.8,37
2009-07-03,1400.0,938.0,1079.8,37
2009-07-04,1525.0,750.0,1059.3,37
2009-07-05,1437.5,752.2993930385236,1318.325925925926,37
2009-07-06,1350.0,758.8210082992691,1799.374074074074,37
2009-07-07,1500.0,769.0,2058.4,37
2009-07-08,1400.0,800.0,1078.8,37
2009-07-09,1400.0,855.0,104.7,37
2009-07-10,1400.0,1577.0,956.4,37
2009-07-11,1400.0,1311.0,1164.4,37
2009-07-12,1375.0,975.0,2454.6,37
2009-07-13,1350.0,781.0,143.8,37
2009-07-14,1400.0,769.0,1563.0,37
2009-07-15,1350.0,794.0,1120.5,37
2009-07-16,1400.0,778.5,955.7,37
2009-07-17,1400.0,763.0,1087.6,37
2009-07-18,1400.0,790.0,1234.3,37
2009-07-19,1387.5,1156.4531332979288,694.2,37
2009-07-20,1375.0,1500.0,154.1,37
2009-07-21,1400.0,815.0,1404.8,37
2009-07-22,1350.0,803.0,659.9,37
2009-07-23,1350.0,785.0,862.7,37
2009-07-24,1350.0,780.0,1077.9,37
2009-07-25,1350.0,770.0,1025.3,37
2009-08-09,1375.0,855.0,1040.6,38
2009-08-10,1400.0,1577.0,1224.0,38
2009-08-11,1400.0,1387.7317073170734,2018.4012401572547,38
2009-08-12,1400.0,1092.0,2675.5,38
2009-08-13,1400.0,898.0,1083.9,38
2009-08-14,1400.0,878.0,1443.9,38
2009-08-15,1400.0,878.1825605132692,1147.3074074074073,38
2009-08-16,1400.0,878.8095654709829,596.4925925925926,38
2009-08-17,1400.0,880.0,299.9,38
2009-08-18,1400.0,896.0,2513.2,38
2009-08-19,1375.0,877.0,635.4,38
2009-08-20,1400.0,850.0,1955.0,38
2009-08-21,1400.0,930.0,732.9,38
2009-08-22,1500.0,920.0,850.6,38
2009-08-23,1450.0,935.0,562.5,38
2009-08-24,1400.0,950.0,274.4,38
2009-08-25,1425.0,950.0,1695.4,38
2009-08-26,1400.0,920.0,1078.0,38
2009-08-27,1400.0,913.0,1290.5,38
2009-08-28,1400.0,890.0,1115.7,38
2009-08-29,1375.0,900.0,1199.7,38
2009-08-30,1358.173076923077,900.0,660.5500000000002,38
2009-08-31,1350.0,900.0,121.4,38
2009-09-01,1400.0,1313.0,566.5,38
2009-09-02,1400.0,908.0,1652.3,38
2009-09-03,1350.0,919.0,397.2,38
2009-09-04,1400.0,750.0,523.7,38
2009-09-05,1400.0,725.0,1801.1,38
2009-09-06,1387.5,667.0,1665.6,38
2009-09-21,1487.037037037037,898.6296296296297,999.437037037037,39
2009-09-22,1500.0,889.0,870.4,39
2009-09-23,1500.0,879.3703703703702,741.3629629629628,39
2009-09-24,1425.0,871.9629629629628,642.1037037037038,39
2009-09-25,1400.0,869.0,602.4,39
2009-09-26,1500.0,870.0193133047211,604.9073308361918,39
2009-09-27,1487.037037037037,873.3015021459227,612.3445488965116,39
2009-09-28,1462.962962962963,879.1829399141631,624.5844925085755,39
2009-09-29,1450.0,888.0,641.5,39
2009-09-30,1500.0,1103.0992489270386,730.6527255517442,39
2009-10-01,1525.0,1313.0,810.2,39
2009-10-02,1631.5806878306876,908.0,494.9,39
2009-10-03,1800.0,875.0,2151.0,39
2009-10-04,2040.7407407407406,750.0,1537.6,39
2009-10-05,2200.0,692.0026501766785,1313.1643862247734,39
2009-10-06,2025.0,667.0,1222.8,39
2009-10-07,2000.0,797.0,1322.9,39
2009-10-08,1975.0,793.0,117.1,39
2009-10-09,2000.0,855.0,902.0,39
2009-10-10,1900.0,1569.0,1335.4,39
2009-10-11,1950.0,1250.0,1603.9,39
2009-10-12,2000.0,1033.0,1800.0,39
2009-10-13,2000.0,1633.0,686.3,39
2009-10-14,2000.0,1675.0,733.2,39
2009-10-15,2000.0,1675.0,1002.8,39
2009-10-16,1900.0,1613.0,1671.0,39
2009-10-17,1912.962962962963,1613.0,1142.1,39
2009-10-18,1937.037037037037,1613.0,861.5572291753135,39
2009-10-19,1950.0,1613.0,735.5,39
2009-11-14,1950.0,1353.0,1459.6,40
2009-11-15,2046.7741935483875,1383.4965753424658,833.3918458728567,40
2009-11-16,2100.0,1418.0,304.0,40
2009-11-17,2100.0,1423.0,1036.2,40
2009-11-18,2100.0,1390.0,1457.6,40
2009-11-19,2100.0,1381.0,1978.4,40
2009-11-20,2000.0,1258.0,1848.2,40
2009-11-21,2200.0,1240.0,1390.8,40
2009-11-22,2172.2079918032787,1234.583877995643,643.8415556820726,40
2009-11-23,2096.72131147541,1231.1808278867102,155.4,40
2009-11-24,1985.373975409836,1230.0,1982.6,40
2009-11-25,1850.0,1230.0,2687.2,40
2009-11-26,1600.0,941.0,2752.4,40
2009-11-27,1575.0,918.0,3268.4,40
2009-11-28,1577.3577701412753,918.0,2821.5,40
2009-11-29,1585.2710958381065,944.8318625610216,1370.28931076146,40
2009-11-30,1600.0,1017.0,234.2,40
2009-12-01,1750.0,1288.0,555.8,40
2009-12-02,1850.0,919.0,1258.1,40
2009-12-03,1850.0,866.0,166.5,40
2009-12-04,1700.0,811.6360986920487,1006.2500000000003,40
2009-12-05,1750.0,750.0,1846.0,40
2009-12-06,1725.0,667.0,1331.3,40
2009-12-07,1700.0,775.0,1047.5651093568006,40
2009-12-08,1700.0,883.0,918.5,40
2009-12-09,1800.0,855.0,1607.6,40
2009-12-10,1700.0,1569.0,1444.0,40
2009-12-11,1800.0,1300.0,1105.0,40
2009-12-12,1600.0,1033.0,1679.2,40
2010-01-09,1850.0,1031.0,1581.4,41
2010-01-10,1875.0,1000.0,1235.5,41
2010-01-11,1900.0,1449.0,203.1,41
2010-01-12,1900.0,2025.0,1815.8,41
2010-01-13,1900.0,1236.0,586.4,41
2010-01-14,1875.0,1236.0,787.1,41
2010-01-15,1900.0,1229.0,548.5,41
2010-01-16,1850.0,1225.0,976.5,41
2010-01-17,1862.5,1225.0,797.9607692080203,41
2010-01-18,1875.0,1225.0,476.8,41
2010-01-19,1850.0,1218.0,155.1,41
2010-01-20,1850.0,1093.0,294.1,41
2010-01-21,1850.0,1302.0,319.9,41
2010-01-22,1900.0,1371.0,644.6,41
2010-01-23,2000.0,1390.0,745.8,41
2010-01-24,2000.0,1383.6090909090908,580.9523076923076,41
2010-01-25,2000.0,1371.0,409.2,41
2010-01-26,2000.0,1349.8909090909092,398.54769230769233,41
2010-01-27,2000.0,1335.0,394.8,41
2010-01-28,1900.0,1348.0,872.5,41
2010-01-29,2000.0,1308.0,966.2,41
2010-01-30,2000.0,1320.0,994.7,41
2010-01-31,2000.0,1375.037437603993,974.8508097165993,41
2010-02-01,2000.0,1421.0,922.7,41
2010-02-02,1900.0,1203.0,745.4,41
2010-02-03,1900.0,783.0,296.9,41
2010-02-04,2000.0,769.0,947.4,41
2010-02-05,1900.0,594.0915649278579,1559.836543107353,41
2010-02-06,1900.0,431.0,1893.5,41
2010-02-21,1875.0,1058.0,767.15,42
2010-02-22,1900.0,1058.0,517.7,42
2010-02-23,1800.0,1015.0,1213.5,42
2010-02-24,1800.0,1015.0,810.8,42
2010-02-25,1800.0,870.0,962.7,42
2010-02-26,1800.0,768.171875,1027.5,42
2010-02-27,1784.375,718.0,2259.9,42
2010-02-28,1750.0,838.5555555555555,2206.2803669287587,42
2010-03-01,1715.625,1062.4444444444446,2040.6607338575175,42
2010-03-02,1700.0,1183.0,1755.9,42
2010-03-03,1700.0,825.0,312.3,42
2010-03-04,1700.0,780.0,820.6,42
2010-03-05,1700.0,559.0,109.5,42
2010-03-06,1800.0,431.0,1413.0,42
2010-03-07,1600.0,663.0,1343.6,42
2010-03-08,1600.0,729.0,1427.1,42
2010-03-09,1650.0,1047.0,1229.2,42
2010-03-10,1800.0,1259.5217961409428,933.4191926699476,42
2010-03-11,1600.0,1469.0,745.3,42
2010-03-12,1650.0,1771.0,1945.0,42
2010-03-13,1600.0,869.0,1950.8,42
2010-03-14,1650.0,828.8562553731525,1568.0,42
2010-03-15,1700.0,809.0,1185.2,42
2010-03-16,1600.0,788.0,1632.6,42
2010-03-17,1625.0,750.0,1487.0,42
2010-03-18,1600.0,744.0,282.1,42
2010-03-19,1600.0,658.0,226.7,42
2010-03-20,1500.0,675.0,1561.4,42
2010-03-21,1550.0,686.3919422037054,786.9500000000003,42
2010-04-15,1600.0,710.0,1097.5,43
2010-04-16,1600.0,700.0,1048.0,43
2010-04-17,1600.0,675.0,1182.4,43
2010-04-18,1700.0,675.0,637.75,43
2010-04-19,1800.0,675.0,93.1,43
2010-04-20,1700.0,675.0,1237.3,43
2010-04-21,1600.0,656.0,1119.8,43
2010-04-22,1600.0,606.0,1176.4,43
2010-04-23,1500.0,594.0,1826.4,43
2010-04-24,1500.0,606.0,604.4,43
2010-04-25,1550.0,606.0,242.684552713052,43
2010-04-26,1600.0,606.0,104.8,43
2010-04-27,1600.0,606.0,1447.9,43
2010-04-28,1600.0,595.0,909.3,43
2010-04-29,1550.0,608.0,1249.4,43
2010-04-30,1525.0,583.0,1446.3,43
2010-05-01,1400.0,1452.0,826.0,43
2010-05-02,1400.0,1190.0,499.0,43
2010-05-03,1400.0,925.0,300.6,43
2010-05-04,1500.0,778.0,193.9,43
2010-05-05,1400.0,558.0,1420.6,43
2010-05-06,1400.0,422.0,1125.9,43
2010-05-07,1350.0,658.0,69.1,43
2010-05-08,1400.0,1000.6430449198557,864.3,43
2010-05-09,1350.0,1367.7104113488167,740.0,43
2010-05-10,1300.0,1539.0,615.7,43
2010-05-11,1300.0,1496.0,1132.7,43
2010-05-12,1300.0,971.8817542561068,1133.250432544913,43
2010-05-13,1300.0,484.0,1133.8,43
2010-05-30,1300.0,457.5396174863388,788.5,44
2010-05-31,1300.0,463.0,147.7,44
2010-06-01,1250.0,1488.0,670.9,44
2010-06-02,1350.0,1190.0,627.9,44
2010-06-03,1350.0,1023.1776577346878,1016.9,44
2010-06-04,1400.0,855.0,1405.9,44
2010-06-05,1400.0,548.0,1260.7,44
2010-06-06,1400.0,586.6556603773586,1537.2,44
2010-06-07,1400.0,658.0,1813.7,44
2010-06-08,1400.0,735.0,885.5,44
2010-06-09,1400.0,994.0,132.0,44
2010-06-10,1400.0,1539.0,469.8,44
2010-06-11,1400.0,1657.7238625363018,443.6,44
2010-06-12,1400.0,1700.0,316.8,44
2010-06-13,1400.0,1108.0,353.05820084416524,44
2010-06-14,1400.0,516.0,470.9,44
2010-06-15,1500.0,516.0,2012.3,44
2010-06-16,1500.0,475.0,1428.2,44
2010-06-17,1400.0,475.0,1324.8,44
2010-06-18,1500.0,425.0,1413.2,44
2010-06-19,1500.0,425.0,1319.2,44
2010-06-20,1500.0,425.0,683.6251336898398,44
2010-06-21,1500.0,425.0,123.2,44
2010-06-22,1500.0,425.0,1679.1,44
2010-06-23,1500.0,425.0,1012.3,44
2010-06-24,1500.0,425.0,1006.6,44
2010-06-25,1500.0,563.0,1164.9,44
2010-06-26,1500.0,568.0,939.9,44
2010-06-27,1500.0,621.0863636363638,431.97403651115616,44
2010-08-08,1388.888888888889,834.3363337691507,731.6515733630217,45
2010-08-09,1350.0,1022.0,656.6,45
2010-08-10,1350.0,1353.620699546555,417.5672503788517,45
2010-08-11,1400.0,1636.0,240.9,45
2010-08-12,1450.0,1725.0,1415.4,45
2010-08-13,1400.0,765.0,748.2,45
2010-08-14,1375.0,775.0,1068.6,45
2010-08-15,1375.0,784.7185072856281,1333.7342828132844,45
2010-08-16,1375.0,802.0,1471.9,45
2010-08-17,1275.0,915.0,1280.2,45
2010-08-18,1350.0,905.0,813.4,45
2010-08-19,1400.0,905.0,905.7,45
2010-08-20,1400.0,905.0,1152.4,45
2010-08-21,1400.0,916.0,1293.5,45
2010-08-22,1362.5,914.4722222222224,1224.0714075933145,45
2010-08-23,1325.0,911.0,1102.0,45
2010-08-24,1400.0,904.0,987.6,45
2010-08-25,1400.0,896.0,509.3,45
2010-08-26,1425.0,896.0,565.9,45
2010-08-27,1400.0,927.0,664.9,45
2010-08-28,1500.0,939.0,805.6,45
2010-08-29,1567.3076923076926,970.3087535352142,462.2000000000001,45
2010-08-30,1600.0,1007.0,118.8,45
2010-08-31,1550.0,1031.0,1404.2,45
2010-09-01,1550.0,1300.0,1065.1,45
2010-09-02,1575.0,1190.0,1121.8,45
2010-09-03,1600.0,985.0,868.4,45
2010-09-04,1425.0,830.0,1368.6,45
2010-09-05,1473.780487804878,625.1773356401384,1089.95,45
2010-10-28,2000.0,1473.0,663.1,46
2010-10-29,2100.0,1473.0,1053.5,46
2010-10-30,2000.0,1449.0,1295.6,46
2010-10-31,2100.0,1394.211153098151,805.6500000000002,46
2010-11-01,2200.0,1311.0,315.7,46
2010-11-02,2000.0,1190.0,1176.2,46
2010-11-03,2000.0,895.0,908.1,46
2010-11-04,2000.0,631.7773972602739,1212.2,46
2010-11-05,2021.875,491.0,1516.3,46
2010-11-06,2075.0,519.0,1310.5,46
2010-11-07,2140.625,600.7811026463888,972.4506514548033,46
2010-11-08,2200.0,742.0,751.0,46
2010-11-09,2250.0,991.0,800.5,46
2010-11-10,2325.0,1000.0,92.6,46
2010-11-11,2325.0,1903.0,1321.2,46
2010-11-12,2325.0,1825.0,1433.5,46
2010-11-13,2250.0,1918.0,1767.7,46
2010-11-14,2287.5,1890.5,1107.3,46
2010-11-15,2350.0,1863.0,446.9,46
2010-11-16,2400.0,1863.0,1850.7,46
2010-11-17,2621.9612340663957,2033.0,1200.6,46
2010-11-18,2925.0,2026.0,524.5,46
2010-11-19,3150.0,2084.0,439.9,46
2010-11-20,3100.0,2065.0,759.8,46
2010-11-21,3112.5,2037.4361118321035,666.6,46
2010-11-22,3125.0,2006.0,573.4,46
2010-11-23,3000.0,1975.0,2457.5,46
2010-11-24,2900.0,1958.0,1900.3,46
2010-11-25,2900.0,1988.0,1105.2,46
2010-12-13,2800.0,1790.0,231.7,47
2010-12-14,2800.0,1835.0,1395.3,47
2010-12-15,2900.0,1955.0,1241.0,47
2010-12-16,2900.0,1955.0,1218.6,47
2010-12-17,3426.1904761904775,2525.0,872.1,47
2010-12-18,4200.0,3175.0,800.2,47
2010-12-19,4564.985994397759,3373.6692015209123,753.386598133883,47
2010-12-20,5000.0,3450.0,730.9,47
2010-12-21,6200.0,3406.0,1144.5,47
2010-12-22,5600.0,2785.0,908.3,47
2010-12-23,4800.0,2705.0,1245.2,47
2010-12-24,4000.0,2550.0,557.1,47
2010-12-25,4024.7332077840556,2683.0,1007.3,47
2010-12-26,4093.910860012555,2705.2649159674106,565.6999999999998,47
2010-12-27,4200.0,2729.0,124.1,47
2010-12-28,4500.0,2938.0,772.3,47
2010-12-29,5500.0,3667.0,450.0,47
2010-12-30,5000.0,3222.0,426.1,47
2010-12-31,5200.0,3171.0,1023.3,47
2011-01-01,5148.148148148148,3321.0,440.2,47
2011-01-02,5051.851851851852,1248.0,727.2,47
2011-01-03,5000.0,754.0,855.2,47
2011-01-04,5200.0,663.0,767.8,47
2011-01-05,5000.0,665.969387755102,840.4292347763608,47
2011-01-06,5500.0,675.0,975.4,47
2011-01-07,600.0,741.0,1124.0,47
2011-01-08,5500.0,925.0,294.8,47
2011-01-09,5393.548387096775,1246.0,919.1,47
2011-01-10,5200.0,1125.0,1756.1,47
2011-04-28,1000.0,519.0,694.8,48
2011-04-29,1000.0,519.0,835.6,48
2011-04-30,1000.0,516.0,1341.4,48
2011-05-01,1000.0,3543.0,533.6,48
2011-05-02,1000.0,1095.0,817.5,48
2011-05-03,1000.0,738.0,1711.6,48
2011-05-04,1000.0,643.0,944.1,48
2011-05-05,1000.0,516.0,591.7,48
2011-05-06,1000.0,614.3306451612902,1259.1999999999996,48
2011-05-07,1000.0,783.0,1926.7,48
2011-05-08,1000.0,930.0,1140.7,48
2011-05-09,1000.0,1258.0,190.6,48
2011-05-10,1000.0,1111.0,639.2,48
2011-05-11,1000.0,1054.0,1991.3,48
2011-05-12,1000.0,731.0,178.2,48
2011-05-13,1000.0,592.0,1031.0,48
2011-05-14,1000.0,592.0,1319.1,48
2011-05-15,1000.0,585.5,682.2,48
2011-05-16,1000.0,579.0,45.3,48
2011-05-17,1000.0,579.0,1629.4,48
2011-05-18,1000.0,559.0,1218.4,48
2011-05-19,1000.0,563.0,1132.0,48
2011-05-20,1000.0,563.0,1240.1,48
2011-05-21,1000.0,572.0,1470.8,48
2011-05-22,1000.0,565.0,780.6500000000002,48
2011-05-23,1000.0,558.0,90.5,48
2011-05-24,1000.0,581.0,1393.9,48
2011-05-25,2000.0,588.0,1417.1,48
2011-05-26,1000.0,469.0,878.3,48
2011-06-10,1000.0,1111.0,563.7,49
2011-06-11,1000.0,907.1026295416423,1256.0,49
2011-06-12,1000.0,700.0,1948.3,49
2011-06-13,1000.0,544.0,75.5,49
2011-06-14,1000.0,584.0,1811.6,49
2011-06-15,1000.0,578.0,1040.8,49
2011-06-16,1000.0,591.0,1367.3,49
2011-06-17,1200.0,638.0,1144.5,49
2011-06-18,1200.0,663.0,1847.5,49
2011-06-19,1200.0,656.2927135678393,1067.0,49
2011-06-20,1200.0,644.0,286.5,49
2011-06-21,1200.0,631.0,1967.4,49
2011-06-22,1200.0,625.0,1558.7,49
2011-06-23,1200.0,638.0,943.5,49
2011-06-24,1200.0,653.0,1393.5,49
2011-06-25,1200.0,650.0,1062.4,49
2011-06-26,1200.0,661.9990347490348,563.4048034091584,49
2011-06-27,1200.0,681.0,245.2,49
2011-06-28,1200.0,694.0,1269.1,49
2011-06-29,1200.0,725.0,1467.3,49
2011-06-30,1400.0,731.0,1120.5,49
2011-07-01,1400.0,3680.0,1014.4,49
2011-07-02,1200.0,1069.0,196.7,49
2011-07-03,1200.0,715.0,192.0,49
2011-07-04,1200.0,590.0,549.5,49
2011-07-05,1200.0,534.0,926.2,49
2011-07-06,1200.0,441.0,1410.7,49
2011-07-07,1200.0,772.0,1161.2,49
2011-07-08,1200.0,1086.2777668373376,1204.5203641134058,49
2011-08-12,1500.0,597.0,2351.2,50
2011-08-13,1500.0,1071.0,1063.5,50
2011-08-14,1525.9259259259259,1055.4444444444443,632.3665219493603,50
2011-08-15,1574.0740740740741,1026.5555555555557,354.88881653023566,50
2011-08-16,1600.0,1011.0,256.7,50
2011-08-17,1600.0,1011.0,1655.3,50
2011-08-18,1600.0,1171.0,1120.5,50
2011-08-19,1600.0,1171.0,780.3,50
2011-08-20,1600.0,1195.0,985.4,50
2011-08-21,1600.0,1219.9418604651162,617.5,50
2011-08-22,1600.0,1234.0,249.6,50
2011-08-23,1600.0,1205.0,1815.3,50
2011-08-24,1600.0,1290.0,1464.1,50
2011-08-25,1600.0,1198.0,1111.4,50
2011-08-26,1600.0,1270.0,945.3,50
2011-08-27,1600.0,1273.0,1019.7,50
2011-08-28,1650.0,1252.0,657.9500000000003,50
2011-08-29,1700.0,1231.0,296.2,50
2011-08-30,1650.0,1231.0,919.1,50
2011-08-31,1658.1730769230771,1231.0,780.3,50
2011-09-01,1675.0,1134.5810901749662,778.2943826800142,50
2011-09-02,1700.0,955.0,776.3,50
2011-09-03,1650.0,756.0,668.6,50
2011-09-04,1675.0,583.0,524.1,50
2011-09-05,1700.0,522.0,86.7,50
2011-09-06,1700.0,531.0,815.8,50
2011-09-07,1650.0,693.0,945.3,50
2011-09-08,1700.0,923.0,940.2,50
2011-09-09,1700.0,1201.0,1225.6,50
2011-10-06,1800.0,531.0,985.0,51
2011-10-07,1800.0,687.2758092697316,767.0812625682275,51
2011-10-08,1800.0,936.0,679.2,51
2011-10-09,1800.0,1144.0,1543.9,51
2011-10-10,1800.0,1128.0,316.4,51
2011-10-11,1800.0,1003.0,1390.8,51
2011-10-12,1800.0,616.0,1759.0,51
2011-10-13,1800.0,1048.0,830.7,51
2011-10-14,1800.0,1063.0,796.0,51
2011-10-15,1800.0,1063.0,1932.8,51
2011-10-16,1800.0,1067.4827586206898,1168.15,51
2011-10-17,1800.0,1076.0,403.5,51
2011-10-18,1800.0,1086.0,999.1,51
2011-10-19,1800.0,1069.0,734.7,51
2011-10-20,1800.0,1082.0,876.2,51
2011-10-21,1800.0,1040.0,931.9,51
2011-10-22,1800.0,1025.0,1324.0,51
2011-10-23,1800.0,1029.810344827586,770.55,51
2011-10-24,1800.0,1043.0,217.1,51
2011-10-25,1800.0,1097.0,1056.3,51
2011-10-26,1800.0,1100.0,862.1,51
2011-10-27,1800.0,1110.0752380826061,443.9,51
2011-10-28,1800.0,1125.0,484.3,51
2011-10-29,1800.0,1141.0,990.8,51
2011-10-30,1800.0,1126.0,925.5520366892964,51
2011-10-31,1800.0,1111.0,788.0,51
2011-11-01,2000.0,3304.0,568.6,51
2011-11-02,2000.0,863.0,747.0,51
2011-11-03,1800.0,692.0,2066.5,51
2011-11-18,1400.0,698.0,1373.9,52
2011-11-19,1500.0,727.0,1655.5,52
2011-11-20,1500.0,710.9180497925313,1026.6,52
2011-11-21,1500.0,690.0,397.7,52
2011-11-22,1500.0,683.0,1102.9,52
2011-11-23,1500.0,716.0,1486.2,52
2011-11-24,1500.0,741.0,1427.4,52
2011-11-25,1500.0,741.0,1263.2,52
2011-11-26,1400.0,741.0,1286.7,52
2011-11-27,1450.0,781.9966367713005,779.0,52
2011-11-28,1500.0,838.0,271.3,52
2011-11-29,1500.0,861.0,1523.3,52
2011-11-30,1500.0,820.0,1497.4,52
2011-12-01,1600.0,825.5,174.7,52
2011-12-02,1500.0,831.0,911.7,52
2011-12-03,1400.0,677.0,1023.7,52
2011-12-04,1400.0,588.0,470.6,52
2011-12-05,1400.0,600.0,1133.8,52
2011-12-06,1400.0,655.1474311129388,1047.677900781435,52
2011-12-07,1400.0,771.0,902.7,52
2011-12-08,1400.0,1063.0,783.2,52
2011-12-09,1400.0,1073.0,258.1,52
2011-12-10,1400.0,1093.0,870.5,52
2011-12-11,1400.0,1014.0,1789.1,52
2011-12-12,1400.0,616.0,315.0,52
2011-12-13,1400.0,569.0,2415.7,52
2011-12-14,1400.0,569.0,1599.0,52
2011-12-15,1400.0,569.0,1418.4,52
2011-12-16,1400.0,569.0,1157.5,52
2012-01-15,1300.0,456.96641791044783,534.024332721367,53
2012-01-16,1400.0,475.0,368.0,53
2012-01-17,1200.0,500.0,1404.1,53
2012-01-18,1400.0,500.0,888.4,53
2012-01-19,1400.0,485.0,644.4,53
2012-01-20,1400.0,485.0,2261.4,53
2012-01-21,1400.0,485.0,408.4,53
2012-01-22,1400.0,487.5,1018.7499999999997,53
2012-01-23,1400.0,490.0,1629.1,53
2012-01-24,1500.0,490.0,706.0,53
2012-01-25,1500.0,490.0,1125.3,53
2012-01-26,1450.0,485.5,2117.4368226662973,53
2012-01-27,1400.0,481.0,2838.4,53
2012-01-28,1400.0,481.0,1387.3,53
2012-01-29,1400.0,482.0,909.6121161843788,53
2012-01-30,1400.0,483.0,722.6,53
2012-01-31,1400.0,475.0,1441.9,53
2012-02-01,1400.0,535.0,502.6,53
2012-02-02,1400.0,463.0,353.4,53
2012-02-03,1400.0,616.0,1519.4,53
2012-02-04,1400.0,650.0,99.1,53
2012-02-05,1450.0,569.0,837.2,53
2012-02-06,1500.0,506.0,1273.5,53
2012-02-07,1500.0,680.0,274.0,53
2012-02-08,1400.0,864.8443396226414,604.9,53
2012-02-09,1400.0,1059.5283018867924,994.3916720919983,53
2012-02-10,1400.0,1213.448113207547,1378.0013916015546,53
2012-02-11,1500.0,1276.0,1551.3,53
2012-02-12,1450.0,898.5,1531.8445534859434,53
2012-02-27,1200.0,600.0,49.8,54
2012-02-28,1200.0,619.0,2498.5,54
2012-02-29,1200.0,619.0,494.6,54
2012-03-01,1200.0,539.0,1616.4,54
2012-03-02,1200.0,459.0,231.9,54
2012-03-03,1200.0,616.0,1024.9,54
2012-03-04,1200.0,665.0,806.0,54
2012-03-05,1200.0,575.0,796.4,54
2012-03-06,1400.0,616.14449003517,1284.4,54
2012-03-07,1400.0,680.0,1772.4,54
2012-03-08,1300.0,721.0,520.5,54
2012-03-09,1200.0,715.0,481.7,54
2012-03-10,1400.0,716.0,286.1,54
2012-03-11,1400.0,1215.0,1461.6,54
2012-03-12,1400.0,1175.0,469.6,54
2012-03-13,1200.0,590.0,1825.4,54
2012-03-14,1400.0,595.0,1025.4,54
2012-03-15,1200.0,595.0,349.5,54
2012-03-16,1200.0,595.0,300.4,54
2012-03-17,1200.0,595.0,401.9,54
2012-03-18,1200.0,595.0,568.3508796961132,54
2012-03-19,1200.0,595.0,856.8,54
2012-03-20,1400.0,590.0,1665.4,54
2012-03-21,1400.0,590.0,629.7,54
2012-03-22,1400.0,605.0,244.1,54
2012-03-23,1400.0,595.0,229.6,54
2012-03-24,1200.0,595.0,838.7,54
2012-03-25,1200.0,595.0,1038.8692357109796,54
2012-03-26,1200.0,595.0,1117.2,54
2012-04-10,1200.0,714.0,829.8,55
2012-04-11,1200.0,944.5,1125.3,55
2012-04-12,1200.0,1175.0,1420.8,55
2012-04-13,1200.0,641.0,887.9,55
2012-04-14,1200.0,631.0,1086.4,55
2012-04-15,1200.0,617.3947368421052,1101.9630882607769,55
2012-04-16,1200.0,609.0,1118.9,55
2012-04-17,1200.0,609.0,2247.4,55
2012-04-18,1200.0,606.0,1270.0,55
2012-04-19,1200.0,600.0,871.1,55
2012-04-20,1200.0,600.0,1015.8,55
2012-04-21,1200.0,600.0,907.7,55
2012-04-22,1200.0,598.0384615384615,515.5250887210518,55
2012-04-23,1200.0,594.0,201.5,55
2012-04-24,1200.0,588.0,1262.2,55
2012-04-25,1200.0,567.0,835.4,55
2012-04-26,1200.0,581.0,601.0,55
2012-04-27,1200.0,584.0,807.4,55
2012-04-28,1200.0,569.0,884.4,55
2012-04-29,1200.0,569.0,487.59999999999985,55
2012-04-30,1200.0,569.0,90.8,55
2012-05-01,1200.0,525.0,827.9,55
2012-05-02,1400.0,575.4047619047619,1174.9951746224865,55
2012-05-03,1400.0,641.0,1325.3,55
2012-05-04,1200.0,663.0,677.9,55
2012-05-05,1200.0,583.0,1202.5,55
2012-05-06,1200.0,600.0,1392.1,55
2012-05-07,1200.0,689.0,1570.3,55
2012-05-08,1200.0,723.7531347962382,1500.3330709247698,55
2012-05-23,1200.0,494.0,1058.8,56
2012-05-24,1200.0,494.0,1180.1,56
2012-05-25,1200.0,488.0,965.1,56
2012-05-26,1200.0,481.0,1489.3,56
2012-05-27,1200.0,488.5,870.3500000000001,56
2012-05-28,1200.0,496.0,251.4,56
2012-05-29,1200.0,481.0,1437.1,56
2012-05-30,1200.0,481.0,1190.4,56
2012-05-31,1200.0,481.0,966.3,56
2012-06-01,1200.0,525.0,1090.4,56
2012-06-02,1200.0,494.0,174.7,56
2012-06-03,1200.0,613.0,1488.0,56
2012-06-04,1200.0,645.0,2403.2,56
2012-06-05,1200.0,631.0,1677.1999999999996,56
2012-06-06,1200.0,617.0,951.2,56
2012-06-07,1100.0,683.0,1173.5,56
2012-06-08,1400.0,713.0,425.9,56
2012-06-09,1400.0,692.0,888.7,56
2012-06-10,1300.0,773.0,896.7,56
2012-06-11,1200.0,1016.0,1424.3,56
2012-06-12,1200.0,1175.0,1130.9,56
2012-06-13,1200.0,547.0,1732.9,56
2012-06-14,1200.0,547.0,1356.0,56
2012-06-15,1200.0,550.0,1231.0,56
2012-06-16,1200.0,550.0,1673.1,56
2012-06-17,1300.0,550.0,931.15,56
2012-06-18,1400.0,550.0,189.2,56
2012-06-19,1400.0,550.0,1061.7,56
2012-06-20,1400.0,550.0,1042.0,56
2012-07-05,1500.0,600.0,337.1,57
2012-07-06,1500.0,581.0,1048.5,57
2012-07-07,1500.0,673.0,1564.2,57
2012-07-08,1500.0,715.0,1562.6,57
2012-07-09,1500.0,683.0,1042.6,57
2012-07-10,1400.0,796.2639015496809,1107.6372116250834,57
2012-07-11,1500.0,1002.0,1240.9,57
2012-07-12,1500.0,1214.0,1436.1,57
2012-07-13,1500.0,716.0,757.4,57
2012-07-14,1500.0,730.0,1782.4,57
2012-07-15,1500.0,720.5997757847534,1234.75,57
2012-07-16,1500.0,700.0,687.1,57
2012-07-17,1400.0,663.0,2678.2,57
2012-07-18,1500.0,659.0,1647.1,57
2012-07-19,1400.0,646.0,1051.1,57
2012-07-20,1400.0,655.0,1209.8,57
2012-07-21,1400.0,644.0,1341.8,57
2012-07-22,1400.0,633.6428571428571,756.1499999999999,57
2012-07-23,1400.0,628.0,170.5,57
2012-07-24,1500.0,675.0,682.9,57
2012-07-25,1400.0,683.0,484.6,57
2012-07-26,1400.0,679.0,612.8,57
2012-07-27,1500.0,650.0,557.6,57
2012-07-28,1400.0,689.0,992.4,57
2012-07-29,1450.0,684.0,655.55,57
2012-07-30,1500.0,679.0,318.7,57
2012-07-31,1400.0,704.0,1406.5,57
2012-08-01,1500.0,585.0,1542.5251182496881,57
2012-08-02,1500.0,466.0,1607.5,57
2012-08-17,1500.0,708.0,1476.9,58
2012-08-18,1500.0,710.0,1082.2,58
2012-08-19,1500.0,710.0,526.5644576938623,58
2012-08-20,1500.0,710.0,179.9,58
2012-08-21,1500.0,704.0,1220.6,58
2012-08-22,1500.0,713.0,1293.2,58
2012-08-23,1500.0,713.0,727.0,58
2012-08-24,1500.0,690.0,679.7,58
2012-08-25,1500.0,698.0,1445.8,58
2012-08-26,1500.0,698.0,923.8,58
2012-08-27,1500.0,698.0,401.8,58
2012-08-28,1500.0,717.0,1635.5,58
2012-08-29,1500.0,717.0,1375.7,58
2012-08-30,1500.0,717.0,1818.3,58
2012-08-31,1500.0,717.0,1509.2,58
2012-09-01,1500.0,525.0,1367.2,58
2012-09-02,1500.0,463.0,499.6,58
2012-09-03,1500.0,610.0,263.3,58
2012-09-04,1500.0,684.0,316.1,58
2012-09-05,1500.0,583.0,1218.1,58
2012-09-06,1500.0,581.0,1832.4,58
2012-09-07,1500.0,677.0,319.7,58
2012-09-08,1500.0,667.0,1017.4,58
2012-09-09,1500.0,830.0,1017.2450040727667,58
2012-09-10,1500.0,993.0,1016.7,58
2012-09-11,1500.0,927.0,971.1,58
2012-09-12,1500.0,784.6339754618881,893.9762309758281,58
2012-09-13,1500.0,682.0,843.0,58
2012-09-14,1500.0,680.0,1274.0,58
2012-09-29,1500.0,709.0,1080.9,59
2012-09-30,1550.0,606.060650887574,1090.1935892203503,59
2012-10-01,1600.0,485.0,1122.0,59
2012-10-02,1550.0,456.0,2076.4,59
2012-10-03,1500.0,610.0,1952.7,59
2012-10-04,1500.0,638.0,2602.7,59
2012-10-05,1600.0,583.0,693.2,59
2012-10-06,1600.0,634.5,948.0500000000003,59
2012-10-07,1600.0,686.0,1202.9,59
2012-10-08,1600.0,667.0,978.5,59
2012-10-09,1600.0,660.0,279.2,59
2012-10-10,1600.0,970.0,931.9,59
2012-10-11,1800.0,864.0,1116.4,59
2012-10-12,1800.0,1220.0,481.3,59
2012-10-13,1800.0,1001.0,1194.8,59
2012-10-14,1800.0,989.4544334975368,835.3000000000002,59
2012-10-15,1800.0,986.0,475.8,59
2012-10-16,1800.0,986.0,1363.7,59
2012-10-17,1800.0,986.0,797.1,59
2012-10-18,1800.0,1038.0,683.6,59
2012-10-19,1800.0,1041.0,418.8,59
2012-10-20,1800.0,1097.0,694.3,59
2012-10-21,1800.0,1105.9763779527561,628.0,59
2012-10-22,1800.0,1109.0,561.7,59
2012-10-23,1800.0,1106.0,1335.6,59
2012-10-24,1900.0,1140.9300518134714,1154.3,59
2012-10-25,2000.0,1203.0,995.4,59
2012-10-26,2000.0,1263.0,1822.4,59
2012-10-27,2000.0,1316.0,598.5,59
2013-11-25,5000.0,2897.0,325.7,60
2013-11-26,4500.0,2647.0,1295.4,60
2013-11-27,4500.0,2615.0,1406.7,60
2013-11-28,4500.0,2480.287130529544,1313.1748362266624,60
2013-11-29,4500.0,2358.0,1185.4,60
2013-11-30,4500.0,2344.0,1132.9,60
2013-12-01,4500.0,1171.0,1191.0,60
2013-12-02,4500.0,1573.0,1447.2,60
2013-12-03,4000.0,1065.0,514.0,60
2013-12-04,4000.0,925.0,1259.2,60
2013-12-05,4000.0,956.3809759722568,1132.35,60
2013-12-06,4000.0,1055.0,1005.5,60
2013-12-07,4000.0,1983.0,1301.4,60
2013-12-08,4000.0,4781.0,437.7,60
2013-12-09,4000.0,4414.0,905.5,60
2013-12-10,4000.0,4075.0,789.6,60
2013-12-11,3500.0,4106.0,1922.4,60
2013-12-12,3500.0,1993.0,1245.8,60
2013-12-13,3500.0,1808.0,1212.4,60
2013-12-14,3500.0,1808.0,1558.6,60
2013-12-15,3500.0,1602.5,952.6,60
2013-12-16,3500.0,1397.0,346.6,60
2013-12-17,3500.0,1397.0,1292.5,60
2013-12-18,3500.0,1263.0,983.8,60
2013-12-19,3500.0,1263.0,1018.5,60
2013-12-20,3500.0,1357.0,790.7,60
2013-12-21,3000.0,1348.0,861.6,60
2013-12-22,3000.0,1357.0,606.4,60
2013-12-23,3000.0,1366.0,351.2,60
2014-02-19,2000.0,808.0,482.1,61
2014-02-20,2200.0,1003.0,529.5,61
2014-02-21,2000.0,963.0,681.4,61
2014-02-22,2000.0,978.0,952.0,61
2014-02-23,2000.0,1020.6136363636364,1347.4704496549678,61
2014-02-24,2000.0,1053.0,1597.2,61
2014-02-25,2000.0,1053.0,971.1,61
2014-02-26,2000.0,1047.0,1891.5,61
2014-02-27,2000.0,1047.0,384.0,61
2014-02-28,2000.0,1047.0,561.3,61
2014-03-01,2000.0,1289.0,886.1,61
2014-03-02,2000.0,1140.5033936651582,812.5,61
2014-03-03,2000.0,960.0,395.8,61
2014-03-04,1800.0,917.0,1894.1,61
2014-03-05,1800.0,1050.0,768.3,61
2014-03-06,1800.0,1098.0,996.1,61
2014-03-07,1800.0,1988.0,1276.1,61
2014-03-08,1600.0,1884.2310030395136,1074.1412902450743,61
2014-03-09,1600.0,1748.0,772.7,61
2014-03-10,1600.0,1706.4896542374818,558.4587097549256,61
2014-03-11,1600.0,1659.0,443.7,61
2014-03-12,1600.0,1475.0,1333.1,61
2014-03-13,1800.0,983.0,918.9,61
2014-03-14,1600.0,919.0,2321.2,61
2014-03-15,1600.0,919.46875,1984.715625,61
2014-03-16,1600.0,920.9166666666667,1244.45,61
2014-03-17,1600.0,923.40625,504.18437500000033,61
2014-03-18,1600.0,927.0,167.7,61
2014-03-19,1600.0,942.0,502.3,61
2014-04-03,1600.0,965.0,813.5,62
2014-04-04,1800.0,921.0,413.1,62
2014-04-05,1800.0,967.1248766041459,533.7232651013027,62
2014-04-06,1800.0,1105.0,781.8,62
2014-04-07,1800.0,2003.0,1149.2,62
2014-04-08,1700.0,1907.0,302.8,62
2014-04-09,1600.0,1835.0,913.1,62
2014-04-10,1600.0,1548.0,1165.9,62
2014-04-11,1600.0,1453.4497264620286,1600.7,62
2014-04-12,1600.0,1378.0,1172.6,62
2014-04-13,1600.0,1232.9571479736614,1584.9259259259256,62
2014-04-14,1600.0,1068.8317271399842,2350.6740740740743,62
2014-04-15,1600.0,988.0,2763.0,62
2014-04-16,1600.0,985.0,1558.2,62
2014-04-17,1800.0,975.0,1224.3,62
2014-04-18,1800.0,975.0,943.8,62
2014-04-19,1800.0,956.0,596.2,62
2014-04-20,1900.0,968.7615207373273,302.121032986284,62
2014-04-21,2000.0,1000.0,147.7,62
2014-04-22,2000.0,1081.0,791.6,62
2014-04-23,2000.0,1085.0,699.4,62
2014-04-24,2000.0,1156.0,659.7,62
2014-04-25,2000.0,1156.0,1098.2,62
2014-04-26,2000.0,1154.7205387205388,864.2185185185186,62
2014-04-27,2000.0,1150.7744107744106,429.6814814814816,62
2014-04-28,2000.0,1144.0,195.7,62
2014-04-29,2000.0,1110.0,2014.9,62
2014-04-30,2000.0,1108.0,1430.4,62
2014-05-01,1800.0,1022.1166281755195,913.9075303995368,62
2014-05-16,2000.0,1198.0,1102.9,63
2014-05-17,2000.0,1198.0,1295.0,63
2014-05-18,2000.0,1202.5,796.55,63
2014-05-19,2000.0,1207.0,298.1,63
2014-05-20,2000.0,1200.0,1614.9,63
2014-05-21,2000.0,1200.0,1319.1,63
2014-05-22,2000.0,1179.0,1204.9,63
2014-05-23,2000.0,1160.0,1052.8,63
2014-05-24,1800.0,1131.172839506173,789.5068388649182,63
2014-05-25,1900.0,1099.7530864197533,487.6923083213481,63
2014-05-26,2000.0,1085.0,343.5,63
2014-05-27,2000.0,1085.0,1080.9,63
2014-05-28,2000.0,1085.0,1102.1,63
2014-05-29,2000.0,1094.0,966.6,63
2014-05-30,2000.0,1094.0,1358.9,63
2014-05-31,2000.0,1182.5,767.6000000000001,63
2014-06-01,2000.0,1271.0,176.3,63
2014-06-02,2000.0,938.0,600.0,63
2014-06-03,2000.0,970.0,390.7,63
2014-06-04,2000.0,1046.488260624692,785.5999999999998,63
2014-06-05,2000.0,1117.0,1180.5,63
2014-06-06,2000.0,1138.0,948.6,63
2014-06-07,2000.0,1487.0050448430495,1010.0,63
2014-06-08,2000.0,1818.0,1071.4,63
2014-06-09,2000.0,1798.0,964.5,63
2014-06-10,1800.0,1548.0,170.9,63
2014-06-11,1800.0,1684.0,1480.2,63
2014-06-12,1800.0,1421.0,945.7,63
2014-06-13,1800.0,1179.0,1243.3,63
2014-06-28,2500.0,1620.0,927.6,64
2014-06-29,2650.0,1751.522507761297,612.2190149395556,64
2014-06-30,2800.0,1811.0,383.0,64
2014-07-01,2800.0,1252.0,1320.6,64
2014-07-02,3000.0,905.0,1996.5,64
2014-07-03,3000.0,970.0,1416.3,64
2014-07-04,3000.0,975.0,266.0,64
2014-07-05,3000.0,1173.0,1191.7,64
2014-07-06,3000.0,1138.0,1319.1,64
2014-07-07,3000.0,2171.0,460.5,64
2014-07-08,3000.0,1818.0,1112.0,64
2014-07-09,3000.0,1618.4858027576538,844.5,64
2014-07-10,3000.0,1527.0,577.0,64
2014-07-11,2800.0,1684.0,1740.9,64
2014-07-12,2800.0,1874.60370897213,1355.4074074074076,64
2014-07-13,2900.0,2064.690743374954,639.4925925925928,64
2014-07-14,3000.0,2151.0,254.0,64
2014-07-15,3000.0,1939.0,866.2,64
2014-07-16,3000.0,1939.0,667.9,64
2014-07-17,3000.0,2017.0,775.9,64
2014-07-18,3000.0,2017.0,775.9,64
2014-07-19,3000.0,2049.0,933.5,64
2014-07-20,3000.0,2015.0,635.6999999999998,64
2014-07-21,3000.0,1981.0,337.9,64
2014-07-22,3200.0,2008.5,908.4,64
2014-07-23,3200.0,2036.0,561.7,64
2014-07-24,3200.0,1990.0,1027.4,64
2014-07-25,3000.0,1996.0,1125.7,64
2014-07-26,3000.0,1979.0,1193.7,64
2014-08-15,2879.7297297297296,1689.6445783132529,483.1656967076821,65
2014-08-16,3000.0,1703.0,255.2,65
2014-08-17,3087.887887887888,1706.581466119487,257.42815506971266,65
2014-08-18,3166.1661661661656,1708.7706966298708,265.3,65
2014-08-19,3200.0,1713.0,1213.8,65
2014-08-20,3000.0,1747.0983606557377,1140.0,65
2014-08-21,3200.0,1778.0,867.8,65
2014-08-22,3000.0,1741.0,1100.4,65
2014-08-23,3200.0,1733.0,1158.1,65
2014-08-24,3100.0,1716.0183145854996,694.1,65
2014-08-25,3000.0,1689.0,230.1,65
2014-08-26,3000.0,1642.0,1279.1,65
2014-08-27,3000.0,1773.0,819.9,65
2014-08-28,3200.0,1727.0,1120.3,65
2014-08-29,3000.0,1681.0,873.5,65
2014-08-30,3200.0,1708.0,1082.3,65
2014-08-31,3100.0,1456.7766705744434,1001.308302054715,65
2014-09-01,3000.0,1164.0,898.5,65
2014-09-02,3200.0,1091.0266597195084,857.9000556064326,65
2014-09-03,3000.0,1042.5688854153098,828.2111389143274,65
2014-09-04,2800.0,1025.0,816.7,65
2014-09-05,3000.0,1173.0,1209.0,65
2014-09-06,3200.0,1079.0,107.0,65
2014-09-07,3100.0,2171.0,847.1,65
2014-09-08,3000.0,1652.0,682.9,65
2014-09-09,3200.0,1775.0,1674.3,65
2014-09-10,3200.0,1606.0,386.6,65
2014-09-11,3000.0,1566.3406288532676,777.0,65
2014-09-12,3000.0,1552.0,1167.4,65
2014-09-27,3200.0,1614.0,225.6,66
2014-09-28,3100.0,1576.2164321409784,321.9125,66
2014-09-29,3000.0,1474.7438190426092,533.8,66
2014-09-30,3000.0,1327.399296422935,745.6874999999999,66
2014-10-01,2800.0,1152.0,842.0,66
2014-10-02,2851.8518518518517,850.0,362.3,66
2014-10-03,2948.1481481481487,977.0,643.4,66
2014-10-04,3000.0,1120.6558577405858,821.1257867259502,66
2014-10-05,2948.1481481481487,1204.0,1038.2,66
2014-10-06,2851.8518518518517,1054.0,1641.5,66
2014-10-07,2800.0,2163.0,886.3,66
2014-10-08,3000.0,1987.8161875945536,955.75,66
2014-10-09,3000.0,1759.0,1025.2,66
2014-10-10,3200.0,1681.0,537.2,66
2014-10-11,3200.0,1643.0,631.2,66
2014-10-12,3350.0,1738.2016027655561,574.0999999999998,66
2014-10-13,3500.0,1870.0,517.0,66
2014-10-14,3500.0,1927.0,1263.6,66
2014-10-15,3200.0,1860.0,1365.7,66
2014-10-16,3200.0,1741.4400393184796,1599.1,66
2014-10-17,3000.0,1662.0,1333.8,66
2014-10-18,3200.0,1662.0,1653.0,66
2014-10-19,3100.0,1639.5858585858587,1560.3280345358442,66
2014-10-20,3000.0,1593.8383838383838,1381.1227357383539,66
2014-10-21,3000.0,1557.0,1263.6,66
2014-10-22,3000.0,1540.0,1238.9,66
2014-10-23,3000.0,1525.846441478139,871.2426438435622,66
2014-10-24,3000.0,1513.5941175241794,460.8,66
2014-10-25,3000.0,1507.0,377.6,66
2015-10-14,4500.0,2560.0,1017.2,67
2015-10-15,4800.0,2616.0,417.5,67
2015-10-16,5000.0,2645.0,371.0,67
2015-10-17,5000.0,2728.0,475.3,67
2015-10-18,5000.0,2700.5,672.5879524229429,67
2015-10-19,5000.0,2673.0,807.4,67
2015-10-20,5000.0,2673.0,807.4,67
2015-10-21,4800.0,2614.0,1445.1,67
2015-10-22,4606.451612903225,2579.0,1024.8,67
2015-10-23,4500.0,2599.031496062992,988.9271126674656,67
2015-10-24,4588.603988603989,2643.0,956.7,67
2015-10-25,4788.319088319088,2714.7265684531367,577.0309870651764,67
2015-10-26,5000.0,2833.0,228.5,67
2015-10-27,5200.0,3063.0,539.1,67
2015-10-28,5500.0,3323.0,534.7,67
2015-10-29,5500.0,3021.0,1389.8,67
2015-10-30,5200.0,2841.0,1512.1,67
2015-10-31,5000.0,2652.0,1842.0,67
2015-11-01,5000.0,2295.2594431633333,1310.65,67
2015-11-02,5000.0,1842.8921166998969,779.3,67
2015-11-03,4800.0,1503.0,1017.2,67
2015-11-04,4500.0,1340.0,953.8,67
2015-11-05,4200.0,1370.0,429.3,67
2015-11-06,4000.0,1648.0,1261.3,67
2015-11-07,4000.0,1652.0,880.6,67
2015-11-08,3900.0,2732.0,943.6,67
2015-11-09,3800.0,4045.0,1040.7,67
2015-11-10,4000.0,3462.221996411953,914.85,67
2015-11-11,4100.3367003367,2380.0,789.0,67
2016-01-08,2300.0,777.0,169.7,68
2016-01-09,2200.0,686.0,984.1,68
2016-01-10,2200.0,555.0,458.5,68
2016-01-11,2200.0,695.0,506.4,68
2016-01-12,2200.0,781.0,1143.9,68
2016-01-13,2200.0,1102.0,705.7,68
2016-01-14,2200.0,1089.0,897.2,68
2016-01-15,2200.0,1096.0,1309.5,68
2016-01-16,2100.0,1093.0,877.1,68
2016-01-17,2100.0,1093.0,364.74962420492113,68
2016-01-18,2100.0,1093.0,62.8,68
2016-01-19,2100.0,1104.925925925926,130.59122366934676,68
2016-01-20,2200.0,1127.074074074074,275.8,68
2016-01-21,2200.0,1139.0,518.9,68
2016-01-22,2100.0,1089.0,797.9,68
2016-01-23,2100.0,1089.0,1413.6,68
2016-01-24,2200.0,1087.752,1054.6600438951136,68
2016-01-25,2300.0,1084.776,650.5,68
2016-01-26,2267.3076923076924,1081.224,576.5899561048861,68
2016-01-27,2200.0,1078.248,547.9,68
2016-01-28,2100.0,1077.0,1154.8,68
2016-01-29,2000.0,1089.0,1485.5,68
2016-01-30,2000.0,1139.1563069504025,603.4,68
2016-01-31,2000.0,1213.6892645863127,807.0425105224065,68
2016-02-01,2000.0,1252.0,1253.8,68
2016-02-02,2000.0,1206.4440562015113,2059.0,68
2016-02-03,2000.0,1093.3325568474672,636.2,68
2016-02-04,2000.0,948.0,1554.5,68
2016-02-05,1800.0,721.0,187.4,68
2016-02-29,2000.0,914.0,438.9,69
2016-03-01,2000.0,955.0,676.8999999999999,69
2016-03-02,2100.0,996.0,914.9,69
2016-03-03,2100.0,889.0,352.6,69
2016-03-04,2000.0,792.1886189918746,859.0999999999998,69
2016-03-05,2000.0,721.0,1365.6,69
2016-03-06,2000.0,689.0,1257.5,69
2016-03-07,2000.0,752.5,948.0738133043624,69
2016-03-08,2000.0,816.0,712.5,69
2016-03-09,2200.0,707.0,878.4,69
2016-03-10,2200.0,594.0,145.3,69
2016-03-11,2200.0,695.0,1163.4,69
2016-03-12,2200.0,738.0,843.5,69
2016-03-13,2100.0,873.5527759845062,505.15430789604994,69
2016-03-14,2000.0,979.0,313.3,69
2016-03-15,2000.0,971.0,1419.3,69
2016-03-16,1800.0,962.8698580002928,1264.3,69
2016-03-17,1800.0,955.3238178890354,1226.0,69
2016-03-18,1600.0,952.0,1380.0,69
2016-03-19,1600.0,952.0,1713.0,69
2016-03-20,1550.0,935.5,1047.05,69
2016-03-21,1500.0,919.0,381.1,69
2016-03-22,1800.0,919.0,2105.5,69
2016-03-23,1800.0,919.0,1017.0,69
2016-03-24,1774.0740740740741,919.0,443.4656406717722,69
2016-03-25,1725.9259259259259,919.0,186.3,69
2016-03-26,1700.0,919.0,671.5,69
2016-03-27,1750.0,946.0,385.80000000000007,69
2016-03-28,1800.0,973.0,100.1,69
2016-04-07,1700.0,723.0,142.5,70
2016-04-08,1600.0,816.0,858.8,70
2016-04-09,1600.0,705.0,830.3038637279934,70
2016-04-10,1600.0,594.0,752.8,70
2016-04-11,1600.0,693.0,447.0,70
2016-04-12,1700.0,754.0768014906,476.8076775431861,70
2016-04-13,1600.0,786.0,532.8,70
2016-04-14,1600.0,792.7449824561403,596.4,70
2016-04-15,1600.0,797.8181052631578,944.2,70
2016-04-16,1600.0,801.3187368421053,1046.0,70
2016-04-17,1600.0,803.3462456140352,609.9499999999998,70
2016-04-18,1600.0,804.0,173.9,70
2016-04-19,1600.0,783.0,1578.0,70
2016-04-20,1600.0,783.0,797.0,70
2016-04-21,1600.0,822.0,1206.4,70
2016-04-22,1600.0,822.0,779.1,70
2016-04-23,1600.0,822.0,1222.0,70
2016-04-24,1550.0,802.5,640.05,70
2016-04-25,1500.0,783.0,58.1,70
2016-04-26,1500.0,783.0,1447.3,70
2016-04-27,1500.0,783.0,1458.4,70
2016-04-28,1500.0,783.0,1291.3,70
2016-04-29,1500.0,779.0,1063.8,70
2016-04-30,1400.0,768.0,1338.1,70
2016-05-01,1400.0,1264.0,1174.8,70
2016-05-02,1400.0,916.0,1254.4,70
2016-05-03,1400.0,885.1257657436902,619.1,70
2016-05-04,1400.0,858.0,1676.5,70
2016-05-05,1400.0,721.0,1128.1,70
2016-08-05,2000.0,728.0732514177694,889.05,71
2016-08-06,2000.0,686.0,982.2,71
2016-08-07,1900.0,723.0,475.3,71
2016-08-08,1800.0,789.0,449.1,71
2016-08-09,1800.0,675.0,1028.6,71
2016-08-10,1800.0,649.0,772.5,71
2016-08-11,1800.0,839.0,1194.1,71
2016-08-12,1800.0,821.0,749.9,71
2016-08-13,1800.0,732.0,1333.0,71
2016-08-14,1851.8518518518522,733.8148148148149,1041.3074074074077,71
2016-08-15,1948.1481481481478,737.1851851851852,499.59259259259284,71
2016-08-16,2000.0,739.0,207.9,71
2016-08-17,2000.0,739.0,2030.6,71
2016-08-18,2000.0,739.0,987.0,71
2016-08-19,2000.0,739.0,317.1,71
2016-08-20,1800.0,729.0,788.9,71
2016-08-21,1800.0,729.0,470.1,71
2016-08-22,1800.0,729.0,151.3,71
2016-08-23,1800.0,729.0,939.0,71
2016-08-24,2000.0,754.0,1038.2477095565382,71
2016-08-25,2000.0,779.0,1123.6,71
2016-08-26,2000.0,739.0,1449.3,71
2016-08-27,2000.0,709.0,1467.5,71
2016-08-28,1900.0,715.1717557251909,964.2,71
2016-08-29,1800.0,730.0,460.9,71
2016-08-30,1800.0,766.0,1851.7,71
2016-08-31,1800.0,671.0,1182.8,71
2016-09-01,1800.0,1171.0,853.9,71
2016-09-02,2000.0,1095.2043204320432,1092.8,71
2016-10-16,1800.0,781.5,1067.1,72
2016-10-17,1800.0,760.0,823.3,72
2016-10-18,1800.0,766.0,2845.0,72
2016-10-19,1800.0,766.0,2043.9,72
2016-10-20,1800.0,727.0,1907.0,72
2016-10-21,1800.0,727.0,1756.9,72
2016-10-22,1600.0,647.0,1123.0,72
2016-10-23,1600.0,637.3571428571427,648.2699619221777,72
2016-10-24,1600.0,631.0,409.2,72
2016-10-25,1600.0,620.0,1021.2,72
2016-10-26,1600.0,691.0,872.7,72
2016-10-27,1600.0,693.0,1005.0,72
2016-10-28,1800.0,714.0,1054.8,72
2016-10-29,1800.0,728.0,1071.1,72
2016-10-30,1800.0,728.0,751.5008278145696,72
2016-10-31,1800.0,728.0,294.6,72
2016-11-01,1800.0,1130.0,72.1,72
2016-11-02,1800.0,834.0,360.6,72
2016-11-03,1800.0,939.0,598.9,72
2016-11-04,1700.0,863.7527940393826,123.8,72
2016-11-05,2000.0,736.0,1046.6,72
2016-11-06,2000.0,628.0,1030.2,72
2016-11-07,2000.0,798.0,102.1,72
2016-11-08,2000.0,789.0,977.0,72
2016-11-09,2200.0,756.7555248618785,1431.2580487544,72
2016-11-10,2200.0,731.0,1634.0,72
2016-11-11,2000.0,756.2304147465437,1575.8434046259556,72
2016-11-12,2500.0,806.0,1438.4,72
2016-11-13,2422.222222222222,889.2695852534563,979.9065953740443,72
2016-12-18,2300.0,784.5,704.5500000000002,73
2016-12-19,2200.0,738.0,375.1,73
2016-12-20,2200.0,738.0,1730.3,73
2016-12-21,2200.0,727.0,1407.7,73
2016-12-22,2000.0,727.0,1059.5,73
2016-12-23,2000.0,727.0,1155.8,73
2016-12-24,2000.0,727.0,1041.9,73
2016-12-25,2000.0,724.0,652.8198278999932,73
2016-12-26,2000.0,721.0,345.0,73
2016-12-27,2000.0,721.0,986.4,73
2016-12-28,1800.0,685.0,690.3,73
2016-12-29,1800.0,685.0,529.9,73
2016-12-30,1800.0,685.0,836.1,73
2016-12-31,1800.0,685.0,593.3,73
2017-01-01,1900.0,703.5,504.46075108177774,73
2017-01-02,2000.0,722.0,445.5,73
2017-01-03,2000.0,689.0,392.4,73
2017-01-04,2000.0,731.0,469.4,73
2017-01-05,2000.0,694.0,89.0,73
2017-01-06,2000.0,583.0,1111.3,73
2017-01-07,1800.0,624.0,764.7,73
2017-01-08,1800.0,1398.0,1642.3,73
2017-01-09,1800.0,1830.0,872.4,73
2017-01-10,1800.0,1961.518552450756,721.6009315515173,73
2017-01-11,2000.0,2012.0,669.0,73
2017-01-12,2000.0,1417.0,732.7,73
2017-01-13,2000.0,822.0,1004.1,73
2017-01-14,2000.0,822.0,1176.9,73
2017-01-15,1900.0,792.5,792.9000000000002,73
2017-01-30,1800.0,735.0,1373.5,74
2017-01-31,1800.0,739.0,675.7,74
2017-02-01,1800.0,688.0,406.2,74
2017-02-02,1800.0,722.0,603.8,74
2017-02-03,1600.0,689.0,1694.4,74
2017-02-04,1600.0,691.5,1446.2527684278205,74
2017-02-05,1600.0,694.0,1186.7,74
2017-02-06,1600.0,603.0,1173.5,74
2017-02-07,1600.0,830.5249865154564,1153.7391071902684,74
2017-02-08,1600.0,1295.8277508086906,1126.1811814104565,74
2017-02-09,1600.0,1673.0,1087.3,74
2017-02-10,1600.0,1898.6177235034447,1003.6909901182312,74
2017-02-11,1600.0,2012.0,897.9,74
2017-02-12,1600.0,1350.5000000000002,811.2,74
2017-02-13,1600.0,689.0,1571.6,74
2017-02-14,1600.0,689.0,1232.8,74
2017-02-15,1600.0,689.0,853.7,74
2017-02-16,1600.0,689.0,238.3,74
2017-02-17,1600.0,689.0,1673.6,74
2017-02-18,1800.0,717.0,535.3,74
2017-02-19,1800.0,717.0,870.5362581882667,74
2017-02-20,1800.0,717.0,1331.1,74
2017-02-21,1800.0,708.0,1524.5,74
2017-02-22,1800.0,708.0,743.1,74
2017-02-23,1600.0,681.0,715.8,74
2017-02-24,1600.0,686.0,1690.3,74
2017-02-25,1600.0,692.0,2236.7,74
2017-02-26,1700.0,690.5,1322.4,74
2017-02-27,1800.0,689.0,408.1,74
2017-03-14,1800.0,814.0,255.5,75
2017-03-15,1800.0,814.0,1872.7,75
2017-03-16,1700.0,722.0,827.7,75
2017-03-17,1700.0,722.0,384.8,75
2017-03-18,1700.0,722.0,1230.3,75
2017-03-19,1700.0,722.0,667.15,75
2017-03-20,1700.0,722.0,104.0,75
2017-03-21,1700.0,722.0,1938.8,75
2017-03-22,1700.0,750.0,1424.4,75
2017-03-23,1700.0,750.0,662.5,75
2017-03-24,1700.0,744.0,444.4,75
2017-03-25,1700.0,744.0,969.7,75
2017-03-26,1750.0,744.0,1065.9335988014957,75
2017-03-27,1800.0,744.0,1173.0,75
2017-03-28,1800.0,744.0,2316.0,75
2017-03-29,1600.0,731.0,1156.7,75
2017-03-30,1600.0,731.0,399.8,75
2017-03-31,1600.0,731.0,448.9,75
2017-04-01,1600.0,688.0,730.9,75
2017-04-02,1600.0,713.0,1028.6,75
2017-04-03,1600.0,731.0,816.7,75
2017-04-04,1700.0,725.0,680.5,75
2017-04-05,1800.0,694.0,751.2,75
2017-04-06,1800.0,683.2608359133128,1110.0297345508875,75
2017-04-07,1800.0,679.0,1414.5,75
2017-04-08,1800.0,1674.0,1403.0,75
2017-04-09,1800.0,1615.0,362.6,75
2017-04-10,1800.0,1334.0,1443.1,75
2017-04-11,1800.0,2397.0,1116.4,75
2017-04-26,1600.0,717.0,980.0,76
2017-04-27,1600.0,717.0,631.7,76
2017-04-28,1600.0,717.0,841.3,76
2017-04-29,1600.0,717.0,1060.4,76
2017-04-30,1600.0,693.5,883.8286298041527,76
2017-05-01,1600.0,670.0,644.3,76
2017-05-02,1600.0,692.8148148148149,520.8528062740992,76
2017-05-03,1600.0,735.1851851851852,423.5041809148274,76
2017-05-04,1600.0,758.0,384.0,76
2017-05-05,1600.0,697.0,757.9,76
2017-05-06,1600.0,617.0,186.0,76
2017-05-07,1600.0,685.0,964.6,76
2017-05-08,1600.0,1811.0,1233.1,76
2017-05-09,1500.0,1632.0,1741.2,76
2017-05-10,1500.0,1443.0,803.9,76
2017-05-11,1500.0,1145.9929676511956,894.9844557523624,76
2017-05-12,1500.0,817.8298171589312,1068.2,76
2017-05-13,1500.0,663.0,1272.1,76
2017-05-14,1500.0,663.9897959183672,736.25,76
2017-05-15,1500.0,667.0,200.4,76
2017-05-16,1500.0,689.0,1533.3,76
2017-05-17,1600.0,675.0,1115.8,76
2017-05-18,1600.0,675.0,1142.2,76
2017-05-19,1500.0,614.0,1222.2,76
2017-05-20,1500.0,614.0,1192.1,76
2017-05-21,1500.0,616.5,658.1533774858734,76
2017-05-22,1500.0,619.0,150.1,76
2017-05-23,1500.0,619.0,1033.7,76
2017-05-24,1600.0,619.0,648.0,76
2017-05-24,1600.0,619.0,648.0,77
2017-05-25,1600.0,575.0,1023.0,77
2017-05-26,1600.0,572.6907356948228,1051.6015531848134,77
2017-05-27,1600.0,572.0,1060.4,77
2017-05-28,1700.0,600.0,665.7500000000002,77
2017-05-29,1800.0,628.0,271.1,77
2017-05-30,1800.0,628.0,1550.2,77
2017-05-31,1800.0,594.0,1325.6,77
2017-06-01,1500.0,817.0,759.8,77
2017-06-02,1600.0,715.0,1445.3,77
2017-06-03,1600.0,758.0,545.3,77
2017-06-04,1550.0,758.0,1301.1,77
2017-06-05,1500.0,697.0,907.8,77
2017-06-06,1600.0,686.0,1191.1,77
2017-06-07,1800.0,709.0,1034.8,77
2017-06-08,2000.0,1176.9502518891686,835.4300536955149,77
2017-06-09,2000.0,1625.0,715.0,77
2017-06-10,2000.0,1443.0,1121.5,77
2017-06-11,2000.0,2397.0,399.6,77
2017-06-12,2000.0,1618.0,762.5,77
2017-06-13,2000.0,839.0,1739.5,77
2017-06-14,2000.0,842.0,1194.8,77
2017-06-15,2000.0,811.0,1170.1,77
2017-06-16,2000.0,733.0,1258.6,77
2017-06-17,2000.0,708.0,1623.6,77
2017-06-18,2000.0,763.5,900.3,77
2017-06-19,2000.0,819.0,177.0,77
2017-06-20,2000.0,778.0,1263.4,77
2017-06-21,2000.0,761.0,874.7,77
2017-09-15,3000.0,1437.0,1192.0,78
2017-09-16,3000.0,1253.0,1224.3,78
2017-09-17,3000.0,1263.5,697.95,78
2017-09-18,3000.0,1274.0,171.6,78
2017-09-19,2500.0,1167.0,844.0,78
2017-09-20,3000.0,1202.0,521.7,78
2017-09-21,3000.0,1350.0,541.5,78
2017-09-22,3000.0,1350.0,445.3,78
2017-09-23,3000.0,1152.0,389.7,78
2017-09-24,3000.0,1152.0,402.13829449152536,78
2017-09-25,3000.0,1152.0,443.3,78
2017-09-26,3000.0,1143.0,1117.8,78
2017-09-27,3000.0,1192.0,1120.7,78
2017-09-28,3000.0,1192.0,729.6,78
2017-09-29,3000.0,1192.0,939.1,78
2017-09-30,3031.25,1192.0,808.4,78
2017-10-01,3100.0,822.0,1352.6,78
2017-10-02,3168.75,689.0,556.9,78
2017-10-03,3200.0,714.0,878.8228504733497,78
2017-10-04,3200.0,739.0,1243.2,78
2017-10-05,3200.0,693.0,1296.2,78
2017-10-06,3200.0,758.0,1164.4,78
2017-10-07,3400.0,717.0,394.2,78
2017-10-08,3400.0,1842.0,965.8,78
2017-10-09,3400.0,1798.5,1613.6705843512707,78
2017-10-10,3500.0,1755.0,1989.8,78
2017-10-11,3600.0,2470.0,1157.8,78
2017-10-12,3500.0,2107.5,1056.2663755458516,78
2017-10-13,3500.0,1745.0,1023.4,78
2017-12-03,5000.0,762.0857454717305,1281.8842362847556,79
2017-12-04,5000.0,739.0,1354.9,79
2017-12-05,5000.0,693.0,976.2,79
2017-12-06,5000.0,792.0,291.2,79
2017-12-07,5000.0,666.0,1016.5,79
2017-12-08,5000.0,1848.0,808.8,79
2017-12-09,5000.0,1608.0,1911.3,79
2017-12-10,5000.0,1745.0,922.9,79
2017-12-11,5000.0,1838.5162250338187,916.643024525706,79
2017-12-12,5000.0,1930.2269594970955,910.5,79
2017-12-13,5500.0,2019.443924564335,596.9,79
2017-12-14,5500.0,2105.478841410042,380.5,79
2017-12-15,5000.0,2187.643431208721,720.0,79
2017-12-16,5000.0,2265.249415134877,1286.2,79
2017-12-17,5000.0,2337.6085143630144,863.5500000000002,79
2017-12-18,5000.0,2404.032450067637,440.9,79
2017-12-19,5000.0,2463.8329434232514,1067.9,79
2017-12-20,5000.0,2516.321715604361,793.0,79
2017-12-21,5000.0,2560.81048778547,730.7,79
2017-12-22,4500.0,2596.610981141084,891.9,79
2017-12-23,4500.0,2623.034916845707,717.5,79
2017-12-24,4500.0,2639.394016073844,492.9011864194829,79
2017-12-25,4500.0,2645.0,356.8,79
2017-12-26,4500.0,2645.0,969.3,79
2017-12-27,4500.0,2645.0,721.4,79
2017-12-28,4500.0,2670.3759999999997,557.0,79
2017-12-29,5000.0,2730.888,597.7,79
2017-12-30,5000.0,2803.112,608.9,79
2017-12-31,4750.0,2863.6240000000003,425.55,79
2019-09-13,4500.0,2164.0,795.4,80
2019-09-14,4500.0,2292.0,1047.0,80
2019-09-15,4500.0,2697.8718170047478,564.5999999999998,80
2019-09-16,4500.0,3014.0,82.2,80
2019-09-17,4500.0,2988.0,960.4,80
2019-09-18,5000.0,3167.0,811.8,80
2019-09-19,5000.0,3094.0,1167.4,80
2019-09-20,6500.0,3372.5130471380467,1026.0,80
2019-09-21,6000.0,3663.0,1370.9,80
2019-09-22,6000.0,3681.4869528619533,842.25,80
2019-09-23,6000.0,3688.0,313.6,80
2019-09-24,6000.0,3663.0,1506.5,80
2019-09-25,6000.0,3525.0,973.0,80
2019-09-26,6000.0,3263.0,1198.3,80
2019-09-27,6500.0,3263.0,698.2,80
2019-09-28,6500.0,3307.0,609.6,80
2019-09-29,6250.0,3287.392168808153,386.3469142792436,80
2019-09-30,6000.0,3238.0,221.5,80
2019-10-01,6000.0,2798.555120181657,239.85890620421918,80
2019-10-02,6000.0,1909.2156623836954,295.9320832112511,80
2019-10-03,6000.0,1034.768373393886,391.2142186126575,80
2019-10-04,6000.0,640.0,527.2,80
2019-10-05,5500.0,815.0,1052.5,80
2019-10-06,5500.0,861.0,238.7,80
2019-10-07,5500.0,1063.0,936.8,80
2019-10-08,5750.0,1495.361040573748,1302.2639997326787,80
2019-10-09,6000.0,2173.0,1465.8,80
2019-10-10,6000.0,3297.0,463.9,80
2019-10-11,6000.0,3249.885088582677,1009.5,80
