2018-01-01,10,4.63,NR,Onion,2500,3500,3000
2018-01-01,10,4.63,NR,Onion,2500,3500,3000
2018-01-02,10,8.86,NR,Onion,2000,2500,2250
2018-01-02,10,8.86,NR,Onion,2000,2500,2250
2018-01-03,10,6.29,NR,Onion,2500,3600,3050
2018-01-03,10,6.29,NR,Onion,2500,3600,3050
2018-01-04,10,13.33,NR,Onion,2500,3600,3050
2018-01-04,10,13.33,NR,Onion,2500,3600,3050
2018-01-05,10,6.84,NR,Onion,2500,3000,2750
2018-01-05,10,6.84,NR,Onion,2500,3000,2750
2018-01-06,10,7.72,NR,Onion,2500,3000,2750
2018-01-06,10,7.72,NR,Onion,2500,3000,2750
2018-01-07,10,19.81,NR,Onion,2500,3000,2750
2018-01-07,10,19.81,NR,Onion,2500,3000,2750
2018-01-08,10,1.6,NR,Onion,2500,4000,3250
2018-01-08,10,1.6,NR,Onion,2500,4000,3250
2018-01-09,10,5.65,NR,Onion,2500,3500,3000
2018-01-09,10,5.65,NR,Onion,2500,3500,3000
2018-01-10,10,3.29,NR,Onion,2500,3500,3000
2018-01-10,10,3.29,NR,Onion,2500,3500,3000
2018-01-11,10,6.51,NR,Onion,2000,4000,3000
2018-01-11,10,6.51,NR,Onion,2000,4000,3000
2018-01-12,10,5.07,NR,Onion,2000,4000,3000
2018-01-12,10,5.07,NR,Onion,2000,4000,3000
2018-01-13,10,2.21,NR,Onion,2000,4000,3000
2018-01-13,10,2.21,NR,Onion,2000,4000,3000
2018-01-14,10,17.25,NR,Onion,2000,4000,3000
2018-01-14,10,17.25,NR,Onion,2000,4000,3000
2018-01-15,10,3.26,NR,Onion,2000,3000,2500
2018-01-15,10,3.26,NR,Onion,2000,3000,2500
2018-01-17,10,6.53,NR,Onion,2000,3000,2500
2018-01-17,10,6.53,NR,Onion,2000,3000,2500
2018-01-18,10,6.1,NR,Onion,2000,3000,2500
2018-01-18,10,6.1,NR,Onion,2000,3000,2500
2018-01-19,10,1.75,NR,Onion,2500,3000,2750
2018-01-19,10,1.75,NR,Onion,2500,3000,2750
2018-01-20,10,10.73,NR,Onion,2000,3350,2675
2018-01-20,10,10.73,NR,Onion,2000,3350,2675
2018-01-21,10,11.36,NR,Onion,2000,3350,2650
2018-01-21,10,11.36,NR,Onion,2000,3350,2650
2018-01-23,10,7.63,NR,Onion,2000,2600,2300
2018-01-23,10,7.63,NR,Onion,2000,2600,2300
2018-01-25,10,10,NR,Onion,2000,3400,2700
2018-01-25,10,10,NR,Onion,2000,3400,2700
2018-01-26,10,5.57,NR,Onion,2000,3400,2700
2018-01-26,10,5.57,NR,Onion,2000,3400,2700
2018-01-28,10,9.18,NR,Onion,2000,3400,2700
2018-01-28,10,9.18,NR,Onion,2000,3400,2700
2018-01-30,10,7.38,NR,Onion,1600,2200,1900
2018-01-30,10,7.38,NR,Onion,1600,2200,1900
2018-02-01,10,12.36,NR,Onion,1000,1800,1400
2018-02-01,10,12.36,NR,Onion,1000,1800,1400
2018-02-02,10,4.13,NR,Onion,1200,1600,1400
2018-02-02,10,4.13,NR,Onion,1200,1600,1400
2018-02-03,10,2.76,NR,Onion,1200,1600,1400
2018-02-03,10,2.76,NR,Onion,1200,1600,1400
2018-02-04,10,11.61,NR,Onion,1200,1600,1400
2018-02-04,10,11.61,NR,Onion,1200,1600,1400
2018-02-05,10,3.17,NR,Onion,1800,2400,2100
2018-02-05,10,3.17,NR,Onion,1800,2400,2100
2018-02-06,10,7.82,NR,Onion,1500,2000,1750
2018-02-06,10,7.82,NR,Onion,1500,2000,1750
2018-02-07,10,3.43,NR,Onion,1500,2000,1750
2018-02-07,10,3.43,NR,Onion,1500,2000,1750
2018-02-08,10,10.68,NR,Onion,1500,2200,1850
2018-02-08,10,10.68,NR,Onion,1500,2200,1850
2018-02-09,10,7.05,NR,Onion,1500,2200,1850
2018-02-09,10,7.05,NR,Onion,1500,2200,1850
2018-02-11,10,8.05,NR,Onion,1500,2200,1850
2018-02-11,10,8.05,NR,Onion,1500,2200,1850
2018-02-13,10,9.38,NR,Onion,1600,2100,1850
2018-02-13,10,9.38,NR,Onion,1600,2100,1850
2018-02-15,10,11.06,NR,Onion,1200,2100,1650
2018-02-15,10,11.06,NR,Onion,1200,2100,1650
2018-02-17,10,5.02,NR,Onion,1500,1900,1700
2018-02-17,10,5.02,NR,Onion,1500,1900,1700
2018-02-18,10,15.38,NR,Onion,1500,1900,1700
2018-02-18,10,15.38,NR,Onion,1500,1900,1700
2018-02-21,10,5.84,NR,Onion,1200,1900,1550
2018-02-21,10,5.84,NR,Onion,1200,1900,1550
2018-02-22,10,13.23,NR,Onion,1200,1600,1400
2018-02-22,10,13.23,NR,Onion,1200,1600,1400
2018-02-23,10,1.25,NR,Onion,1200,1600,1400
2018-02-23,10,1.25,NR,Onion,1200,1600,1400
2018-02-24,10,3.36,NR,Onion,1000,1900,1450
2018-02-24,10,3.36,NR,Onion,1000,1900,1450
2018-02-25,10,15.88,NR,Onion,1000,1900,1450
2018-02-25,10,15.88,NR,Onion,1000,1900,1450
2018-02-27,10,3.31,NR,Onion,1000,1200,1100
2018-02-27,10,3.31,NR,Onion,1000,1200,1100
2018-02-28,10,7.56,NR,Onion,700,900,800
2018-02-28,10,7.56,NR,Onion,700,900,800
2018-03-01,10,9.13,NR,Onion,800,900,850
2018-03-01,10,9.13,NR,Onion,800,900,850
2018-03-02,10,5.27,NR,Onion,1000,1200,1100
2018-03-02,10,5.27,NR,Onion,1000,1200,1100
2018-03-04,10,11.31,NR,Onion,1000,1200,1100
2018-03-04,10,11.31,NR,Onion,1000,1200,1100
2018-03-06,10,18.92,NR,Onion,700,1000,850
2018-03-06,10,18.92,NR,Onion,700,1000,850
2018-03-07,10,0.5,NR,Onion,700,1000,850
2018-03-07,10,0.5,NR,Onion,700,1000,850
2018-03-08,10,17.5,NR,Onion,700,1000,850
2018-03-08,10,17.5,NR,Onion,700,1000,850
2018-03-09,10,6.96,NR,Onion,600,1300,950
2018-03-09,10,6.96,NR,Onion,600,1300,950
2018-03-10,10,1.62,NR,Onion,700,1300,1000
2018-03-10,10,1.62,NR,Onion,700,1300,1000
2018-03-11,10,25.38,NR,Onion,700,1300,1000
2018-03-11,10,25.38,NR,Onion,700,1300,1000
2018-03-12,10,3.04,NR,Onion,700,1000,850
2018-03-12,10,3.04,NR,Onion,700,1000,850
2018-03-13,10,10.58,NR,Onion,700,800,750
2018-03-13,10,10.58,NR,Onion,700,800,750
2018-03-15,10,20.14,NR, ,0,0,0
2018-03-15,10,20.14,NR, ,0,0,0
2018-03-17,10,2.35,NR,Onion,600,800,700
2018-03-17,10,2.35,NR,Onion,600,800,700
2018-03-18,10,30.84,NR,Onion,600,800,700
2018-03-18,10,30.84,NR,Onion,600,800,700
2018-03-20,10,9,NR,Onion,700,800,750
2018-03-20,10,9,NR,Onion,700,800,750
2018-03-21,10,14.59,NR,Onion,600,800,700
2018-03-21,10,14.59,NR,Onion,600,800,700
2018-03-22,10,31.27,NR,Onion,600,900,750
2018-03-22,10,31.27,NR,Onion,600,900,750
2018-03-23,10,13.19,NR,Onion,600,0,759
2018-03-23,10,13.19,NR,Onion,600,0,759
2018-03-24,10,3.57,NR,Onion,900,1300,1100
2018-03-24,10,3.57,NR,Onion,900,1300,1100
2018-03-25,10,1.15,NR,Onion,600,900,750
2018-03-25,10,1.15,NR,Onion,600,900,750
2018-03-27,10,11.11,NR,Onion,700,800,750
2018-03-27,10,11.11,NR,Onion,700,800,750
2018-03-28,10,19.78,NR,Onion,800,900,850
2018-03-28,10,19.78,NR,Onion,800,900,850
2018-03-29,10,16.17,NR,Onion,600,1000,800
2018-03-29,10,16.17,NR,Onion,600,1000,800
2018-03-30,10,20.36,NR,Onion,600,800,700
2018-03-30,10,20.36,NR,Onion,600,800,700
2018-03-31,10,12.57,NR,Onion,600,800,700
2018-03-31,10,12.57,NR,Onion,600,800,700
2018-04-01,10,16.88,NR,Onion,600,800,700
2018-04-01,10,16.88,NR,Onion,600,800,700
2018-04-03,10,16.05,NR,Onion,600,800,700
2018-04-03,10,16.05,NR,Onion,600,800,700
2018-04-05,10,13.27,NR,Onion,600,800,700
2018-04-05,10,13.27,NR,Onion,600,800,700
2018-04-06,10,11.56,NR,Onion,600,900,750
2018-04-06,10,11.56,NR,Onion,600,900,750
2018-04-08,10,11.11,NR,Onion,600,900,750
2018-04-08,10,11.11,NR,Onion,600,900,750
2018-04-10,10,15.82,NR,Onion,600,800,700
2018-04-10,10,15.82,NR,Onion,600,800,700
2018-04-12,10,9.88,NR,Onion,600,800,700
2018-04-12,10,9.88,NR,Onion,600,800,700
2018-04-13,10,9.18,NR,Onion,600,800,700
2018-04-13,10,9.18,NR,Onion,600,800,700
2018-04-14,10,5.15,NR,Onion,600,800,700
2018-04-14,10,5.15,NR,Onion,600,800,700
2018-04-15,10,25.48,NR,Onion,600,800,700
2018-04-15,10,25.48,NR,Onion,600,800,700
2018-04-16,10,9.07,NR,Onion,600,800,700
2018-04-16,10,9.07,NR,Onion,600,800,700
2018-04-17,10,12.4,NR,Onion,600,800,700
2018-04-17,10,12.4,NR,Onion,600,800,700
2018-04-19,10,11.69,NR,Onion,400,700,550
2018-04-19,10,11.69,NR,Onion,400,700,550
2018-04-20,10,23.28,NR,Onion,400,700,550
2018-04-20,10,23.28,NR,Onion,400,700,550
2018-04-22,10,32.05,NR, ,0,0,0
2018-04-22,10,32.05,NR, ,0,0,0
2018-04-25,10,9.44,NR,Onion,600,800,700
2018-04-25,10,9.44,NR,Onion,600,800,700
2018-04-26,10,9.95,NR,Onion,400,800,600
2018-04-26,10,9.95,NR,Onion,400,800,600
2018-04-28,10,5.86,NR,Onion,700,850,775
2018-04-28,10,5.86,NR,Onion,700,850,775
2018-04-29,10,13.24,NR,Onion,700,850,775
2018-04-29,10,13.24,NR,Onion,700,850,775
2018-04-30,10,17.47,NR,Onion,400,800,600
2018-04-30,10,17.47,NR,Onion,400,800,600
2018-05-03,10,24.3,NR,Onion,1000,1000,1000
2018-05-03,10,24.3,NR,Onion,1000,1000,1000
2018-05-04,10,6.25,NR,Onion,400,1000,700
2018-05-04,10,6.25,NR,Onion,400,1000,700
2018-05-05,10,9.28,NR,Onion,400,1000,700
2018-05-05,10,9.28,NR,Onion,400,1000,700
2018-05-06,10,13.88,NR,Onion,400,1000,700
2018-05-06,10,13.88,NR,Onion,400,1000,700
2018-05-07,10,18.27,NR,Onion,400,1050,725
2018-05-07,10,18.27,NR,Onion,400,1050,725
2018-05-10,10,9.37,NR,Onion,600,750,675
2018-05-10,10,9.37,NR,Onion,600,750,675
2018-05-11,10,9.94,NR,Onion,600,950,775
2018-05-11,10,9.94,NR,Onion,600,950,775
2018-05-12,10,2.11,NR,Onion,500,950,725
2018-05-12,10,2.11,NR,Onion,500,950,725
2018-05-13,10,29.62,NR,Onion,600,950,775
2018-05-13,10,29.62,NR,Onion,600,950,775
2018-05-15,10,13.74,NR,Onion,400,700,550
2018-05-15,10,13.74,NR,Onion,400,700,550
2018-05-16,10,17.54,NR,Onion,400,1000,700
2018-05-16,10,17.54,NR,Onion,400,1000,700
2018-05-17,10,20.81,NR,Onion,500,1000,750
2018-05-17,10,20.81,NR,Onion,500,1000,750
2018-05-18,10,6.58,NR,Onion,600,1000,800
2018-05-18,10,6.58,NR,Onion,600,1000,800
2018-05-19,10,14.66,NR,Onion,600,800,700
2018-05-19,10,14.66,NR,Onion,600,800,700
2018-05-20,10,17.95,NR,Onion,600,800,700
2018-05-20,10,17.95,NR,Onion,600,800,700
2018-05-21,10,12.74,NR,Onion,400,1000,700
2018-05-21,10,12.74,NR,Onion,400,1000,700
2018-05-22,10,12.93,NR,Onion,400,800,600
2018-05-22,10,12.93,NR,Onion,400,800,600
2018-05-23,10,8.61,NR,Onion,400,1000,700
2018-05-23,10,8.61,NR,Onion,400,1000,700
2018-05-24,10,17.88,NR,Onion,600,1000,800
2018-05-24,10,17.88,NR,Onion,600,1000,800
2018-05-25,10,16.43,NR,Onion,500,1000,750
2018-05-25,10,16.43,NR,Onion,500,1000,750
2018-05-26,10,5.69,NR,Onion,600,1000,800
2018-05-26,10,5.69,NR,Onion,600,1000,800
2018-05-27,10,22.25,NR,Onion,600,1000,800
2018-05-27,10,22.25,NR,Onion,600,1000,800
2018-05-28,10,21.95,NR,Onion,500,800,650
2018-05-28,10,21.95,NR,Onion,500,800,650
2018-05-29,10,16.27,NR,Onion,500,800,650
2018-05-29,10,16.27,NR,Onion,500,800,650
2018-05-30,10,10.73,NR,Onion,500,1000,750
2018-05-30,10,10.73,NR,Onion,500,1000,750
2018-05-31,10,14.53,NR,Onion,600,1000,800
2018-05-31,10,14.53,NR,Onion,600,1000,800
2018-06-02,10,3.06,NR,Onion,800,1000,900
2018-06-02,10,3.06,NR,Onion,800,1000,900
2018-06-03,10,38.49,NR,Onion,800,1000,900
2018-06-03,10,38.49,NR,Onion,800,1000,900
2018-06-04,10,9.37,NR,Onion,900,1200,1100
2018-06-04,10,9.37,NR,Onion,900,1200,1100
2018-06-05,10,13.36,NR,Onion,1000,1200,1100
2018-06-05,10,13.36,NR,Onion,1000,1200,1100
2018-06-07,10,22.32,NR,Onion,1000,1200,1100
2018-06-07,10,22.32,NR,Onion,1000,1200,1100
2018-06-08,10,7.99,NR,Onion,700,1000,850
2018-06-08,10,7.99,NR,Onion,700,1000,850
2018-06-09,10,17.03,NR,Onion,700,1050,900
2018-06-09,10,17.03,NR,Onion,700,1050,900
2018-06-10,10,8.84,NR,Onion,700,1050,900
2018-06-10,10,8.84,NR,Onion,700,1050,900
2018-06-11,10,10.03,NR,Onion,400,1000,700
2018-06-11,10,10.03,NR,Onion,400,1000,700
2018-06-12,10,9.01,NR,Onion,600,900,750
2018-06-12,10,9.01,NR,Onion,600,900,750
2018-06-14,10,15.32,NR,Onion,600,1050,800
2018-06-14,10,15.32,NR,Onion,600,1050,800
2018-06-17,10,25.73,NR,Onion,2000,2000,2000
2018-06-17,10,25.73,NR,Onion,2000,2000,2000
2018-06-19,10,6.15,NR,Onion,800,900,850
2018-06-19,10,6.15,NR,Onion,800,900,850
2018-06-20,10,8.46,NR,Onion,1000,1200,1100
2018-06-20,10,8.46,NR,Onion,1000,1200,1100
2018-06-21,10,15.96,NR,Onion,1000,1200,1100
2018-06-21,10,15.96,NR,Onion,1000,1200,1100
2018-06-22,10,11.12,NR,Onion,700,1200,950
2018-06-22,10,11.12,NR,Onion,700,1200,950
2018-06-23,10,3.93,NR,Onion,700,1150,925
2018-06-23,10,3.93,NR,Onion,700,1150,925
2018-06-24,10,36.25,NR,Onion,700,1150,925
2018-06-24,10,36.25,NR,Onion,700,1150,925
2018-06-26,10,12.03,NR,Onion,1000,1200,1100
2018-06-26,10,12.03,NR,Onion,1000,1200,1100
2018-07-05,10,15.54,NR,Onion,700,1250,975
2018-07-05,10,15.54,NR,Onion,700,1250,975
2018-07-07,10,3.64,NR,Onion,700,1250,975
2018-07-07,10,3.64,NR,Onion,700,1250,975
2018-07-08,10,17.94,NR,Onion,700,1250,950
2018-07-08,10,17.94,NR,Onion,700,1250,950
2018-07-10,10,10.88,NR,Onion,900,1200,1050
2018-07-10,10,10.88,NR,Onion,900,1200,1050
2018-07-12,10,24.64,NR,Onion,900,1500,1200
2018-07-12,10,24.64,NR,Onion,900,1500,1200
2018-07-13,10,1.76,NR,Onion,700,1500,1050
2018-07-13,10,1.76,NR,Onion,700,1500,1050
2018-07-14,10,7,NR,Onion,800,1600,1200
2018-07-14,10,7,NR,Onion,800,1600,1200
2018-07-15,10,22.74,NR,Onion,800,1600,1200
2018-07-15,10,22.74,NR,Onion,800,1600,1200
2018-07-17,10,9.6,NR,Onion,1000,1600,1300
2018-07-17,10,9.6,NR,Onion,1000,1600,1300
2018-07-18,10,0.55,NR,Onion,800,1600,1200
2018-07-18,10,0.55,NR,Onion,800,1600,1200
2018-07-19,10,27.53,NR,Onion,1300,1500,1400
2018-07-19,10,27.53,NR,Onion,1300,1500,1400
2018-07-20,10,4,NR,Onion,1400,1500,1450
2018-07-20,10,4,NR,Onion,1400,1500,1450
2018-07-26,10,2.29,NR,Onion,1200,1500,1350
2018-07-26,10,2.29,NR,Onion,1200,1500,1350
2018-07-27,10,0.75,NR,Onion,1300,1500,1400
2018-07-27,10,0.75,NR,Onion,1300,1500,1400
2018-07-29,10,5.79,NR,Onion,1500,1600,1550
2018-07-29,10,5.79,NR,Onion,1500,1600,1550
2018-08-01,10,9.05,NR,Onion,1200,1600,1400
2018-08-01,10,9.05,NR,Onion,1200,1600,1400
2018-08-02,10,27.11,NR,Onion,1200,1600,1400
2018-08-02,10,27.11,NR,Onion,1200,1600,1400
2018-08-03,10,7.92,NR,Onion,1400,1600,1500
2018-08-03,10,7.92,NR,Onion,1400,1600,1500
2018-08-04,10,5.38,NR,Onion,1200,1500,1350
2018-08-04,10,5.38,NR,Onion,1200,1500,1350
2018-08-05,10,9.37,NR,Onion,1000,1500,1300
2018-08-05,10,9.37,NR,Onion,1000,1500,1300
2018-08-07,10,4.55,NR,Onion,1000,1500,1250
2018-08-07,10,4.55,NR,Onion,1000,1500,1250
2018-08-08,10,9.26,NR,Onion,1000,1500,1250
2018-08-08,10,9.26,NR,Onion,1000,1500,1250
2018-08-09,10,28.64,NR,Onion,1200,1400,1300
2018-08-09,10,28.64,NR,Onion,1200,1400,1300
2018-08-12,10,17.09,NR,Onion,1000,1200,1100
2018-08-12,10,17.09,NR,Onion,1000,1200,1100
2018-08-14,10,17.76,NR,Onion,1000,1500,1250
2018-08-14,10,17.76,NR,Onion,1000,1500,1250
2018-08-15,10,11.03,NR,Onion,1000,1500,1250
2018-08-15,10,11.03,NR,Onion,1000,1500,1250
2018-08-16,10,2.1,NR,Onion,1000,1400,1200
2018-08-16,10,2.1,NR,Onion,1000,1400,1200
2018-08-17,10,15.85,NR,Onion,1000,1400,1200
2018-08-17,10,15.85,NR,Onion,1000,1400,1200
2018-08-19,10,21.93,NR,Onion,1000,1400,1200
2018-08-19,10,21.93,NR,Onion,1000,1400,1200
2018-08-21,10,15.44,NR,Onion,1100,1400,1250
2018-08-21,10,15.44,NR,Onion,1100,1400,1250
2018-08-23,10,12.43,NR,Onion,1200,1500,1350
2018-08-23,10,12.43,NR,Onion,1200,1500,1350
2018-08-25,10,18.79,NR,Onion,1000,1400,1200
2018-08-25,10,18.79,NR,Onion,1000,1400,1200
2018-08-26,10,18.83,NR,Onion,1000,1400,1200
2018-08-26,10,18.83,NR,Onion,1000,1400,1200
2018-08-28,10,7.08,NR,Onion,1000,1400,1200
2018-08-28,10,7.08,NR,Onion,1000,1400,1200
2018-08-30,10,16.43,NR,Onion,800,1100,950
2018-08-30,10,16.43,NR,Onion,800,1100,950
2018-09-01,10,5.79,NR,Onion,1000,1400,1200
2018-09-01,10,5.79,NR,Onion,1000,1400,1200
2018-09-02,10,15.31,NR,Onion,1000,1400,1200
2018-09-02,10,15.31,NR,Onion,1000,1400,1200
2018-09-04,10,9.29,NR, ,0,0,0
2018-09-04,10,9.29,NR, ,0,0,0
2018-09-05,10,3.26,NR, ,0,0,0
2018-09-05,10,3.26,NR, ,0,0,0
2018-09-06,10,25.97,NR, ,0,0,0
2018-09-06,10,25.97,NR, ,0,0,0
2018-09-07,10,15.69,NR,Onion,1000,1200,1100
2018-09-07,10,15.69,NR,Onion,1000,1200,1100
2018-09-09,10,25.4,NR,Onion,1400,1400,1400
2018-09-09,10,25.4,NR,Onion,1400,1400,1400
2018-09-12,10,9.65,NR,Onion,800,1200,1000
2018-09-12,10,9.65,NR,Onion,800,1200,1000
2018-09-13,10,6.62,NR,Onion,800,1200,1000
2018-09-13,10,6.62,NR,Onion,800,1200,1000
2018-09-16,10,26.85,NR, ,0,0,0
2018-09-16,10,26.85,NR, ,0,0,0
2018-09-20,10,24.73,NR, ,0,0,0
2018-09-20,10,24.73,NR, ,0,0,0
2018-09-22,10,12.08,NR, ,0,0,0
2018-09-22,10,12.08,NR, ,0,0,0
2018-09-23,10,18.77,NR, ,0,0,0
2018-09-23,10,18.77,NR, ,0,0,0
2018-09-25,10,4.72,NR, ,0,0,0
2018-09-25,10,4.72,NR, ,0,0,0
2018-09-26,10,8.78,NR, ,0,0,0
2018-09-26,10,8.78,NR, ,0,0,0
2018-09-27,10,26.45,NR, ,0,0,0
2018-09-27,10,26.45,NR, ,0,0,0
2018-09-28,10,1.5,NR, ,0,0,0
2018-09-28,10,1.5,NR, ,0,0,0
2018-09-30,10,18.73,NR, ,0,0,0
2018-09-30,10,18.73,NR, ,0,0,0
2018-10-01,10,15.72,NR, ,0,0,0
2018-10-01,10,15.72,NR, ,0,0,0
2018-10-02,10,3.23,NR, ,0,0,0
2018-10-02,10,3.23,NR, ,0,0,0
2018-10-04,10,19.53,NR,Onion,700,1150,925
2018-10-04,10,19.53,NR,Onion,700,1150,925
2018-10-07,10,19.27,NR,Onion,700,1100,900
2018-10-07,10,19.27,NR,Onion,700,1100,900
2018-10-09,10,4.23,NR,Onion,800,1200,1000
2018-10-09,10,4.23,NR,Onion,800,1200,1000
2018-10-11,10,15.14,NR, ,0,0,0
2018-10-11,10,15.14,NR, ,0,0,0
2018-10-12,10,11.22,NR, ,0,0,0
2018-10-12,10,11.22,NR, ,0,0,0
2018-10-13,10,9.9,NR, ,0,0,0
2018-10-13,10,9.9,NR, ,0,0,0
2018-10-14,10,6.61,NR, ,0,0,0
2018-10-14,10,6.61,NR, ,0,0,0
2018-10-15,10,9.9,NR, ,0,0,0
2018-10-15,10,9.9,NR, ,0,0,0
2018-10-16,10,3.78,NR,Onion,700,1300,1000
2018-10-16,10,3.78,NR,Onion,700,1300,1000
2018-10-18,10,7.31,NR,Onion,700,1300,1000
2018-10-18,10,7.31,NR,Onion,700,1300,1000
2018-10-21,10,16.22,NR,Onion,1000,1500,1250
2018-10-21,10,16.22,NR,Onion,1000,1500,1250
2018-10-22,10,16.22,NR, ,0,0,0
2018-10-22,10,16.22,NR, ,0,0,0
2018-10-23,10,2.27,NR, ,0,0,0
2018-10-23,10,2.27,NR, ,0,0,0
2018-10-25,10,1.85,NR, ,0,0,0
2018-10-25,10,1.85,NR, ,0,0,0
2018-10-26,10,0.75,NR, ,0,0,0
2018-10-26,10,0.75,NR, ,0,0,0
2018-10-28,10,6.61,NR, ,0,0,0
2018-10-28,10,6.61,NR, ,0,0,0
2018-10-30,10,6.42,NR, ,0,0,0
2018-10-30,10,6.42,NR, ,0,0,0
2018-10-31,10,2.98,NR,Onion,900,1800,1350
2018-10-31,10,2.98,NR,Onion,900,1800,1350
2018-11-01,10,2.79,NR, ,0,0,0
2018-11-01,10,2.79,NR, ,0,0,0
2018-11-03,10,18.39,NR,Onion,1500,1600,1550
2018-11-03,10,18.39,NR,Onion,1500,1600,1550
2018-11-04,10,11.25,NR,Onion,1500,1600,1550
2018-11-04,10,11.25,NR,Onion,1500,1600,1550
2018-11-06,10,14.2,NR,Onion,1500,1600,1550
2018-11-06,10,14.2,NR,Onion,1500,1600,1550
2018-11-08,10,8.42,NR,Onion,800,1300,1050
2018-11-08,10,8.42,NR,Onion,800,1300,1050
2018-11-09,10,8.07,NR,Onion,1000,1600,1300
2018-11-09,10,8.07,NR,Onion,1000,1600,1300
2018-11-10,10,8.31,NR, ,0,0,0
2018-11-10,10,8.31,NR, ,0,0,0
2018-11-11,10,17.44,NR, ,0,0,0
2018-11-11,10,17.44,NR, ,0,0,0
2018-11-12,10,1.55,NR, ,0,0,0
2018-11-12,10,1.55,NR, ,0,0,0
2018-11-13,10,6.75,NR,Onion,1000,1600,1300
2018-11-13,10,6.75,NR,Onion,1000,1600,1300
2018-11-14,10,9.22,NR, ,0,0,0
2018-11-14,10,9.22,NR, ,0,0,0
2018-11-15,10,16.98,NR,Onion,1000,1600,1300
2018-11-15,10,16.98,NR,Onion,1000,1600,1300
2018-11-16,10,10.98,NR,Onion,1500,2000,1750
2018-11-16,10,10.98,NR,Onion,1500,2000,1750
2018-11-18,10,23.62,NR,Onion,1500,2000,1750
2018-11-18,10,23.62,NR,Onion,1500,2000,1750
2018-11-19,10,7.67,NR, ,0,0,0
2018-11-19,10,7.67,NR, ,0,0,0
2018-11-20,10,9.51,NR,Onion,700,1500,1100
2018-11-20,10,9.51,NR,Onion,700,1500,1100
2018-11-22,10,13.59,NR,Onion,1000,1300,1150
2018-11-22,10,13.59,NR,Onion,1000,1300,1150
2018-11-23,10,1.57,NR,Onion,1000,1300,1150
2018-11-23,10,1.57,NR,Onion,1000,1300,1150
2018-11-25,10,31.65,NR, ,0,0,0
2018-11-25,10,31.65,NR, ,0,0,0
2018-11-26,10,7.68,NR,Onion,1000,1300,1150
2018-11-26,10,7.68,NR,Onion,1000,1300,1150
2018-11-29,10,2.62,NR,Onion,700,900,800
2018-11-29,10,2.62,NR,Onion,700,900,800
2018-12-06,10,6.53,NR,Onion,800,1000,900
2018-12-06,10,6.53,NR,Onion,800,1000,900
2018-12-07,10,6.44,NR,Onion,800,1000,900
2018-12-07,10,6.44,NR,Onion,800,1000,900
2018-12-09,10,21.43,NR,Onion,800,1000,900
2018-12-09,10,21.43,NR,Onion,800,1000,900
2018-12-10,10,7.19,NR, ,0,0,0
2018-12-10,10,7.19,NR, ,0,0,0
2018-12-11,10,1.25,NR, ,0,0,0
2018-12-11,10,1.25,NR, ,0,0,0
2018-12-13,10,2.25,NR, ,0,0,0
2018-12-13,10,2.25,NR, ,0,0,0
2018-12-14,10,25.93,NR,Onion,400,1000,700
2018-12-14,10,25.93,NR,Onion,400,1000,700
2018-12-15,10,3.5,NR, ,0,0,0
2018-12-15,10,3.5,NR, ,0,0,0
2018-12-18,10,12.66,NR, ,0,0,0
2018-12-18,10,12.66,NR, ,0,0,0
2018-12-19,10,7.02,NR, ,0,0,0
2018-12-19,10,7.02,NR, ,0,0,0
2018-12-20,10,8.89,NR,Onion,800,1200,1000
2018-12-20,10,8.89,NR,Onion,800,1200,1000
2018-12-22,10,4.61,NR,Onion,800,1200,1000
2018-12-22,10,4.61,NR,Onion,800,1200,1000
2018-12-23,10,21.58,NR,Onion,800,1200,1000
2018-12-23,10,21.58,NR,Onion,800,1200,1000
2018-12-24,10,27.5,NR,Onion,400,1200,800
2018-12-24,10,27.5,NR,Onion,400,1200,800
2018-12-25,10,13.9,NR,Onion,400,1200,800
2018-12-25,10,13.9,NR,Onion,400,1200,800
2018-12-27,10,12.19,NR,Onion,400,1200,800
2018-12-27,10,12.19,NR,Onion,400,1200,800
2018-12-28,10,15.6,NR,Onion,400,1200,800
2018-12-28,10,15.6,NR,Onion,400,1200,800
2018-12-29,10,28.49,NR,Onion,400,1200,800
2018-12-29,10,28.49,NR,Onion,400,1200,800
2018-12-30,10,23.22,NR,Onion,400,1200,800
2018-12-30,10,23.22,NR,Onion,400,1200,800
2019-01-01,10,4.21,NR,Onion,400,1200,800
2019-01-01,10,4.21,NR,Onion,400,1200,800
2019-01-03,10,21.32,NR,Onion,800,1200,1000
2019-01-03,10,21.32,NR,Onion,800,1200,1000
2019-01-05,10,6.44,NR,Onion,800,1200,1000
2019-01-05,10,6.44,NR,Onion,800,1200,1000
2019-01-06,10,31.99,NR,Onion,1000,1400,1200
2019-01-06,10,31.99,NR,Onion,1000,1400,1200
2019-01-08,10,6.88,NR,Onion,800,1200,1000
2019-01-08,10,6.88,NR,Onion,800,1200,1000
2019-01-09,10,7.63,NR,Onion,1000,1400,1200
2019-01-09,10,7.63,NR,Onion,1000,1400,1200
2019-01-10,10,18.02,NR,Onion,1000,1400,1200
2019-01-10,10,18.02,NR,Onion,1000,1400,1200
2019-01-11,10,5.07,NR,Onion,800,1200,1000
2019-01-11,10,5.07,NR,Onion,800,1200,1000
2019-01-12,10,9.71,NR,Onion,800,1200,1000
2019-01-12,10,9.71,NR,Onion,800,1200,1000
2019-01-13,10,22.16,NR,Onion,800,1200,1000
2019-01-13,10,22.16,NR,Onion,800,1200,1000
2019-01-14,10,16.85,NR,Onion,800,1200,1000
2019-01-14,10,16.85,NR,Onion,800,1200,1000
2019-01-15,10,13.49,NR,Onion,800,1200,1000
2019-01-15,10,13.49,NR,Onion,800,1200,1000
2019-01-16,10,5.68,NR,Onion,800,1200,1000
2019-01-16,10,5.68,NR,Onion,800,1200,1000
2019-01-18,10,22.92,NR,Onion,800,1200,1000
2019-01-18,10,22.92,NR,Onion,800,1200,1000
2019-01-20,10,23.09,NR,Onion,800,1200,1000
2019-01-20,10,23.09,NR,Onion,800,1200,1000
2019-01-22,10,18.17,NR,Onion,800,1200,1000
2019-01-22,10,18.17,NR,Onion,800,1200,1000
2019-01-25,10,22.76,NR,Onion,800,1200,1000
2019-01-25,10,22.76,NR,Onion,800,1200,1000
2019-01-26,10,10.07,NR,Onion,800,1200,1000
2019-01-26,10,10.07,NR,Onion,800,1200,1000
2019-01-27,10,11.06,NR,Onion,800,1200,1000
2019-01-27,10,11.06,NR,Onion,800,1200,1000
2019-01-28,10,1.5,NR,Onion,800,1200,1000
2019-01-28,10,1.5,NR,Onion,800,1200,1000
2019-01-29,10,24.21,NR,Onion,800,1200,1000
2019-01-29,10,24.21,NR,Onion,800,1200,1000
2019-01-30,10,23.21,NR,Onion,800,1200,1000
2019-01-30,10,23.21,NR,Onion,800,1200,1000
2019-01-31,10,7.57,NR,Onion,800,1000,900
2019-01-31,10,7.57,NR,Onion,800,1000,900
2019-02-01,10,3.25,NR,Onion,800,1200,1000
2019-02-02,10,9.48,NR,Onion,800,1200,1000
2019-02-03,10,16.14,NR,Onion,800,1200,1000
2019-02-04,10,3.25,NR,Onion,800,1200,1000
2019-02-05,10,8.71,NR,Onion,800,1200,1000
2019-02-07,10,11.66,NR, ,0,0,0
2019-02-09,10,14.11,NR,Onion,800,1200,1000
2019-02-10,10,3.17,NR,Onion,800,1200,1000
2019-02-12,10,8.68,NR,Onion,800,1200,1000
2019-02-13,10,1.16,NR,Onion,800,1000,900
2019-02-14,10,15.68,NR,Onion,800,1000,900
2019-02-15,10,17.88,NR,Onion,800,1200,900
2019-02-16,10,13.78,NR,Onion,800,1200,1000
2019-02-17,10,5.69,NR,Onion,800,1200,1000
2019-02-18,10,81.07,NR,Onion,800,1200,1000
2019-02-20,10,24.21,NR,Onion,800,1200,1000
2019-02-21,10,19.6,NR,Onion,800,1200,1000
2019-02-22,10,12.45,NR,Onion,800,1200,1000
2019-02-23,10,7.54,NR,Onion,800,1200,1000
2019-02-24,10,17.78,NR,Onion,800,1200,1000
2019-02-25,10,6.83,NR,Onion,800,1000,900
2019-02-26,10,8.02,NR,Onion,800,1200,1000
2019-02-27,10,6.58,NR,Onion,800,1200,1000
2019-02-28,10,46.92,NR,Onion,800,1000,900
2019-03-03,10,15.9,NR,Onion,800,1200,1000
2019-03-04,10,5.83,NR,Onion,800,1200,1000
2019-03-05,10,6.14,NR,Onion,800,1200,1000
2019-03-09,10,2.8,NR,Onion,800,1200,1000
2019-03-10,10,24.36,NR,Onion,800,1200,1000
2019-03-11,10,8.29,NR,Onion,800,1200,1000
2019-03-12,10,23.62,NR,Onion,800,1200,1000
2019-03-13,10,7.22,NR,Onion,800,1200,1000
2019-03-14,10,15.52,NR,Onion,800,1000,900
2019-03-15,10,9.19,NR,Onion,800,1200,1000
2019-03-16,10,5.87,NR,Onion,800,1000,900
2019-03-17,10,11.35,NR,Onion,800,1000,900
2019-03-18,10,7.06,NR,Onion,800,1200,1000
2019-03-19,10,2.01,NR,Onion,800,1200,1000
2019-03-20,10,22.5,NR,Onion,800,1200,1000
2019-03-22,10,1,NR,Onion,800,1200,1000
2019-03-23,10,1.04,NR,Onion,800,1200,1000
2019-03-24,10,20.74,NR,Onion,800,1200,1000
2019-03-25,10,8.98,NR,Onion,800,1200,1000
2019-03-27,10,9.98,NR,Onion,800,1200,1000
2019-03-28,10,11.59,NR,Onion,800,1200,1000
2019-03-29,10,13.7,NR,Onion,800,1200,1000
2019-03-31,10,18.55,NR,Onion,800,1200,1000
2019-04-06,10,1.5,NR,Onion,800,1200,1000
2019-04-07,10,16.51,NR, ,0,0,0
2019-04-11,10,15.18,NR,Onion,1000,1400,1200
2019-04-12,10,17.7,NR,Onion,800,1200,1000
2019-04-14,10,11.78,NR,Onion,800,1200,1000
2019-04-17,10,6.5,NR,Onion,800,1200,1000
2019-04-18,10,12.07,NR,Onion,800,1200,1000
2019-04-19,10,8,NR,Onion,800,1200,1000
2019-04-20,10,7.68,NR,Onion,800,1200,1000
2019-04-21,10,6.26,NR,Onion,800,1200,1000
2019-04-22,10,8.86,NR,Onion,800,1200,1000
2019-04-23,10,8.28,NR,Onion,800,1200,1000
2019-04-27,10,10.02,NR,Onion,800,1200,1000
2019-04-28,10,23.28,NR,Onion,800,1200,1000
2019-04-30,10,9.73,NR,Onion,800,1200,1000
2019-05-01,10,13.27,NR,Onion,800,1200,1000
2019-05-03,10,7.67,NR,Onion,800,1200,1000
2019-05-05,10,29.37,NR,Onion,800,1200,1000
2019-05-06,10,7.22,NR,Onion,800,1200,1000
2019-05-07,10,8.92,NR,Onion,800,1200,1000
2019-05-10,10,6.14,NR,Onion,800,1200,1000
2019-05-12,10,18.32,NR,Onion,800,1200,1000
2019-05-13,10,17.01,NR,Onion,800,1200,1000
2019-05-15,10,9.46,NR,Onion,800,1200,1000
2019-05-16,10,13.2,NR,Onion,800,1200,1000
2019-05-17,10,13.74,NR,Onion,800,1200,1000
2019-05-19,10,41.38,NR,Onion,800,1200,1000
2019-05-20,10,7.47,NR,Onion,800,1200,1000
2019-05-21,10,10.74,NR,Onion,800,1200,1000
2019-05-22,10,5.18,NR,Onion,800,1200,1000
2019-05-23,10,9.51,NR,Onion,800,1200,1000
2019-05-26,10,25.78,NR,Onion,800,1200,1000
2019-05-27,10,6.77,NR,Onion,800,1200,1000
2019-05-28,10,10.72,NR,Onion,800,1200,1000
2019-05-30,10,19.36,NR,Onion,800,1200,1000
2019-05-31,10,7.17,NR,Onion,800,1200,1000
2019-07-02,10,8.54,NR,Onion,1000,1400,1200
2019-07-03,10,7.74,NR,Onion,1200,1600,1400
2019-07-04,10,14.12,NR,Onion,1000,1400,1200
2019-07-05,10,16.53,NR,Onion,1200,1600,1400
2019-07-06,10,5.52,NR,Onion,1000,1400,1200
2019-07-07,10,17.56,NR,Onion,1000,1400,1200
2019-07-09,10,8.6,NR,Onion,1300,1600,1400
2019-07-10,10,3.52,NR,Onion,1000,1400,1200
2019-07-11,10,25.94,NR,Onion,1000,1400,1200
2019-07-13,10,4.53,NR,Onion,1000,1400,1200
2019-07-14,10,24.05,NR,Onion,1000,1400,1200
2019-07-16,10,19.1,NR,Onion,1000,1400,1200
2019-07-17,10,9.82,NR,Onion,1000,1400,1200
2019-07-18,10,22.1,NR,Onion,1000,1400,1200
2019-07-19,10,5.77,NR,Onion,1000,1400,1200
2019-07-20,10,7.37,NR,Onion,1000,1400,1200
2019-07-21,10,22.58,NR,Onion,1000,1400,1200
2019-07-23,10,10.32,NR,Onion,1000,1400,1200
2019-07-24,10,6.25,NR,Onion,1000,1400,1200
2019-07-25,10,17.71,NR,Onion,1000,1400,1200
2019-07-26,10,13.29,NR,Onion,1000,1400,1200
2019-07-28,10,23.49,NR,Onion,1000,1400,1200
2019-07-29,10,4.89,NR,Onion,1000,1400,1200
2019-09-01,10,14.88,NR,Onion,1000,2000,1500
2019-09-07,10,3.12,NR,Onion,1000,3000,2000
2019-09-10,10,10.93,NR,Onion,1000,3000,2000
2019-09-13,10,12.7,NR,Onion,1000,3000,2000
2019-09-15,10,5.07,NR,Onion,1000,3000,2000
2019-09-17,10,7.52,NR,Onion,1000,3000,2000
2019-09-19,10,10.09,NR,Onion,1000,3000,2000
2019-09-21,10,1.74,NR,Onion,1000,3000,2000
2019-09-22,10,8.45,NR,Onion,1000,3000,2000
2019-09-24,10,5.76,NR,Onion,2000,4000,3000
2019-09-26,10,0.8,NR,Onion,2000,4000,3000
2019-09-27,10,5.43,NR,Onion,1000,3000,2000
2019-10-04,10,0.16,NR,Onion,1000,3000,2000
2019-10-05,10,3.06,NR,Onion,1000,3000,2000
2019-10-06,10,1.2,NR,Onion,1000,3000,2000
2019-10-08,10,4.65,NR,Onion,1000,3000,2000
2019-10-10,10,1.5,NR,Onion,1500,2500,2000
2019-10-11,10,2.58,NR,Onion,1500,2500,2000
2019-10-13,10,6.02,NR,Onion,2000,3000,2500
2019-10-15,10,0.9,NR,Onion,1000,3000,2000
2019-10-17,10,1.94,NR,Onion,2000,4000,3000
2019-10-18,10,1.94,NR,Onion,2000,4000,3000
2019-10-20,10,3.67,NR,Onion,2500,3500,3000
2019-10-21,10,0.15,NR,Onion,1000,3000,2000
2019-10-22,10,0.15,NR,Onion,1000,3000,2000
2019-10-23,10,1.1,NR,Onion,1000,3000,2000
2019-10-24,10,0.33,NR,Onion,1000,3000,2000
2019-10-26,10,2.4,NR, ,0,0,0
2019-10-27,10,1.32,NR, ,0,0,0
2019-10-28,10,0.95,NR,Onion,1000,3000,2000
2019-10-29,10,3.25,NR,Onion,1000,3000,2000
2019-10-31,10,0.8,NR,Onion,1000,3000,2000
2019-11-03,10,4.14,NR,Onion,1000,3000,2000
2019-11-04,10,11.26,NR,Onion,1000,3000,2000
2019-11-10,10,0.61,NR,Onion,1000,3000,2000
2019-11-13,10,4.5,NR,Onion,1000,3000,2000
2019-11-14,10,0.5,NR,Onion,1000,3000,2000
2019-11-15,10,4.5,NR,Onion,1000,3000,2000
2019-11-16,10,0.75,NR,Onion,2000,3000,2500
2019-11-19,10,5.13,NR,Onion,1000,3000,2000
2019-11-22,10,1.27,NR,Onion,1000,3000,2000
2019-11-24,10,5.32,NR,Onion,3000,5000,4000
2019-11-25,10,1,NR,Onion,3000,5000,4000
2019-11-26,10,0.74,NR,Onion,3000,5000,4000
2019-11-27,10,0.73,NR,Onion,3000,5000,4000
2019-11-28,10,4.68,NR,Onion,3000,5000,4000
2019-11-30,10,0.34,NR,Onion,3000,5000,4000
2019-12-01,10,2.72,NR, ,0,0,0
2019-12-03,10,4.73,NR, ,0,0,0
2019-12-04,10,4.18,NR, ,0,0,0
2019-12-05,10,10.05,NR, ,0,0,0
2019-12-08,10,1.04,NR, ,0,0,0
2019-12-10,10,1.38,NR, ,0,0,0
2019-12-13,10,5.82,NR, ,0,0,0
2019-12-14,10,0.4,NR, ,0,0,0
2019-12-17,10,3.81,NR, ,0,0,0
2019-12-18,10,0.5,NR, ,0,0,0
2019-12-19,10,2.9,NR, ,0,0,0
2019-12-24,10,1.75,NR, ,0,0,0
2019-12-25,10,1.54,NR, ,0,0,0
2019-12-28,10,3.14,NR, ,0,0,0
2019-12-29,10,7.35,NR, ,0,0,0
2020-01-02,10,2.09,NR,Onion,3000,7000,5000
2020-01-04,10,3.01,NR,Onion,6000,8000,7000
2020-01-05,10,10.72,NR,Onion,6000,8000,7000
2020-01-06,10,0.94,NR,Onion,4000,5000,4500
2020-01-07,10,1.06,NR,Onion,4000,5000,4500
2020-01-09,10,5.17,NR,Onion,4000,6000,5000
2020-01-10,10,2.82,NR,Onion,4000,6000,5000
2020-01-11,10,2.34,NR,Onion,4000,6000,5000
2020-01-12,10,1.44,NR,Onion,4000,6000,5000
2020-01-13,10,10.15,NR,Onion,4000,6000,5000
2020-01-14,10,2.04,NR,Onion,4000,6000,5000
2020-01-16,10,11.03,NR,Onion,3000,5000,4000
2020-01-19,10,5.86,NR,Onion,3000,5000,4000
2020-01-20,10,5.89,NR,Onion,4000,6000,5000
2020-01-21,10,2.77,NR,Onion,4000,6000,5000
2020-01-22,10,1.54,NR,Onion,4000,6000,5000
2020-01-23,10,5.43,NR,Onion,4000,6000,5000
2020-01-24,10,10.37,NR,Onion,4000,6000,5000
2020-01-26,10,6.43,NR,Onion,4000,6000,5000
2020-01-27,10,1.53,NR,Onion,4000,6000,5000
2020-01-28,10,2.8,NR,Onion,3000,5000,4000
2020-01-29,10,6.24,NR,Onion,4000,6000,5000
2020-01-30,10,1,NR,Onion,4000,6000,5000
2020-02-02,10,18.41,NR,Onion,1500,2500,2000
2020-02-03,10,0.95,NR,Onion,1800,2200,2000
2020-02-07,10,13.65,NR,Onion,3000,5000,4000
2020-02-09,10,7.71,NR,Onion,3000,5000,4000
2020-02-10,10,4.67,NR,Onion,2000,3000,2500
2020-02-11,10,4.56,NR,Onion,2000,3000,2500
2020-02-13,10,3.35,NR,Onion,1500,2500,2000
2020-02-14,10,8.27,NR,Onion,1500,2500,2000
2020-02-16,10,11.38,NR, ,0,0,0
2020-02-19,10,9.16,NR,Onion,2000,3000,2500
2020-02-21,10,12.07,NR,Onion,2000,3000,2500
2020-02-23,10,14.51,NR,Onion,2000,3000,2500
2020-02-25,10,5.85,NR,Onion,2000,3000,2500
2020-02-26,10,5.52,NR,Onion,2000,3000,2500
2020-03-01,10,11.74,NR, ,0,0,0
2020-03-03,10,8.59,NR, ,0,0,0
2020-03-05,10,11.14,NR, ,0,0,0
2020-03-08,10,16.43,NR, ,0,0,0
2020-03-13,10,4.41,NR, ,0,0,0
2020-03-15,10,27.31,NR, ,0,0,0
2020-03-17,10,9,NR, ,0,0,0
2020-03-18,10,7.79,NR, ,0,0,0
2020-04-19,10,0.2,NR, ,0,0,0
2020-04-19,10,0.2,NR, ,0,0,0
2020-04-20,10,1.2,NR, ,0,0,0
2020-04-20,10,1.2,NR, ,0,0,0
2020-04-25,10,1,NR, ,0,0,0
2020-04-25,10,1,NR, ,0,0,0
2020-04-26,10,3.8,NR, ,0,0,0
2020-04-26,10,3.8,NR, ,0,0,0
2020-04-27,10,1,NR, ,0,0,0
2020-04-27,10,1,NR, ,0,0,0
2020-05-06,10,1.25,NR, ,0,0,0
2020-05-07,10,4.02,NR, ,0,0,0
